ID,Nome,Email,Genero,Regiao
1,Larissa Santos Pinheiro,larissa.santos.pinheiro1@email.com,Feminino,BR
2,Vinicius Araujo Carvalho,vinicius.araujo.carvalho2@email.com,Masculino,BR
3,Beatriz Pinheiro Alves,beatriz.pinheiro.alves3@email.com,Feminino,BR
4,Marcelo Ferreira Fonseca,marcelo.ferreira.fonseca4@email.com,Masculino,BR
5,Luciana Oliveira Santos,luciana.oliveira.santos5@email.com,Feminino,BR
6,Bruno Dias Carvalho,bruno.dias.carvalho6@email.com,Masculino,BR
7,Aline Tavares Santos,aline.tavares.santos7@email.com,Feminino,BR
8,Rafael Gomes Correia,rafael.gomes.correia8@email.com,Masculino,BR
9,Gisele Cunha Carvalho,gisele.cunha.carvalho9@email.com,Feminino,BR
10,Renato Fonseca Nunes,renato.fonseca.nunes10@email.com,Masculino,BR
11,Maria Coelho Fernandes,maria.coelho.fernandes11@email.com,Feminino,BR
12,Thiago Nascimento Ramos,thiago.nascimento.ramos12@email.com,Masculino,BR
13,Monica Nunes Rocha,monica.nunes.rocha13@email.com,Feminino,BR
14,Marcos Coelho Teixeira,marcos.coelho.teixeira14@email.com,Masculino,BR
15,Amanda Ferreira Rodrigues,amanda.ferreira.rodrigues15@email.com,Feminino,BR
16,Lucas Freitas Melo,lucas.freitas.melo16@email.com,Masculino,BR
17,Sandra Tavares Mendes,sandra.tavares.mendes17@email.com,Feminino,BR
18,Carlos Matos Azevedo,carlos.matos.azevedo18@email.com,Masculino,BR
19,Gisele Lima Rodrigues,gisele.lima.rodrigues19@email.com,Feminino,BR
20,Bruno Pires Barbosa,bruno.pires.barbosa20@email.com,Masculino,BR
21,Andrea Campos Duarte,andrea.campos.duarte21@email.com,Feminino,BR
22,André Correia Pereira,andré.correia.pereira22@email.com,Masculino,BR
23,Juliana Siqueira Carvalho,juliana.siqueira.carvalho23@email.com,Feminino,BR
24,Rodrigo Ferreira Melo,rodrigo.ferreira.melo24@email.com,Masculino,BR
25,Cristina Alves Rodrigues,cristina.alves.rodrigues25@email.com,Feminino,BR
26,Vinicius Azevedo Morais,vinicius.azevedo.morais26@email.com,Masculino,BR
27,Carla Martins Campos,carla.martins.campos27@email.com,Feminino,BR
28,Paulo Dias Siqueira,paulo.dias.siqueira28@email.com,Masculino,BR
29,Sabrina Nascimento Brito,sabrina.nascimento.brito29@email.com,Feminino,BR
30,Ricardo Tavares Morais,ricardo.tavares.morais30@email.com,Masculino,BR
31,Mariana Castro Matos,mariana.castro.matos31@email.com,Feminino,BR
32,Gustavo Martins Azevedo,gustavo.martins.azevedo32@email.com,Masculino,BR
33,Daniela Nunes Morais,daniela.nunes.morais33@email.com,Feminino,BR
34,Rafael Carvalho Brito,rafael.carvalho.brito34@email.com,Masculino,BR
35,Simone Reis Macedo,simone.reis.macedo35@email.com,Feminino,BR
36,Roberto Carvalho Torres,roberto.carvalho.torres36@email.com,Masculino,BR
37,Juliana Fernandes Cardoso,juliana.fernandes.cardoso37@email.com,Feminino,BR
38,Leonardo Nunes Pereira,leonardo.nunes.pereira38@email.com,Masculino,BR
39,Tatiana Duarte Correia,tatiana.duarte.correia39@email.com,Feminino,BR
40,Diego Dias Vasconcelos,diego.dias.vasconcelos40@email.com,Masculino,BR
41,Pamela Moreira Vasconcelos,pamela.moreira.vasconcelos41@email.com,Feminino,BR
42,Caio Rocha Mendes,caio.rocha.mendes42@email.com,Masculino,BR
43,Beatriz Araujo Pinheiro,beatriz.araujo.pinheiro43@email.com,Feminino,BR
44,Rafael Castro Mendes,rafael.castro.mendes44@email.com,Masculino,BR
45,Rosana Ramos Fonseca,rosana.ramos.fonseca45@email.com,Feminino,BR
46,Leonardo Campos Carvalho,leonardo.campos.carvalho46@email.com,Masculino,BR
47,Beatriz Barros Rezende,beatriz.barros.rezende47@email.com,Feminino,BR
48,Bruno Coelho Costa,bruno.coelho.costa48@email.com,Masculino,BR
49,Larissa Rocha Morais,larissa.rocha.morais49@email.com,Feminino,BR
50,Thiago Xavier Brito,thiago.xavier.brito50@email.com,Masculino,BR
51,Luciana Tavares Pereira,luciana.tavares.pereira51@email.com,Feminino,BR
52,Alexandre Rodrigues Tavares,alexandre.rodrigues.tavares52@email.com,Masculino,BR
53,Bruna Moura Mendes,bruna.moura.mendes53@email.com,Feminino,BR
54,Rafael Silva Brito,rafael.silva.brito54@email.com,Masculino,BR
55,Larissa Brito Castro,larissa.brito.castro55@email.com,Feminino,BR
56,Vinicius Macedo Vasconcelos,vinicius.macedo.vasconcelos56@email.com,Masculino,BR
57,Monica Lima Barbosa,monica.lima.barbosa57@email.com,Feminino,BR
58,Guilherme Martins Azevedo,guilherme.martins.azevedo58@email.com,Masculino,BR
59,Maria Matos Matos,maria.matos.matos59@email.com,Feminino,BR
60,Henrique Barros Coelho,henrique.barros.coelho60@email.com,Masculino,BR
61,Vanessa Barros Alves,vanessa.barros.alves61@email.com,Feminino,BR
62,Leandro Reis Morais,leandro.reis.morais62@email.com,Masculino,BR
63,Aline Tavares Gomes,aline.tavares.gomes63@email.com,Feminino,BR
64,Rafael Campos Coelho,rafael.campos.coelho64@email.com,Masculino,BR
65,Mariana Castro Macedo,mariana.castro.macedo65@email.com,Feminino,BR
66,Francisco Silva Tavares,francisco.silva.tavares66@email.com,Masculino,BR
67,Simone Rezende Santos,simone.rezende.santos67@email.com,Feminino,BR
68,Felipe Campos Reis,felipe.campos.reis68@email.com,Masculino,BR
69,Raquel Araujo Costa,raquel.araujo.costa69@email.com,Feminino,BR
70,Gustavo Duarte Ferreira,gustavo.duarte.ferreira70@email.com,Masculino,BR
71,Camila Matos Rezende,camila.matos.rezende71@email.com,Feminino,BR
72,Ricardo Coelho Castro,ricardo.coelho.castro72@email.com,Masculino,BR
73,Beatriz Souza Siqueira,beatriz.souza.siqueira73@email.com,Feminino,BR
74,Fernando Pires Martins,fernando.pires.martins74@email.com,Masculino,BR
75,Adriana Moura Tavares,adriana.moura.tavares75@email.com,Feminino,BR
76,Guilherme Dias Castro,guilherme.dias.castro76@email.com,Masculino,BR
77,Renata Correia Monteiro,renata.correia.monteiro77@email.com,Feminino,BR
78,Leonardo Siqueira Vasconcelos,leonardo.siqueira.vasconcelos78@email.com,Masculino,BR
79,Carla Lopes Moura,carla.lopes.moura79@email.com,Feminino,BR
80,Renato Lima Araujo,renato.lima.araujo80@email.com,Masculino,BR
81,Cristina Pereira Teixeira,cristina.pereira.teixeira81@email.com,Feminino,BR
82,Pedro Fonseca Pires,pedro.fonseca.pires82@email.com,Masculino,BR
83,Cristina Fonseca Carvalho,cristina.fonseca.carvalho83@email.com,Feminino,BR
84,João Pereira Correia,joão.pereira.correia84@email.com,Masculino,BR
85,Fernanda Carvalho Pereira,fernanda.carvalho.pereira85@email.com,Feminino,BR
86,Carlos Teixeira Pereira,carlos.teixeira.pereira86@email.com,Masculino,BR
87,Aline Araujo Nunes,aline.araujo.nunes87@email.com,Feminino,BR
88,Antonio Dias Castro,antonio.dias.castro88@email.com,Masculino,BR
89,Beatriz Matos Duarte,beatriz.matos.duarte89@email.com,Feminino,BR
90,Sergio Machado Araujo,sergio.machado.araujo90@email.com,Masculino,BR
91,Thais Fernandes Cunha,thais.fernandes.cunha91@email.com,Feminino,BR
92,André Alves Alves,andré.alves.alves92@email.com,Masculino,BR
93,Luciana Freitas Ramos,luciana.freitas.ramos93@email.com,Feminino,BR
94,Matheus Azevedo Matos,matheus.azevedo.matos94@email.com,Masculino,BR
95,Fernanda Brito Vasconcelos,fernanda.brito.vasconcelos95@email.com,Feminino,BR
96,Lucas Costa Moreira,lucas.costa.moreira96@email.com,Masculino,BR
97,Monica Fernandes Alves,monica.fernandes.alves97@email.com,Feminino,BR
98,Gustavo Gomes Gomes,gustavo.gomes.gomes98@email.com,Masculino,BR
99,Gisele Lopes Souza,gisele.lopes.souza99@email.com,Feminino,BR
100,Guilherme Ribeiro Nunes,guilherme.ribeiro.nunes100@email.com,Masculino,BR
101,Bruna Araujo Pereira,bruna.araujo.pereira101@email.com,Feminino,BR
102,Renato Fernandes Melo,renato.fernandes.melo102@email.com,Masculino,BR
103,Tatiane Alves Costa,tatiane.alves.costa103@email.com,Feminino,BR
104,Marcelo Reis Silva,marcelo.reis.silva104@email.com,Masculino,BR
105,Camila Coelho Melo,camila.coelho.melo105@email.com,Feminino,BR
106,Gustavo Martins Cunha,gustavo.martins.cunha106@email.com,Masculino,BR
107,Pamela Machado Dias,pamela.machado.dias107@email.com,Feminino,BR
108,Leonardo Costa Martins,leonardo.costa.martins108@email.com,Masculino,BR
109,Daniela Silva Rodrigues,daniela.silva.rodrigues109@email.com,Feminino,BR
110,Henrique Xavier Xavier,henrique.xavier.xavier110@email.com,Masculino,BR
111,Bruna Barbosa Ramos,bruna.barbosa.ramos111@email.com,Feminino,BR
112,Rafael Siqueira Correia,rafael.siqueira.correia112@email.com,Masculino,BR
113,Pamela Rocha Gomes,pamela.rocha.gomes113@email.com,Feminino,BR
114,Rodrigo Dias Costa,rodrigo.dias.costa114@email.com,Masculino,BR
115,Rosana Pinheiro Castro,rosana.pinheiro.castro115@email.com,Feminino,BR
116,Roberto Pinheiro Cardoso,roberto.pinheiro.cardoso116@email.com,Masculino,BR
117,Fernanda Costa Fonseca,fernanda.costa.fonseca117@email.com,Feminino,BR
118,Fernando Barros Melo,fernando.barros.melo118@email.com,Masculino,BR
119,Fabiana Martins Costa,fabiana.martins.costa119@email.com,Feminino,BR
120,Jose Ferreira Melo,jose.ferreira.melo120@email.com,Masculino,BR
121,Vanessa Pereira Tavares,vanessa.pereira.tavares121@email.com,Feminino,BR
122,Ricardo Brito Araujo,ricardo.brito.araujo122@email.com,Masculino,BR
123,Carolina Lima Duarte,carolina.lima.duarte123@email.com,Feminino,BR
124,Gustavo Fonseca Tavares,gustavo.fonseca.tavares124@email.com,Masculino,BR
125,Juliana Guimaraes Ferreira,juliana.guimaraes.ferreira125@email.com,Feminino,BR
126,Matheus Siqueira Fonseca,matheus.siqueira.fonseca126@email.com,Masculino,BR
127,Eliane Moura Cardoso,eliane.moura.cardoso127@email.com,Feminino,BR
128,Henrique Dias Siqueira,henrique.dias.siqueira128@email.com,Masculino,BR
129,Simone Araujo Mendes,simone.araujo.mendes129@email.com,Feminino,BR
130,Leonardo Souza Siqueira,leonardo.souza.siqueira130@email.com,Masculino,BR
131,Raquel Azevedo Cardoso,raquel.azevedo.cardoso131@email.com,Feminino,BR
132,Ricardo Silva Azevedo,ricardo.silva.azevedo132@email.com,Masculino,BR
133,Andrea Duarte Alves,andrea.duarte.alves133@email.com,Feminino,BR
134,Ricardo Castro Dias,ricardo.castro.dias134@email.com,Masculino,BR
135,Aline Mendes Souza,aline.mendes.souza135@email.com,Feminino,BR
136,Paulo Pereira Araujo,paulo.pereira.araujo136@email.com,Masculino,BR
137,Carla Barbosa Martins,carla.barbosa.martins137@email.com,Feminino,BR
138,Renato Reis Castro,renato.reis.castro138@email.com,Masculino,BR
139,Raquel Guimaraes Fernandes,raquel.guimaraes.fernandes139@email.com,Feminino,BR
140,Francisco Silva Siqueira,francisco.silva.siqueira140@email.com,Masculino,BR
141,Tatiane Monteiro Siqueira,tatiane.monteiro.siqueira141@email.com,Feminino,BR
142,Lucas Souza Mendes,lucas.souza.mendes142@email.com,Masculino,BR
143,Larissa Alves Pinheiro,larissa.alves.pinheiro143@email.com,Feminino,BR
144,Rafael Rocha Nunes,rafael.rocha.nunes144@email.com,Masculino,BR
145,Leticia Tavares Dias,leticia.tavares.dias145@email.com,Feminino,BR
146,Igor Dias Brito,igor.dias.brito146@email.com,Masculino,BR
147,Adriana Barros Rezende,adriana.barros.rezende147@email.com,Feminino,BR
148,Henrique Melo Costa,henrique.melo.costa148@email.com,Masculino,BR
149,Camila Morais Ramos,camila.morais.ramos149@email.com,Feminino,BR
150,Vinicius Oliveira Silva,vinicius.oliveira.silva150@email.com,Masculino,BR
151,Monica Macedo Souza,monica.macedo.souza151@email.com,Feminino,BR
152,Henrique Martins Pinheiro,henrique.martins.pinheiro152@email.com,Masculino,BR
153,Jessica Pires Correia,jessica.pires.correia153@email.com,Feminino,BR
154,Guilherme Pires Silva,guilherme.pires.silva154@email.com,Masculino,BR
155,Larissa Pereira Nascimento,larissa.pereira.nascimento155@email.com,Feminino,BR
156,Rafael Castro Oliveira,rafael.castro.oliveira156@email.com,Masculino,BR
157,Carla Fonseca Pires,carla.fonseca.pires157@email.com,Feminino,BR
158,Rafael Ramos Souza,rafael.ramos.souza158@email.com,Masculino,BR
159,Juliana Monteiro Campos,juliana.monteiro.campos159@email.com,Feminino,BR
160,Carlos Freitas Dias,carlos.freitas.dias160@email.com,Masculino,BR
161,Priscila Siqueira Alves,priscila.siqueira.alves161@email.com,Feminino,BR
162,Paulo Macedo Pires,paulo.macedo.pires162@email.com,Masculino,BR
163,Bianca Guimaraes Pinheiro,bianca.guimaraes.pinheiro163@email.com,Feminino,BR
164,Rafael Araujo Martins,rafael.araujo.martins164@email.com,Masculino,BR
165,Vanessa Cunha Santos,vanessa.cunha.santos165@email.com,Feminino,BR
166,Daniel Pinheiro Teixeira,daniel.pinheiro.teixeira166@email.com,Masculino,BR
167,Bianca Fernandes Siqueira,bianca.fernandes.siqueira167@email.com,Feminino,BR
168,Gustavo Nunes Martins,gustavo.nunes.martins168@email.com,Masculino,BR
169,Amanda Rodrigues Oliveira,amanda.rodrigues.oliveira169@email.com,Feminino,BR
170,Fernando Carvalho Gomes,fernando.carvalho.gomes170@email.com,Masculino,BR
171,Bruna Freitas Monteiro,bruna.freitas.monteiro171@email.com,Feminino,BR
172,Eduardo Carvalho Santos,eduardo.carvalho.santos172@email.com,Masculino,BR
173,Renata Moreira Teixeira,renata.moreira.teixeira173@email.com,Feminino,BR
174,Vinicius Pereira Macedo,vinicius.pereira.macedo174@email.com,Masculino,BR
175,Sabrina Freitas Vasconcelos,sabrina.freitas.vasconcelos175@email.com,Feminino,BR
176,Jose Moreira Brito,jose.moreira.brito176@email.com,Masculino,BR
177,Gisele Teixeira Santos,gisele.teixeira.santos177@email.com,Feminino,BR
178,Felipe Mendes Ribeiro,felipe.mendes.ribeiro178@email.com,Masculino,BR
179,Rosana Mendes Oliveira,rosana.mendes.oliveira179@email.com,Feminino,BR
180,Lucas Tavares Ramos,lucas.tavares.ramos180@email.com,Masculino,BR
181,Sandra Matos Xavier,sandra.matos.xavier181@email.com,Feminino,BR
182,Diego Ramos Tavares,diego.ramos.tavares182@email.com,Masculino,BR
183,Aline Lima Rodrigues,aline.lima.rodrigues183@email.com,Feminino,BR
184,Sergio Gomes Mendes,sergio.gomes.mendes184@email.com,Masculino,BR
185,Juliana Correia Ramos,juliana.correia.ramos185@email.com,Feminino,BR
186,João Moura Fernandes,joão.moura.fernandes186@email.com,Masculino,BR
187,Gisele Brito Matos,gisele.brito.matos187@email.com,Feminino,BR
188,André Campos Ramos,andré.campos.ramos188@email.com,Masculino,BR
189,Patricia Siqueira Teixeira,patricia.siqueira.teixeira189@email.com,Feminino,BR
190,Cesar Cardoso Siqueira,cesar.cardoso.siqueira190@email.com,Masculino,BR
191,Larissa Matos Monteiro,larissa.matos.monteiro191@email.com,Feminino,BR
192,Jose Monteiro Siqueira,jose.monteiro.siqueira192@email.com,Masculino,BR
193,Bianca Cardoso Moreira,bianca.cardoso.moreira193@email.com,Feminino,BR
194,Rodrigo Pires Souza,rodrigo.pires.souza194@email.com,Masculino,BR
195,Renata Cunha Siqueira,renata.cunha.siqueira195@email.com,Feminino,BR
196,Alexandre Brito Pinheiro,alexandre.brito.pinheiro196@email.com,Masculino,BR
197,Vanessa Guimaraes Duarte,vanessa.guimaraes.duarte197@email.com,Feminino,BR
198,Leandro Moreira Pires,leandro.moreira.pires198@email.com,Masculino,BR
199,Maria Monteiro Barbosa,maria.monteiro.barbosa199@email.com,Feminino,BR
200,Marcos Ramos Xavier,marcos.ramos.xavier200@email.com,Masculino,BR
201,Rosana Tavares Vasconcelos,rosana.tavares.vasconcelos201@email.com,Feminino,BR
202,Diego Azevedo Lopes,diego.azevedo.lopes202@email.com,Masculino,BR
203,Jessica Brito Dias,jessica.brito.dias203@email.com,Feminino,BR
204,Jose Machado Xavier,jose.machado.xavier204@email.com,Masculino,BR
205,Mariana Siqueira Ferreira,mariana.siqueira.ferreira205@email.com,Feminino,BR
206,Rodrigo Barros Siqueira,rodrigo.barros.siqueira206@email.com,Masculino,BR
207,Andrea Teixeira Ferreira,andrea.teixeira.ferreira207@email.com,Feminino,BR
208,Gustavo Brito Monteiro,gustavo.brito.monteiro208@email.com,Masculino,BR
209,Cristina Fernandes Gomes,cristina.fernandes.gomes209@email.com,Feminino,BR
210,Rafael Santos Oliveira,rafael.santos.oliveira210@email.com,Masculino,BR
211,Priscila Machado Guimaraes,priscila.machado.guimaraes211@email.com,Feminino,BR
212,Ricardo Azevedo Cunha,ricardo.azevedo.cunha212@email.com,Masculino,BR
213,Eliane Gomes Correia,eliane.gomes.correia213@email.com,Feminino,BR
214,Alexandre Rezende Moreira,alexandre.rezende.moreira214@email.com,Masculino,BR
215,Priscila Rocha Vasconcelos,priscila.rocha.vasconcelos215@email.com,Feminino,BR
216,João Coelho Macedo,joão.coelho.macedo216@email.com,Masculino,BR
217,Amanda Macedo Ramos,amanda.macedo.ramos217@email.com,Feminino,BR
218,Eduardo Ribeiro Fernandes,eduardo.ribeiro.fernandes218@email.com,Masculino,BR
219,Fabiana Azevedo Costa,fabiana.azevedo.costa219@email.com,Feminino,BR
220,Rafael Araujo Melo,rafael.araujo.melo220@email.com,Masculino,BR
221,Larissa Azevedo Souza,larissa.azevedo.souza221@email.com,Feminino,BR
222,Caio Siqueira Moura,caio.siqueira.moura222@email.com,Masculino,BR
223,Tatiane Tavares Cardoso,tatiane.tavares.cardoso223@email.com,Feminino,BR
224,Renato Guimaraes Torres,renato.guimaraes.torres224@email.com,Masculino,BR
225,Aline Ramos Reis,aline.ramos.reis225@email.com,Feminino,BR
226,Rafael Lopes Martins,rafael.lopes.martins226@email.com,Masculino,BR
227,Thais Lopes Mendes,thais.lopes.mendes227@email.com,Feminino,BR
228,Gustavo Reis Morais,gustavo.reis.morais228@email.com,Masculino,BR
229,Sabrina Macedo Macedo,sabrina.macedo.macedo229@email.com,Feminino,BR
230,Francisco Rezende Morais,francisco.rezende.morais230@email.com,Masculino,BR
231,Priscila Nunes Lopes,priscila.nunes.lopes231@email.com,Feminino,BR
232,Ricardo Correia Barbosa,ricardo.correia.barbosa232@email.com,Masculino,BR
233,Priscila Nunes Teixeira,priscila.nunes.teixeira233@email.com,Feminino,BR
234,Diego Castro Ferreira,diego.castro.ferreira234@email.com,Masculino,BR
235,Beatriz Rocha Carvalho,beatriz.rocha.carvalho235@email.com,Feminino,BR
236,Alexandre Nascimento Rocha,alexandre.nascimento.rocha236@email.com,Masculino,BR
237,Tatiana Pereira Cunha,tatiana.pereira.cunha237@email.com,Feminino,BR
238,Matheus Teixeira Castro,matheus.teixeira.castro238@email.com,Masculino,BR
239,Bruna Cunha Costa,bruna.cunha.costa239@email.com,Feminino,BR
240,Marcos Reis Cunha,marcos.reis.cunha240@email.com,Masculino,BR
241,Daniela Macedo Fonseca,daniela.macedo.fonseca241@email.com,Feminino,BR
242,Pedro Melo Coelho,pedro.melo.coelho242@email.com,Masculino,BR
243,Eliane Rodrigues Machado,eliane.rodrigues.machado243@email.com,Feminino,BR
244,João Freitas Monteiro,joão.freitas.monteiro244@email.com,Masculino,BR
245,Daniela Melo Reis,daniela.melo.reis245@email.com,Feminino,BR
246,Matheus Castro Pinheiro,matheus.castro.pinheiro246@email.com,Masculino,BR
247,Gisele Fernandes Tavares,gisele.fernandes.tavares247@email.com,Feminino,BR
248,Eduardo Rezende Carvalho,eduardo.rezende.carvalho248@email.com,Masculino,BR
249,Sabrina Ramos Rezende,sabrina.ramos.rezende249@email.com,Feminino,BR
250,Pedro Rodrigues Teixeira,pedro.rodrigues.teixeira250@email.com,Masculino,BR
251,Carolina Matos Martins,carolina.matos.martins251@email.com,Feminino,BR
252,Caio Souza Guimaraes,caio.souza.guimaraes252@email.com,Masculino,BR
253,Gisele Santos Moreira,gisele.santos.moreira253@email.com,Feminino,BR
254,Mauricio Duarte Siqueira,mauricio.duarte.siqueira254@email.com,Masculino,BR
255,Ana Ferreira Vasconcelos,ana.ferreira.vasconcelos255@email.com,Feminino,BR
256,Guilherme Souza Azevedo,guilherme.souza.azevedo256@email.com,Masculino,BR
257,Vanessa Costa Mendes,vanessa.costa.mendes257@email.com,Feminino,BR
258,Alexandre Cardoso Dias,alexandre.cardoso.dias258@email.com,Masculino,BR
259,Bruna Cardoso Teixeira,bruna.cardoso.teixeira259@email.com,Feminino,BR
260,Alexandre Nunes Coelho,alexandre.nunes.coelho260@email.com,Masculino,BR
261,Bianca Mendes Reis,bianca.mendes.reis261@email.com,Feminino,BR
262,Bruno Machado Santos,bruno.machado.santos262@email.com,Masculino,BR
263,Gisele Costa Freitas,gisele.costa.freitas263@email.com,Feminino,BR
264,Eduardo Vasconcelos Pereira,eduardo.vasconcelos.pereira264@email.com,Masculino,BR
265,Juliana Coelho Santos,juliana.coelho.santos265@email.com,Feminino,BR
266,Gustavo Gomes Reis,gustavo.gomes.reis266@email.com,Masculino,BR
267,Ana Guimaraes Rocha,ana.guimaraes.rocha267@email.com,Feminino,BR
268,Gustavo Souza Machado,gustavo.souza.machado268@email.com,Masculino,BR
269,Larissa Duarte Dias,larissa.duarte.dias269@email.com,Feminino,BR
270,Caio Nascimento Mendes,caio.nascimento.mendes270@email.com,Masculino,BR
271,Carla Martins Tavares,carla.martins.tavares271@email.com,Feminino,BR
272,Wagner Pinheiro Correia,wagner.pinheiro.correia272@email.com,Masculino,BR
273,Larissa Macedo Torres,larissa.macedo.torres273@email.com,Feminino,BR
274,Thiago Monteiro Alves,thiago.monteiro.alves274@email.com,Masculino,BR
275,Rosana Santos Monteiro,rosana.santos.monteiro275@email.com,Feminino,BR
276,Sergio Brito Rodrigues,sergio.brito.rodrigues276@email.com,Masculino,BR
277,Carolina Correia Gomes,carolina.correia.gomes277@email.com,Feminino,BR
278,Ricardo Fonseca Nascimento,ricardo.fonseca.nascimento278@email.com,Masculino,BR
279,Priscila Alves Nascimento,priscila.alves.nascimento279@email.com,Feminino,BR
280,Leandro Melo Brito,leandro.melo.brito280@email.com,Masculino,BR
281,Claudia Fernandes Lima,claudia.fernandes.lima281@email.com,Feminino,BR
282,Sergio Xavier Oliveira,sergio.xavier.oliveira282@email.com,Masculino,BR
283,Sandra Castro Ramos,sandra.castro.ramos283@email.com,Feminino,BR
284,Fabio Pereira Barros,fabio.pereira.barros284@email.com,Masculino,BR
285,Monica Silva Melo,monica.silva.melo285@email.com,Feminino,BR
286,Matheus Torres Rezende,matheus.torres.rezende286@email.com,Masculino,BR
287,Amanda Ramos Campos,amanda.ramos.campos287@email.com,Feminino,BR
288,Caio Correia Rocha,caio.correia.rocha288@email.com,Masculino,BR
289,Luciana Ribeiro Matos,luciana.ribeiro.matos289@email.com,Feminino,BR
290,Francisco Vasconcelos Nunes,francisco.vasconcelos.nunes290@email.com,Masculino,BR
291,Andrea Fernandes Castro,andrea.fernandes.castro291@email.com,Feminino,BR
292,Fernando Azevedo Ramos,fernando.azevedo.ramos292@email.com,Masculino,BR
293,Rosana Nunes Cardoso,rosana.nunes.cardoso293@email.com,Feminino,BR
294,Gustavo Reis Ferreira,gustavo.reis.ferreira294@email.com,Masculino,BR
295,Sabrina Lopes Araujo,sabrina.lopes.araujo295@email.com,Feminino,BR
296,Caio Duarte Guimaraes,caio.duarte.guimaraes296@email.com,Masculino,BR
297,Daniela Teixeira Santos,daniela.teixeira.santos297@email.com,Feminino,BR
298,Antonio Melo Cardoso,antonio.melo.cardoso298@email.com,Masculino,BR
299,Vanessa Rezende Dias,vanessa.rezende.dias299@email.com,Feminino,BR
300,Paulo Fernandes Mendes,paulo.fernandes.mendes300@email.com,Masculino,BR
301,Monica Nunes Tavares,monica.nunes.tavares301@email.com,Feminino,BR
302,Vinicius Pires Silva,vinicius.pires.silva302@email.com,Masculino,BR
303,Fabiana Gomes Ferreira,fabiana.gomes.ferreira303@email.com,Feminino,BR
304,Gustavo Matos Cunha,gustavo.matos.cunha304@email.com,Masculino,BR
305,Pamela Pires Coelho,pamela.pires.coelho305@email.com,Feminino,BR
306,Gustavo Nascimento Machado,gustavo.nascimento.machado306@email.com,Masculino,BR
307,Pamela Lopes Xavier,pamela.lopes.xavier307@email.com,Feminino,BR
308,Pedro Ferreira Barbosa,pedro.ferreira.barbosa308@email.com,Masculino,BR
309,Cristina Moreira Nascimento,cristina.moreira.nascimento309@email.com,Feminino,BR
310,Gustavo Monteiro Siqueira,gustavo.monteiro.siqueira310@email.com,Masculino,BR
311,Rosana Campos Machado,rosana.campos.machado311@email.com,Feminino,BR
312,Rafael Moura Freitas,rafael.moura.freitas312@email.com,Masculino,BR
313,Luciana Pinheiro Pires,luciana.pinheiro.pires313@email.com,Feminino,BR
314,Igor Freitas Nascimento,igor.freitas.nascimento314@email.com,Masculino,BR
315,Bruna Nunes Monteiro,bruna.nunes.monteiro315@email.com,Feminino,BR
316,Henrique Carvalho Lima,henrique.carvalho.lima316@email.com,Masculino,BR
317,Renata Cardoso Lima,renata.cardoso.lima317@email.com,Feminino,BR
318,Marcelo Coelho Nascimento,marcelo.coelho.nascimento318@email.com,Masculino,BR
319,Vanessa Gomes Dias,vanessa.gomes.dias319@email.com,Feminino,BR
320,Fernando Nunes Matos,fernando.nunes.matos320@email.com,Masculino,BR
321,Rosana Coelho Moura,rosana.coelho.moura321@email.com,Feminino,BR
322,Wagner Barbosa Alves,wagner.barbosa.alves322@email.com,Masculino,BR
323,Renata Barbosa Carvalho,renata.barbosa.carvalho323@email.com,Feminino,BR
324,Fabio Ribeiro Monteiro,fabio.ribeiro.monteiro324@email.com,Masculino,BR
325,Maria Correia Castro,maria.correia.castro325@email.com,Feminino,BR
326,Gabriel Nunes Oliveira,gabriel.nunes.oliveira326@email.com,Masculino,BR
327,Fernanda Pires Barbosa,fernanda.pires.barbosa327@email.com,Feminino,BR
328,Gabriel Morais Coelho,gabriel.morais.coelho328@email.com,Masculino,BR
329,Pamela Alves Silva,pamela.alves.silva329@email.com,Feminino,BR
330,Sergio Barbosa Machado,sergio.barbosa.machado330@email.com,Masculino,BR
331,Thais Lopes Teixeira,thais.lopes.teixeira331@email.com,Feminino,BR
332,Daniel Costa Mendes,daniel.costa.mendes332@email.com,Masculino,BR
333,Thais Lima Torres,thais.lima.torres333@email.com,Feminino,BR
334,Ricardo Moreira Rezende,ricardo.moreira.rezende334@email.com,Masculino,BR
335,Patricia Duarte Morais,patricia.duarte.morais335@email.com,Feminino,BR
336,Roberto Rocha Rocha,roberto.rocha.rocha336@email.com,Masculino,BR
337,Eliane Monteiro Ferreira,eliane.monteiro.ferreira337@email.com,Feminino,BR
338,Gustavo Lima Pires,gustavo.lima.pires338@email.com,Masculino,BR
339,Bianca Tavares Tavares,bianca.tavares.tavares339@email.com,Feminino,BR
340,Cesar Carvalho Macedo,cesar.carvalho.macedo340@email.com,Masculino,BR
341,Fabiana Rodrigues Lopes,fabiana.rodrigues.lopes341@email.com,Feminino,BR
342,Renato Monteiro Fonseca,renato.monteiro.fonseca342@email.com,Masculino,BR
343,Luciana Monteiro Duarte,luciana.monteiro.duarte343@email.com,Feminino,BR
344,Cesar Costa Guimaraes,cesar.costa.guimaraes344@email.com,Masculino,BR
345,Amanda Coelho Dias,amanda.coelho.dias345@email.com,Feminino,BR
346,Marcos Mendes Siqueira,marcos.mendes.siqueira346@email.com,Masculino,BR
347,Camila Martins Araujo,camila.martins.araujo347@email.com,Feminino,BR
348,Daniel Pires Pereira,daniel.pires.pereira348@email.com,Masculino,BR
349,Mariana Silva Cunha,mariana.silva.cunha349@email.com,Feminino,BR
350,Renato Nascimento Tavares,renato.nascimento.tavares350@email.com,Masculino,BR
351,Thais Barbosa Oliveira,thais.barbosa.oliveira351@email.com,Feminino,BR
352,Eduardo Barbosa Correia,eduardo.barbosa.correia352@email.com,Masculino,BR
353,Leticia Nascimento Azevedo,leticia.nascimento.azevedo353@email.com,Feminino,BR
354,Ricardo Brito Carvalho,ricardo.brito.carvalho354@email.com,Masculino,BR
355,Adriana Xavier Xavier,adriana.xavier.xavier355@email.com,Feminino,BR
356,Mauricio Siqueira Fernandes,mauricio.siqueira.fernandes356@email.com,Masculino,BR
357,Renata Ramos Lima,renata.ramos.lima357@email.com,Feminino,BR
358,Marcelo Carvalho Vasconcelos,marcelo.carvalho.vasconcelos358@email.com,Masculino,BR
359,Isabela Nunes Torres,isabela.nunes.torres359@email.com,Feminino,BR
360,Rafael Pereira Costa,rafael.pereira.costa360@email.com,Masculino,BR
361,Mariana Xavier Monteiro,mariana.xavier.monteiro361@email.com,Feminino,BR
362,Wagner Pinheiro Torres,wagner.pinheiro.torres362@email.com,Masculino,BR
363,Eliane Barbosa Lopes,eliane.barbosa.lopes363@email.com,Feminino,BR
364,Felipe Azevedo Nascimento,felipe.azevedo.nascimento364@email.com,Masculino,BR
365,Raquel Nascimento Moreira,raquel.nascimento.moreira365@email.com,Feminino,BR
366,Vinicius Barros Castro,vinicius.barros.castro366@email.com,Masculino,BR
367,Pamela Lopes Ferreira,pamela.lopes.ferreira367@email.com,Feminino,BR
368,Wagner Oliveira Ramos,wagner.oliveira.ramos368@email.com,Masculino,BR
369,Simone Tavares Mendes,simone.tavares.mendes369@email.com,Feminino,BR
370,Pedro Ferreira Carvalho,pedro.ferreira.carvalho370@email.com,Masculino,BR
371,Eliane Fonseca Santos,eliane.fonseca.santos371@email.com,Feminino,BR
372,Vinicius Duarte Oliveira,vinicius.duarte.oliveira372@email.com,Masculino,BR
373,Vanessa Machado Moura,vanessa.machado.moura373@email.com,Feminino,BR
374,Renato Nunes Ribeiro,renato.nunes.ribeiro374@email.com,Masculino,BR
375,Rosana Ramos Morais,rosana.ramos.morais375@email.com,Feminino,BR
376,Antonio Ferreira Machado,antonio.ferreira.machado376@email.com,Masculino,BR
377,Sandra Cunha Teixeira,sandra.cunha.teixeira377@email.com,Feminino,BR
378,Diego Siqueira Alves,diego.siqueira.alves378@email.com,Masculino,BR
379,Mariana Teixeira Cunha,mariana.teixeira.cunha379@email.com,Feminino,BR
380,Antonio Barbosa Siqueira,antonio.barbosa.siqueira380@email.com,Masculino,BR
381,Carolina Torres Coelho,carolina.torres.coelho381@email.com,Feminino,BR
382,Rafael Oliveira Azevedo,rafael.oliveira.azevedo382@email.com,Masculino,BR
383,Camila Cardoso Mendes,camila.cardoso.mendes383@email.com,Feminino,BR
384,Diego Lima Macedo,diego.lima.macedo384@email.com,Masculino,BR
385,Carolina Barros Torres,carolina.barros.torres385@email.com,Feminino,BR
386,João Siqueira Castro,joão.siqueira.castro386@email.com,Masculino,BR
387,Bruna Cunha Costa,bruna.cunha.costa387@email.com,Feminino,BR
388,André Moura Campos,andré.moura.campos388@email.com,Masculino,BR
389,Andrea Coelho Rezende,andrea.coelho.rezende389@email.com,Feminino,BR
390,Renato Coelho Costa,renato.coelho.costa390@email.com,Masculino,BR
391,Tatiana Nunes Pires,tatiana.nunes.pires391@email.com,Feminino,BR
392,Gabriel Barbosa Lopes,gabriel.barbosa.lopes392@email.com,Masculino,BR
393,Pamela Lima Santos,pamela.lima.santos393@email.com,Feminino,BR
394,Wagner Fernandes Araujo,wagner.fernandes.araujo394@email.com,Masculino,BR
395,Mariana Monteiro Pires,mariana.monteiro.pires395@email.com,Feminino,BR
396,João Pires Cunha,joão.pires.cunha396@email.com,Masculino,BR
397,Camila Carvalho Reis,camila.carvalho.reis397@email.com,Feminino,BR
398,Felipe Azevedo Lima,felipe.azevedo.lima398@email.com,Masculino,BR
399,Isabela Rezende Correia,isabela.rezende.correia399@email.com,Feminino,BR
400,Rodrigo Barros Correia,rodrigo.barros.correia400@email.com,Masculino,BR
401,Sabrina Cunha Reis,sabrina.cunha.reis401@email.com,Feminino,BR
402,Fernando Machado Araujo,fernando.machado.araujo402@email.com,Masculino,BR
403,Bruna Pires Rocha,bruna.pires.rocha403@email.com,Feminino,BR
404,Alexandre Gomes Tavares,alexandre.gomes.tavares404@email.com,Masculino,BR
405,Aline Pinheiro Souza,aline.pinheiro.souza405@email.com,Feminino,BR
406,Ricardo Nunes Macedo,ricardo.nunes.macedo406@email.com,Masculino,BR
407,Bianca Teixeira Xavier,bianca.teixeira.xavier407@email.com,Feminino,BR
408,Jose Nunes Torres,jose.nunes.torres408@email.com,Masculino,BR
409,Maria Barbosa Matos,maria.barbosa.matos409@email.com,Feminino,BR
410,Leandro Reis Fonseca,leandro.reis.fonseca410@email.com,Masculino,BR
411,Rosana Siqueira Rezende,rosana.siqueira.rezende411@email.com,Feminino,BR
412,Rafael Lopes Castro,rafael.lopes.castro412@email.com,Masculino,BR
413,Thais Freitas Teixeira,thais.freitas.teixeira413@email.com,Feminino,BR
414,Rafael Coelho Castro,rafael.coelho.castro414@email.com,Masculino,BR
415,Daniela Azevedo Cardoso,daniela.azevedo.cardoso415@email.com,Feminino,BR
416,André Nascimento Araujo,andré.nascimento.araujo416@email.com,Masculino,BR
417,Eliane Rodrigues Carvalho,eliane.rodrigues.carvalho417@email.com,Feminino,BR
418,Matheus Oliveira Cardoso,matheus.oliveira.cardoso418@email.com,Masculino,BR
419,Thais Correia Fernandes,thais.correia.fernandes419@email.com,Feminino,BR
420,Alexandre Rodrigues Siqueira,alexandre.rodrigues.siqueira420@email.com,Masculino,BR
421,Isabela Rezende Oliveira,isabela.rezende.oliveira421@email.com,Feminino,BR
422,Gabriel Barros Fonseca,gabriel.barros.fonseca422@email.com,Masculino,BR
423,Monica Alves Melo,monica.alves.melo423@email.com,Feminino,BR
424,Renato Alves Moura,renato.alves.moura424@email.com,Masculino,BR
425,Bruna Silva Matos,bruna.silva.matos425@email.com,Feminino,BR
426,Rafael Cunha Vasconcelos,rafael.cunha.vasconcelos426@email.com,Masculino,BR
427,Isabela Pereira Machado,isabela.pereira.machado427@email.com,Feminino,BR
428,Henrique Teixeira Guimaraes,henrique.teixeira.guimaraes428@email.com,Masculino,BR
429,Carolina Vasconcelos Ferreira,carolina.vasconcelos.ferreira429@email.com,Feminino,BR
430,Igor Melo Brito,igor.melo.brito430@email.com,Masculino,BR
431,Gisele Rodrigues Cardoso,gisele.rodrigues.cardoso431@email.com,Feminino,BR
432,Antonio Castro Oliveira,antonio.castro.oliveira432@email.com,Masculino,BR
433,Andrea Pereira Araujo,andrea.pereira.araujo433@email.com,Feminino,BR
434,Rodrigo Carvalho Pinheiro,rodrigo.carvalho.pinheiro434@email.com,Masculino,BR
435,Camila Ramos Alves,camila.ramos.alves435@email.com,Feminino,BR
436,Lucas Lopes Martins,lucas.lopes.martins436@email.com,Masculino,BR
437,Raquel Santos Oliveira,raquel.santos.oliveira437@email.com,Feminino,BR
438,Diego Xavier Costa,diego.xavier.costa438@email.com,Masculino,BR
439,Leticia Freitas Campos,leticia.freitas.campos439@email.com,Feminino,BR
440,Guilherme Rocha Araujo,guilherme.rocha.araujo440@email.com,Masculino,BR
441,Fabiana Cunha Duarte,fabiana.cunha.duarte441@email.com,Feminino,BR
442,Daniel Martins Ribeiro,daniel.martins.ribeiro442@email.com,Masculino,BR
443,Camila Guimaraes Rodrigues,camila.guimaraes.rodrigues443@email.com,Feminino,BR
444,Cesar Brito Araujo,cesar.brito.araujo444@email.com,Masculino,BR
445,Pamela Fonseca Rocha,pamela.fonseca.rocha445@email.com,Feminino,BR
446,Eduardo Azevedo Morais,eduardo.azevedo.morais446@email.com,Masculino,BR
447,Adriana Azevedo Mendes,adriana.azevedo.mendes447@email.com,Feminino,BR
448,João Fernandes Azevedo,joão.fernandes.azevedo448@email.com,Masculino,BR
449,Leticia Brito Castro,leticia.brito.castro449@email.com,Feminino,BR
450,Thiago Pereira Lopes,thiago.pereira.lopes450@email.com,Masculino,BR
451,Sandra Fonseca Monteiro,sandra.fonseca.monteiro451@email.com,Feminino,BR
452,Guilherme Nascimento Mendes,guilherme.nascimento.mendes452@email.com,Masculino,BR
453,Bruna Melo Monteiro,bruna.melo.monteiro453@email.com,Feminino,BR
454,André Rodrigues Melo,andré.rodrigues.melo454@email.com,Masculino,BR
455,Thais Alves Araujo,thais.alves.araujo455@email.com,Feminino,BR
456,Alexandre Duarte Freitas,alexandre.duarte.freitas456@email.com,Masculino,BR
457,Eliane Barbosa Nascimento,eliane.barbosa.nascimento457@email.com,Feminino,BR
458,Rodrigo Santos Reis,rodrigo.santos.reis458@email.com,Masculino,BR
459,Carolina Nunes Silva,carolina.nunes.silva459@email.com,Feminino,BR
460,Sergio Brito Macedo,sergio.brito.macedo460@email.com,Masculino,BR
461,Fernanda Tavares Pinheiro,fernanda.tavares.pinheiro461@email.com,Feminino,BR
462,Antonio Reis Barbosa,antonio.reis.barbosa462@email.com,Masculino,BR
463,Cristina Tavares Fernandes,cristina.tavares.fernandes463@email.com,Feminino,BR
464,Paulo Carvalho Morais,paulo.carvalho.morais464@email.com,Masculino,BR
465,Renata Guimaraes Mendes,renata.guimaraes.mendes465@email.com,Feminino,BR
466,Gabriel Morais Alves,gabriel.morais.alves466@email.com,Masculino,BR
467,Juliana Monteiro Xavier,juliana.monteiro.xavier467@email.com,Feminino,BR
468,Renato Oliveira Fonseca,renato.oliveira.fonseca468@email.com,Masculino,BR
469,Carla Matos Souza,carla.matos.souza469@email.com,Feminino,BR
470,Bruno Barbosa Cardoso,bruno.barbosa.cardoso470@email.com,Masculino,BR
471,Bianca Ribeiro Gomes,bianca.ribeiro.gomes471@email.com,Feminino,BR
472,Gabriel Xavier Castro,gabriel.xavier.castro472@email.com,Masculino,BR
473,Carla Moura Barros,carla.moura.barros473@email.com,Feminino,BR
474,Vinicius Reis Martins,vinicius.reis.martins474@email.com,Masculino,BR
475,Adriana Torres Machado,adriana.torres.machado475@email.com,Feminino,BR
476,Rodrigo Pinheiro Teixeira,rodrigo.pinheiro.teixeira476@email.com,Masculino,BR
477,Larissa Azevedo Pereira,larissa.azevedo.pereira477@email.com,Feminino,BR
478,Rafael Coelho Carvalho,rafael.coelho.carvalho478@email.com,Masculino,BR
479,Carolina Melo Fernandes,carolina.melo.fernandes479@email.com,Feminino,BR
480,Rafael Campos Ferreira,rafael.campos.ferreira480@email.com,Masculino,BR
481,Carolina Silva Mendes,carolina.silva.mendes481@email.com,Feminino,BR
482,Marcelo Lima Azevedo,marcelo.lima.azevedo482@email.com,Masculino,BR
483,Carla Brito Pinheiro,carla.brito.pinheiro483@email.com,Feminino,BR
484,Henrique Fonseca Rodrigues,henrique.fonseca.rodrigues484@email.com,Masculino,BR
485,Carla Alves Brito,carla.alves.brito485@email.com,Feminino,BR
486,Eduardo Machado Santos,eduardo.machado.santos486@email.com,Masculino,BR
487,Andrea Pires Cardoso,andrea.pires.cardoso487@email.com,Feminino,BR
488,Cesar Carvalho Vasconcelos,cesar.carvalho.vasconcelos488@email.com,Masculino,BR
489,Patricia Morais Torres,patricia.morais.torres489@email.com,Feminino,BR
490,Caio Nascimento Monteiro,caio.nascimento.monteiro490@email.com,Masculino,BR
491,Bianca Lima Souza,bianca.lima.souza491@email.com,Feminino,BR
492,Carlos Oliveira Monteiro,carlos.oliveira.monteiro492@email.com,Masculino,BR
493,Pamela Lima Alves,pamela.lima.alves493@email.com,Feminino,BR
494,Gustavo Castro Souza,gustavo.castro.souza494@email.com,Masculino,BR
495,Daniela Azevedo Campos,daniela.azevedo.campos495@email.com,Feminino,BR
496,Marcelo Cunha Fonseca,marcelo.cunha.fonseca496@email.com,Masculino,BR
497,Isabela Cunha Vasconcelos,isabela.cunha.vasconcelos497@email.com,Feminino,BR
498,Lucas Reis Rezende,lucas.reis.rezende498@email.com,Masculino,BR
499,Andrea Cunha Nunes,andrea.cunha.nunes499@email.com,Feminino,BR
500,Carlos Nascimento Campos,carlos.nascimento.campos500@email.com,Masculino,BR
501,Tatiana Lopes Lopes,tatiana.lopes.lopes501@email.com,Feminino,BR
502,Gustavo Melo Campos,gustavo.melo.campos502@email.com,Masculino,BR
503,Amanda Brito Campos,amanda.brito.campos503@email.com,Feminino,BR
504,Marcelo Vasconcelos Freitas,marcelo.vasconcelos.freitas504@email.com,Masculino,BR
505,Fernanda Moreira Nunes,fernanda.moreira.nunes505@email.com,Feminino,BR
506,André Lima Melo,andré.lima.melo506@email.com,Masculino,BR
507,Bruna Ferreira Siqueira,bruna.ferreira.siqueira507@email.com,Feminino,BR
508,Marcos Vasconcelos Morais,marcos.vasconcelos.morais508@email.com,Masculino,BR
509,Claudia Santos Costa,claudia.santos.costa509@email.com,Feminino,BR
510,Igor Araujo Souza,igor.araujo.souza510@email.com,Masculino,BR
511,Eliane Dias Pereira,eliane.dias.pereira511@email.com,Feminino,BR
512,Rafael Dias Fonseca,rafael.dias.fonseca512@email.com,Masculino,BR
513,Tatiana Torres Carvalho,tatiana.torres.carvalho513@email.com,Feminino,BR
514,Igor Macedo Rocha,igor.macedo.rocha514@email.com,Masculino,BR
515,Claudia Silva Nunes,claudia.silva.nunes515@email.com,Feminino,BR
516,Rafael Souza Castro,rafael.souza.castro516@email.com,Masculino,BR
517,Adriana Fernandes Ribeiro,adriana.fernandes.ribeiro517@email.com,Feminino,BR
518,Felipe Siqueira Santos,felipe.siqueira.santos518@email.com,Masculino,BR
519,Beatriz Silva Freitas,beatriz.silva.freitas519@email.com,Feminino,BR
520,Gustavo Fonseca Cardoso,gustavo.fonseca.cardoso520@email.com,Masculino,BR
521,Ana Ribeiro Mendes,ana.ribeiro.mendes521@email.com,Feminino,BR
522,Roberto Souza Pinheiro,roberto.souza.pinheiro522@email.com,Masculino,BR
523,Bianca Moura Lima,bianca.moura.lima523@email.com,Feminino,BR
524,Ricardo Machado Lopes,ricardo.machado.lopes524@email.com,Masculino,BR
525,Carla Barros Fonseca,carla.barros.fonseca525@email.com,Feminino,BR
526,Lucas Lopes Barros,lucas.lopes.barros526@email.com,Masculino,BR
527,Cristina Guimaraes Oliveira,cristina.guimaraes.oliveira527@email.com,Feminino,BR
528,Francisco Monteiro Azevedo,francisco.monteiro.azevedo528@email.com,Masculino,BR
529,Ana Costa Machado,ana.costa.machado529@email.com,Feminino,BR
530,Leonardo Ramos Brito,leonardo.ramos.brito530@email.com,Masculino,BR
531,Amanda Rezende Correia,amanda.rezende.correia531@email.com,Feminino,BR
532,Renato Pereira Ferreira,renato.pereira.ferreira532@email.com,Masculino,BR
533,Simone Tavares Rocha,simone.tavares.rocha533@email.com,Feminino,BR
534,Ricardo Souza Nunes,ricardo.souza.nunes534@email.com,Masculino,BR
535,Andrea Morais Fonseca,andrea.morais.fonseca535@email.com,Feminino,BR
536,Rafael Correia Cardoso,rafael.correia.cardoso536@email.com,Masculino,BR
537,Daniela Tavares Moura,daniela.tavares.moura537@email.com,Feminino,BR
538,Rodrigo Azevedo Barros,rodrigo.azevedo.barros538@email.com,Masculino,BR
539,Claudia Ramos Alves,claudia.ramos.alves539@email.com,Feminino,BR
540,Felipe Melo Vasconcelos,felipe.melo.vasconcelos540@email.com,Masculino,BR
541,Tatiane Matos Dias,tatiane.matos.dias541@email.com,Feminino,BR
542,Guilherme Lopes Carvalho,guilherme.lopes.carvalho542@email.com,Masculino,BR
543,Bianca Teixeira Torres,bianca.teixeira.torres543@email.com,Feminino,BR
544,Caio Moreira Cunha,caio.moreira.cunha544@email.com,Masculino,BR
545,Amanda Cardoso Ramos,amanda.cardoso.ramos545@email.com,Feminino,BR
546,Diego Siqueira Mendes,diego.siqueira.mendes546@email.com,Masculino,BR
547,Carla Rocha Brito,carla.rocha.brito547@email.com,Feminino,BR
548,Fernando Pereira Ferreira,fernando.pereira.ferreira548@email.com,Masculino,BR
549,Camila Ferreira Ramos,camila.ferreira.ramos549@email.com,Feminino,BR
550,Lucas Pinheiro Pinheiro,lucas.pinheiro.pinheiro550@email.com,Masculino,BR
551,Carla Fernandes Souza,carla.fernandes.souza551@email.com,Feminino,BR
552,Rafael Costa Fonseca,rafael.costa.fonseca552@email.com,Masculino,BR
553,Tatiane Pires Teixeira,tatiane.pires.teixeira553@email.com,Feminino,BR
554,Felipe Cunha Freitas,felipe.cunha.freitas554@email.com,Masculino,BR
555,Luciana Matos Costa,luciana.matos.costa555@email.com,Feminino,BR
556,Rodrigo Tavares Monteiro,rodrigo.tavares.monteiro556@email.com,Masculino,BR
557,Sandra Alves Duarte,sandra.alves.duarte557@email.com,Feminino,BR
558,Jose Dias Rocha,jose.dias.rocha558@email.com,Masculino,BR
559,Thais Carvalho Melo,thais.carvalho.melo559@email.com,Feminino,BR
560,Lucas Freitas Melo,lucas.freitas.melo560@email.com,Masculino,BR
561,Tatiane Campos Lima,tatiane.campos.lima561@email.com,Feminino,BR
562,Vinicius Duarte Carvalho,vinicius.duarte.carvalho562@email.com,Masculino,BR
563,Luciana Melo Pires,luciana.melo.pires563@email.com,Feminino,BR
564,Cesar Guimaraes Brito,cesar.guimaraes.brito564@email.com,Masculino,BR
565,Tatiane Santos Tavares,tatiane.santos.tavares565@email.com,Feminino,BR
566,Vinicius Santos Ribeiro,vinicius.santos.ribeiro566@email.com,Masculino,BR
567,Sabrina Nascimento Coelho,sabrina.nascimento.coelho567@email.com,Feminino,BR
568,Leandro Teixeira Freitas,leandro.teixeira.freitas568@email.com,Masculino,BR
569,Maria Ribeiro Rocha,maria.ribeiro.rocha569@email.com,Feminino,BR
570,Sergio Siqueira Moreira,sergio.siqueira.moreira570@email.com,Masculino,BR
571,Patricia Rocha Pinheiro,patricia.rocha.pinheiro571@email.com,Feminino,BR
572,Pedro Ferreira Pinheiro,pedro.ferreira.pinheiro572@email.com,Masculino,BR
573,Fabiana Dias Rodrigues,fabiana.dias.rodrigues573@email.com,Feminino,BR
574,Matheus Azevedo Teixeira,matheus.azevedo.teixeira574@email.com,Masculino,BR
575,Mariana Campos Monteiro,mariana.campos.monteiro575@email.com,Feminino,BR
576,Diego Macedo Duarte,diego.macedo.duarte576@email.com,Masculino,BR
577,Claudia Ferreira Costa,claudia.ferreira.costa577@email.com,Feminino,BR
578,Rafael Martins Coelho,rafael.martins.coelho578@email.com,Masculino,BR
579,Andrea Costa Brito,andrea.costa.brito579@email.com,Feminino,BR
580,Bruno Nunes Lopes,bruno.nunes.lopes580@email.com,Masculino,BR
581,Luciana Rezende Tavares,luciana.rezende.tavares581@email.com,Feminino,BR
582,Renato Cunha Nunes,renato.cunha.nunes582@email.com,Masculino,BR
583,Tatiana Coelho Barros,tatiana.coelho.barros583@email.com,Feminino,BR
584,Felipe Freitas Ramos,felipe.freitas.ramos584@email.com,Masculino,BR
585,Larissa Barbosa Brito,larissa.barbosa.brito585@email.com,Feminino,BR
586,Mauricio Rezende Moura,mauricio.rezende.moura586@email.com,Masculino,BR
587,Raquel Oliveira Carvalho,raquel.oliveira.carvalho587@email.com,Feminino,BR
588,Leonardo Tavares Costa,leonardo.tavares.costa588@email.com,Masculino,BR
589,Maria Dias Monteiro,maria.dias.monteiro589@email.com,Feminino,BR
590,Marcos Macedo Souza,marcos.macedo.souza590@email.com,Masculino,BR
591,Adriana Barbosa Cardoso,adriana.barbosa.cardoso591@email.com,Feminino,BR
592,Felipe Silva Rezende,felipe.silva.rezende592@email.com,Masculino,BR
593,Luciana Ribeiro Souza,luciana.ribeiro.souza593@email.com,Feminino,BR
594,Alexandre Castro Correia,alexandre.castro.correia594@email.com,Masculino,BR
595,Cristina Barros Pires,cristina.barros.pires595@email.com,Feminino,BR
596,Paulo Pereira Moreira,paulo.pereira.moreira596@email.com,Masculino,BR
597,Juliana Ramos Santos,juliana.ramos.santos597@email.com,Feminino,BR
598,Caio Pereira Cardoso,caio.pereira.cardoso598@email.com,Masculino,BR
599,Eliane Ramos Duarte,eliane.ramos.duarte599@email.com,Feminino,BR
600,Leonardo Correia Morais,leonardo.correia.morais600@email.com,Masculino,BR
601,Bianca Barbosa Lima,bianca.barbosa.lima601@email.com,Feminino,BR
602,Leonardo Santos Cardoso,leonardo.santos.cardoso602@email.com,Masculino,BR
603,Mariana Fernandes Guimaraes,mariana.fernandes.guimaraes603@email.com,Feminino,BR
604,Caio Reis Nascimento,caio.reis.nascimento604@email.com,Masculino,BR
605,Carla Ferreira Ramos,carla.ferreira.ramos605@email.com,Feminino,BR
606,Lucas Araujo Ramos,lucas.araujo.ramos606@email.com,Masculino,BR
607,Rosana Moreira Moura,rosana.moreira.moura607@email.com,Feminino,BR
608,Bruno Moreira Monteiro,bruno.moreira.monteiro608@email.com,Masculino,BR
609,Monica Carvalho Teixeira,monica.carvalho.teixeira609@email.com,Feminino,BR
610,Thiago Pereira Barros,thiago.pereira.barros610@email.com,Masculino,BR
611,Larissa Moura Barros,larissa.moura.barros611@email.com,Feminino,BR
612,André Macedo Freitas,andré.macedo.freitas612@email.com,Masculino,BR
613,Sandra Matos Torres,sandra.matos.torres613@email.com,Feminino,BR
614,Rafael Araujo Alves,rafael.araujo.alves614@email.com,Masculino,BR
615,Isabela Mendes Gomes,isabela.mendes.gomes615@email.com,Feminino,BR
616,Daniel Tavares Rocha,daniel.tavares.rocha616@email.com,Masculino,BR
617,Patricia Ribeiro Macedo,patricia.ribeiro.macedo617@email.com,Feminino,BR
618,Antonio Azevedo Coelho,antonio.azevedo.coelho618@email.com,Masculino,BR
619,Eliane Coelho Fonseca,eliane.coelho.fonseca619@email.com,Feminino,BR
620,Renato Brito Duarte,renato.brito.duarte620@email.com,Masculino,BR
621,Andrea Cardoso Morais,andrea.cardoso.morais621@email.com,Feminino,BR
622,Diego Rocha Lopes,diego.rocha.lopes622@email.com,Masculino,BR
623,Patricia Machado Lopes,patricia.machado.lopes623@email.com,Feminino,BR
624,Leandro Xavier Nunes,leandro.xavier.nunes624@email.com,Masculino,BR
625,Rosana Costa Freitas,rosana.costa.freitas625@email.com,Feminino,BR
626,Jose Pereira Monteiro,jose.pereira.monteiro626@email.com,Masculino,BR
627,Bruna Lopes Oliveira,bruna.lopes.oliveira627@email.com,Feminino,BR
628,Roberto Campos Reis,roberto.campos.reis628@email.com,Masculino,BR
629,Leticia Pereira Vasconcelos,leticia.pereira.vasconcelos629@email.com,Feminino,BR
630,Bruno Guimaraes Tavares,bruno.guimaraes.tavares630@email.com,Masculino,BR
631,Aline Rodrigues Azevedo,aline.rodrigues.azevedo631@email.com,Feminino,BR
632,Mauricio Pires Xavier,mauricio.pires.xavier632@email.com,Masculino,BR
633,Juliana Lopes Fernandes,juliana.lopes.fernandes633@email.com,Feminino,BR
634,Sergio Vasconcelos Gomes,sergio.vasconcelos.gomes634@email.com,Masculino,BR
635,Simone Tavares Machado,simone.tavares.machado635@email.com,Feminino,BR
636,Jose Rocha Costa,jose.rocha.costa636@email.com,Masculino,BR
637,Jessica Alves Fernandes,jessica.alves.fernandes637@email.com,Feminino,BR
638,Igor Correia Ferreira,igor.correia.ferreira638@email.com,Masculino,BR
639,Aline Vasconcelos Ribeiro,aline.vasconcelos.ribeiro639@email.com,Feminino,BR
640,Carlos Araujo Correia,carlos.araujo.correia640@email.com,Masculino,BR
641,Jessica Lopes Moura,jessica.lopes.moura641@email.com,Feminino,BR
642,Francisco Guimaraes Martins,francisco.guimaraes.martins642@email.com,Masculino,BR
643,Carla Campos Barbosa,carla.campos.barbosa643@email.com,Feminino,BR
644,Alexandre Cunha Macedo,alexandre.cunha.macedo644@email.com,Masculino,BR
645,Monica Brito Tavares,monica.brito.tavares645@email.com,Feminino,BR
646,Roberto Xavier Morais,roberto.xavier.morais646@email.com,Masculino,BR
647,Monica Pereira Teixeira,monica.pereira.teixeira647@email.com,Feminino,BR
648,Lucas Pires Brito,lucas.pires.brito648@email.com,Masculino,BR
649,Daniela Barbosa Mendes,daniela.barbosa.mendes649@email.com,Feminino,BR
650,Wagner Rocha Teixeira,wagner.rocha.teixeira650@email.com,Masculino,BR
651,Camila Fonseca Siqueira,camila.fonseca.siqueira651@email.com,Feminino,BR
652,Rafael Freitas Monteiro,rafael.freitas.monteiro652@email.com,Masculino,BR
653,Carolina Souza Tavares,carolina.souza.tavares653@email.com,Feminino,BR
654,Bruno Monteiro Pires,bruno.monteiro.pires654@email.com,Masculino,BR
655,Daniela Vasconcelos Xavier,daniela.vasconcelos.xavier655@email.com,Feminino,BR
656,Igor Torres Souza,igor.torres.souza656@email.com,Masculino,BR
657,Fabiana Ferreira Vasconcelos,fabiana.ferreira.vasconcelos657@email.com,Feminino,BR
658,Guilherme Barros Campos,guilherme.barros.campos658@email.com,Masculino,BR
659,Ana Campos Monteiro,ana.campos.monteiro659@email.com,Feminino,BR
660,Daniel Dias Teixeira,daniel.dias.teixeira660@email.com,Masculino,BR
661,Pamela Gomes Carvalho,pamela.gomes.carvalho661@email.com,Feminino,BR
662,Gabriel Rocha Pereira,gabriel.rocha.pereira662@email.com,Masculino,BR
663,Leticia Melo Xavier,leticia.melo.xavier663@email.com,Feminino,BR
664,Lucas Barros Macedo,lucas.barros.macedo664@email.com,Masculino,BR
665,Gisele Reis Pinheiro,gisele.reis.pinheiro665@email.com,Feminino,BR
666,Francisco Oliveira Siqueira,francisco.oliveira.siqueira666@email.com,Masculino,BR
667,Monica Macedo Guimaraes,monica.macedo.guimaraes667@email.com,Feminino,BR
668,Gabriel Tavares Rodrigues,gabriel.tavares.rodrigues668@email.com,Masculino,BR
669,Isabela Martins Ribeiro,isabela.martins.ribeiro669@email.com,Feminino,BR
670,Cesar Fernandes Martins,cesar.fernandes.martins670@email.com,Masculino,BR
671,Jessica Oliveira Cunha,jessica.oliveira.cunha671@email.com,Feminino,BR
672,Fabio Brito Matos,fabio.brito.matos672@email.com,Masculino,BR
673,Priscila Lopes Guimaraes,priscila.lopes.guimaraes673@email.com,Feminino,BR
674,Rodrigo Coelho Pinheiro,rodrigo.coelho.pinheiro674@email.com,Masculino,BR
675,Jessica Carvalho Castro,jessica.carvalho.castro675@email.com,Feminino,BR
676,Gustavo Monteiro Fernandes,gustavo.monteiro.fernandes676@email.com,Masculino,BR
677,Thais Reis Gomes,thais.reis.gomes677@email.com,Feminino,BR
678,Fabio Brito Duarte,fabio.brito.duarte678@email.com,Masculino,BR
679,Jessica Azevedo Macedo,jessica.azevedo.macedo679@email.com,Feminino,BR
680,Rodrigo Macedo Rodrigues,rodrigo.macedo.rodrigues680@email.com,Masculino,BR
681,Aline Moura Cunha,aline.moura.cunha681@email.com,Feminino,BR
682,Thiago Torres Gomes,thiago.torres.gomes682@email.com,Masculino,BR
683,Claudia Souza Mendes,claudia.souza.mendes683@email.com,Feminino,BR
684,Roberto Vasconcelos Machado,roberto.vasconcelos.machado684@email.com,Masculino,BR
685,Carla Pires Alves,carla.pires.alves685@email.com,Feminino,BR
686,Francisco Melo Lima,francisco.melo.lima686@email.com,Masculino,BR
687,Leticia Ferreira Coelho,leticia.ferreira.coelho687@email.com,Feminino,BR
688,Thiago Nunes Lopes,thiago.nunes.lopes688@email.com,Masculino,BR
689,Aline Rocha Reis,aline.rocha.reis689@email.com,Feminino,BR
690,Guilherme Ferreira Carvalho,guilherme.ferreira.carvalho690@email.com,Masculino,BR
691,Jessica Freitas Santos,jessica.freitas.santos691@email.com,Feminino,BR
692,Matheus Costa Moreira,matheus.costa.moreira692@email.com,Masculino,BR
693,Aline Campos Araujo,aline.campos.araujo693@email.com,Feminino,BR
694,Alexandre Ferreira Campos,alexandre.ferreira.campos694@email.com,Masculino,BR
695,Cristina Santos Cardoso,cristina.santos.cardoso695@email.com,Feminino,BR
696,Lucas Reis Correia,lucas.reis.correia696@email.com,Masculino,BR
697,Monica Xavier Rocha,monica.xavier.rocha697@email.com,Feminino,BR
698,Gabriel Oliveira Barbosa,gabriel.oliveira.barbosa698@email.com,Masculino,BR
699,Thais Nascimento Reis,thais.nascimento.reis699@email.com,Feminino,BR
700,Gabriel Coelho Correia,gabriel.coelho.correia700@email.com,Masculino,BR
701,Thais Lopes Guimaraes,thais.lopes.guimaraes701@email.com,Feminino,BR
702,João Ferreira Santos,joão.ferreira.santos702@email.com,Masculino,BR
703,Adriana Dias Reis,adriana.dias.reis703@email.com,Feminino,BR
704,Rafael Pires Matos,rafael.pires.matos704@email.com,Masculino,BR
705,Claudia Moura Ramos,claudia.moura.ramos705@email.com,Feminino,BR
706,Felipe Macedo Barbosa,felipe.macedo.barbosa706@email.com,Masculino,BR
707,Priscila Monteiro Lima,priscila.monteiro.lima707@email.com,Feminino,BR
708,Roberto Araujo Cunha,roberto.araujo.cunha708@email.com,Masculino,BR
709,Andrea Azevedo Pereira,andrea.azevedo.pereira709@email.com,Feminino,BR
710,Felipe Reis Rezende,felipe.reis.rezende710@email.com,Masculino,BR
711,Claudia Castro Santos,claudia.castro.santos711@email.com,Feminino,BR
712,Jose Duarte Araujo,jose.duarte.araujo712@email.com,Masculino,BR
713,Isabela Barbosa Ramos,isabela.barbosa.ramos713@email.com,Feminino,BR
714,João Guimaraes Freitas,joão.guimaraes.freitas714@email.com,Masculino,BR
715,Priscila Duarte Cunha,priscila.duarte.cunha715@email.com,Feminino,BR
716,Daniel Siqueira Siqueira,daniel.siqueira.siqueira716@email.com,Masculino,BR
717,Camila Moura Campos,camila.moura.campos717@email.com,Feminino,BR
718,Ricardo Moura Castro,ricardo.moura.castro718@email.com,Masculino,BR
719,Aline Xavier Barros,aline.xavier.barros719@email.com,Feminino,BR
720,Rafael Santos Rodrigues,rafael.santos.rodrigues720@email.com,Masculino,BR
721,Thais Oliveira Morais,thais.oliveira.morais721@email.com,Feminino,BR
722,Alexandre Campos Mendes,alexandre.campos.mendes722@email.com,Masculino,BR
723,Ana Freitas Xavier,ana.freitas.xavier723@email.com,Feminino,BR
724,Ricardo Freitas Araujo,ricardo.freitas.araujo724@email.com,Masculino,BR
725,Amanda Macedo Fonseca,amanda.macedo.fonseca725@email.com,Feminino,BR
726,Igor Souza Oliveira,igor.souza.oliveira726@email.com,Masculino,BR
727,Sandra Castro Teixeira,sandra.castro.teixeira727@email.com,Feminino,BR
728,Daniel Reis Macedo,daniel.reis.macedo728@email.com,Masculino,BR
729,Bruna Nascimento Machado,bruna.nascimento.machado729@email.com,Feminino,BR
730,Daniel Fernandes Souza,daniel.fernandes.souza730@email.com,Masculino,BR
731,Patricia Correia Macedo,patricia.correia.macedo731@email.com,Feminino,BR
732,Caio Oliveira Barbosa,caio.oliveira.barbosa732@email.com,Masculino,BR
733,Renata Oliveira Xavier,renata.oliveira.xavier733@email.com,Feminino,BR
734,André Oliveira Cardoso,andré.oliveira.cardoso734@email.com,Masculino,BR
735,Raquel Barros Moreira,raquel.barros.moreira735@email.com,Feminino,BR
736,Marcelo Machado Mendes,marcelo.machado.mendes736@email.com,Masculino,BR
737,Juliana Coelho Vasconcelos,juliana.coelho.vasconcelos737@email.com,Feminino,BR
738,André Barbosa Freitas,andré.barbosa.freitas738@email.com,Masculino,BR
739,Fernanda Vasconcelos Teixeira,fernanda.vasconcelos.teixeira739@email.com,Feminino,BR
740,Vinicius Lima Fernandes,vinicius.lima.fernandes740@email.com,Masculino,BR
741,Carla Ramos Moreira,carla.ramos.moreira741@email.com,Feminino,BR
742,Renato Rodrigues Teixeira,renato.rodrigues.teixeira742@email.com,Masculino,BR
743,Vanessa Rezende Nascimento,vanessa.rezende.nascimento743@email.com,Feminino,BR
744,Antonio Campos Fernandes,antonio.campos.fernandes744@email.com,Masculino,BR
745,Fabiana Nunes Fernandes,fabiana.nunes.fernandes745@email.com,Feminino,BR
746,Bruno Matos Ramos,bruno.matos.ramos746@email.com,Masculino,BR
747,Camila Ramos Tavares,camila.ramos.tavares747@email.com,Feminino,BR
748,Daniel Castro Barbosa,daniel.castro.barbosa748@email.com,Masculino,BR
749,Simone Alves Ferreira,simone.alves.ferreira749@email.com,Feminino,BR
750,Diego Siqueira Barbosa,diego.siqueira.barbosa750@email.com,Masculino,BR
751,Raquel Lopes Tavares,raquel.lopes.tavares751@email.com,Feminino,BR
752,Guilherme Martins Nascimento,guilherme.martins.nascimento752@email.com,Masculino,BR
753,Jessica Freitas Lopes,jessica.freitas.lopes753@email.com,Feminino,BR
754,Carlos Matos Freitas,carlos.matos.freitas754@email.com,Masculino,BR
755,Andrea Ramos Nunes,andrea.ramos.nunes755@email.com,Feminino,BR
756,Roberto Pereira Siqueira,roberto.pereira.siqueira756@email.com,Masculino,BR
757,Carolina Campos Barros,carolina.campos.barros757@email.com,Feminino,BR
758,Thiago Santos Rocha,thiago.santos.rocha758@email.com,Masculino,BR
759,Claudia Brito Xavier,claudia.brito.xavier759@email.com,Feminino,BR
760,Renato Oliveira Souza,renato.oliveira.souza760@email.com,Masculino,BR
761,Patricia Araujo Macedo,patricia.araujo.macedo761@email.com,Feminino,BR
762,Fabio Campos Rodrigues,fabio.campos.rodrigues762@email.com,Masculino,BR
763,Eliane Oliveira Tavares,eliane.oliveira.tavares763@email.com,Feminino,BR
764,Rafael Brito Lopes,rafael.brito.lopes764@email.com,Masculino,BR
765,Carla Campos Lopes,carla.campos.lopes765@email.com,Feminino,BR
766,Ricardo Duarte Souza,ricardo.duarte.souza766@email.com,Masculino,BR
767,Fabiana Campos Moreira,fabiana.campos.moreira767@email.com,Feminino,BR
768,Diego Vasconcelos Nunes,diego.vasconcelos.nunes768@email.com,Masculino,BR
769,Priscila Lima Santos,priscila.lima.santos769@email.com,Feminino,BR
770,Daniel Rezende Moura,daniel.rezende.moura770@email.com,Masculino,BR
771,Daniela Pires Lima,daniela.pires.lima771@email.com,Feminino,BR
772,Henrique Macedo Mendes,henrique.macedo.mendes772@email.com,Masculino,BR
773,Jessica Dias Guimaraes,jessica.dias.guimaraes773@email.com,Feminino,BR
774,Rodrigo Nascimento Rezende,rodrigo.nascimento.rezende774@email.com,Masculino,BR
775,Renata Lima Souza,renata.lima.souza775@email.com,Feminino,BR
776,Ricardo Lopes Ribeiro,ricardo.lopes.ribeiro776@email.com,Masculino,BR
777,Jessica Ferreira Fernandes,jessica.ferreira.fernandes777@email.com,Feminino,BR
778,Diego Siqueira Freitas,diego.siqueira.freitas778@email.com,Masculino,BR
779,Patricia Pires Castro,patricia.pires.castro779@email.com,Feminino,BR
780,Rodrigo Monteiro Melo,rodrigo.monteiro.melo780@email.com,Masculino,BR
781,Mariana Correia Correia,mariana.correia.correia781@email.com,Feminino,BR
782,Daniel Xavier Campos,daniel.xavier.campos782@email.com,Masculino,BR
783,Aline Carvalho Lima,aline.carvalho.lima783@email.com,Feminino,BR
784,André Xavier Souza,andré.xavier.souza784@email.com,Masculino,BR
785,Priscila Xavier Rezende,priscila.xavier.rezende785@email.com,Feminino,BR
786,Pedro Campos Pires,pedro.campos.pires786@email.com,Masculino,BR
787,Eliane Campos Azevedo,eliane.campos.azevedo787@email.com,Feminino,BR
788,Rafael Souza Guimaraes,rafael.souza.guimaraes788@email.com,Masculino,BR
789,Camila Pereira Monteiro,camila.pereira.monteiro789@email.com,Feminino,BR
790,Leonardo Correia Matos,leonardo.correia.matos790@email.com,Masculino,BR
791,Thais Moura Cunha,thais.moura.cunha791@email.com,Feminino,BR
792,Matheus Torres Duarte,matheus.torres.duarte792@email.com,Masculino,BR
793,Patricia Souza Cardoso,patricia.souza.cardoso793@email.com,Feminino,BR
794,Ricardo Lopes Azevedo,ricardo.lopes.azevedo794@email.com,Masculino,BR
795,Fabiana Freitas Souza,fabiana.freitas.souza795@email.com,Feminino,BR
796,Rafael Morais Fonseca,rafael.morais.fonseca796@email.com,Masculino,BR
797,Vanessa Macedo Souza,vanessa.macedo.souza797@email.com,Feminino,BR
798,Guilherme Barros Costa,guilherme.barros.costa798@email.com,Masculino,BR
799,Larissa Moura Rocha,larissa.moura.rocha799@email.com,Feminino,BR
800,Leandro Martins Martins,leandro.martins.martins800@email.com,Masculino,BR
801,Simone Correia Carvalho,simone.correia.carvalho801@email.com,Feminino,BR
802,Paulo Moura Barbosa,paulo.moura.barbosa802@email.com,Masculino,BR
803,Camila Mendes Gomes,camila.mendes.gomes803@email.com,Feminino,BR
804,Rafael Nunes Souza,rafael.nunes.souza804@email.com,Masculino,BR
805,Raquel Guimaraes Castro,raquel.guimaraes.castro805@email.com,Feminino,BR
806,Bruno Barros Vasconcelos,bruno.barros.vasconcelos806@email.com,Masculino,BR
807,Mariana Fonseca Fonseca,mariana.fonseca.fonseca807@email.com,Feminino,BR
808,Rafael Martins Siqueira,rafael.martins.siqueira808@email.com,Masculino,BR
809,Andrea Matos Tavares,andrea.matos.tavares809@email.com,Feminino,BR
810,Igor Reis Duarte,igor.reis.duarte810@email.com,Masculino,BR
811,Juliana Torres Santos,juliana.torres.santos811@email.com,Feminino,BR
812,Bruno Oliveira Vasconcelos,bruno.oliveira.vasconcelos812@email.com,Masculino,BR
813,Eliane Mendes Vasconcelos,eliane.mendes.vasconcelos813@email.com,Feminino,BR
814,Marcos Macedo Duarte,marcos.macedo.duarte814@email.com,Masculino,BR
815,Bianca Guimaraes Morais,bianca.guimaraes.morais815@email.com,Feminino,BR
816,Pedro Rezende Morais,pedro.rezende.morais816@email.com,Masculino,BR
817,Gisele Barbosa Vasconcelos,gisele.barbosa.vasconcelos817@email.com,Feminino,BR
818,Leandro Machado Araujo,leandro.machado.araujo818@email.com,Masculino,BR
819,Carolina Monteiro Azevedo,carolina.monteiro.azevedo819@email.com,Feminino,BR
820,Ricardo Nascimento Costa,ricardo.nascimento.costa820@email.com,Masculino,BR
821,Mariana Lopes Cunha,mariana.lopes.cunha821@email.com,Feminino,BR
822,Fernando Azevedo Dias,fernando.azevedo.dias822@email.com,Masculino,BR
823,Monica Tavares Rocha,monica.tavares.rocha823@email.com,Feminino,BR
824,Diego Correia Cardoso,diego.correia.cardoso824@email.com,Masculino,BR
825,Sandra Moreira Souza,sandra.moreira.souza825@email.com,Feminino,BR
826,Fabio Barros Pires,fabio.barros.pires826@email.com,Masculino,BR
827,Amanda Cardoso Araujo,amanda.cardoso.araujo827@email.com,Feminino,BR
828,Caio Lima Nunes,caio.lima.nunes828@email.com,Masculino,BR
829,Jessica Araujo Rocha,jessica.araujo.rocha829@email.com,Feminino,BR
830,Lucas Costa Barbosa,lucas.costa.barbosa830@email.com,Masculino,BR
831,Daniela Guimaraes Cunha,daniela.guimaraes.cunha831@email.com,Feminino,BR
832,Gustavo Martins Torres,gustavo.martins.torres832@email.com,Masculino,BR
833,Simone Duarte Matos,simone.duarte.matos833@email.com,Feminino,BR
834,Diego Gomes Coelho,diego.gomes.coelho834@email.com,Masculino,BR
835,Mariana Rezende Barros,mariana.rezende.barros835@email.com,Feminino,BR
836,Caio Rezende Monteiro,caio.rezende.monteiro836@email.com,Masculino,BR
837,Pamela Santos Ferreira,pamela.santos.ferreira837@email.com,Feminino,BR
838,Leonardo Barros Azevedo,leonardo.barros.azevedo838@email.com,Masculino,BR
839,Priscila Dias Fonseca,priscila.dias.fonseca839@email.com,Feminino,BR
840,Paulo Costa Costa,paulo.costa.costa840@email.com,Masculino,BR
841,Leticia Rezende Tavares,leticia.rezende.tavares841@email.com,Feminino,BR
842,Fernando Barbosa Castro,fernando.barbosa.castro842@email.com,Masculino,BR
843,Maria Melo Alves,maria.melo.alves843@email.com,Feminino,BR
844,Guilherme Souza Mendes,guilherme.souza.mendes844@email.com,Masculino,BR
845,Carla Coelho Moreira,carla.coelho.moreira845@email.com,Feminino,BR
846,Fabio Oliveira Moreira,fabio.oliveira.moreira846@email.com,Masculino,BR
847,Fernanda Duarte Pires,fernanda.duarte.pires847@email.com,Feminino,BR
848,André Campos Pires,andré.campos.pires848@email.com,Masculino,BR
849,Leticia Pereira Rodrigues,leticia.pereira.rodrigues849@email.com,Feminino,BR
850,Jose Lopes Coelho,jose.lopes.coelho850@email.com,Masculino,BR
851,Tatiane Nunes Torres,tatiane.nunes.torres851@email.com,Feminino,BR
852,Cesar Brito Guimaraes,cesar.brito.guimaraes852@email.com,Masculino,BR
853,Larissa Souza Alves,larissa.souza.alves853@email.com,Feminino,BR
854,Leonardo Campos Xavier,leonardo.campos.xavier854@email.com,Masculino,BR
855,Monica Pires Campos,monica.pires.campos855@email.com,Feminino,BR
856,Rafael Gomes Tavares,rafael.gomes.tavares856@email.com,Masculino,BR
857,Aline Moreira Barros,aline.moreira.barros857@email.com,Feminino,BR
858,Carlos Oliveira Oliveira,carlos.oliveira.oliveira858@email.com,Masculino,BR
859,Beatriz Correia Teixeira,beatriz.correia.teixeira859@email.com,Feminino,BR
860,Fernando Moura Azevedo,fernando.moura.azevedo860@email.com,Masculino,BR
861,Isabela Tavares Barros,isabela.tavares.barros861@email.com,Feminino,BR
862,Gabriel Cardoso Guimaraes,gabriel.cardoso.guimaraes862@email.com,Masculino,BR
863,Simone Martins Moreira,simone.martins.moreira863@email.com,Feminino,BR
864,Cesar Pinheiro Reis,cesar.pinheiro.reis864@email.com,Masculino,BR
865,Raquel Fonseca Teixeira,raquel.fonseca.teixeira865@email.com,Feminino,BR
866,Jose Reis Barros,jose.reis.barros866@email.com,Masculino,BR
867,Gisele Rezende Correia,gisele.rezende.correia867@email.com,Feminino,BR
868,Sergio Monteiro Machado,sergio.monteiro.machado868@email.com,Masculino,BR
869,Ana Campos Teixeira,ana.campos.teixeira869@email.com,Feminino,BR
870,Felipe Cunha Fonseca,felipe.cunha.fonseca870@email.com,Masculino,BR
871,Raquel Xavier Matos,raquel.xavier.matos871@email.com,Feminino,BR
872,Pedro Tavares Machado,pedro.tavares.machado872@email.com,Masculino,BR
873,Adriana Vasconcelos Xavier,adriana.vasconcelos.xavier873@email.com,Feminino,BR
874,Mauricio Duarte Carvalho,mauricio.duarte.carvalho874@email.com,Masculino,BR
875,Fernanda Fonseca Machado,fernanda.fonseca.machado875@email.com,Feminino,BR
876,Thiago Moura Morais,thiago.moura.morais876@email.com,Masculino,BR
877,Andrea Macedo Reis,andrea.macedo.reis877@email.com,Feminino,BR
878,Alexandre Rocha Torres,alexandre.rocha.torres878@email.com,Masculino,BR
879,Priscila Oliveira Duarte,priscila.oliveira.duarte879@email.com,Feminino,BR
880,Felipe Gomes Santos,felipe.gomes.santos880@email.com,Masculino,BR
881,Jessica Cardoso Cunha,jessica.cardoso.cunha881@email.com,Feminino,BR
882,Rafael Cunha Nascimento,rafael.cunha.nascimento882@email.com,Masculino,BR
883,Tatiana Cunha Barros,tatiana.cunha.barros883@email.com,Feminino,BR
884,Cesar Machado Melo,cesar.machado.melo884@email.com,Masculino,BR
885,Fernanda Correia Souza,fernanda.correia.souza885@email.com,Feminino,BR
886,Francisco Dias Pires,francisco.dias.pires886@email.com,Masculino,BR
887,Simone Siqueira Machado,simone.siqueira.machado887@email.com,Feminino,BR
888,Francisco Rodrigues Cardoso,francisco.rodrigues.cardoso888@email.com,Masculino,BR
889,Vanessa Azevedo Castro,vanessa.azevedo.castro889@email.com,Feminino,BR
890,Igor Castro Freitas,igor.castro.freitas890@email.com,Masculino,BR
891,Adriana Guimaraes Machado,adriana.guimaraes.machado891@email.com,Feminino,BR
892,André Araujo Nunes,andré.araujo.nunes892@email.com,Masculino,BR
893,Tatiane Monteiro Carvalho,tatiane.monteiro.carvalho893@email.com,Feminino,BR
894,Leandro Macedo Barbosa,leandro.macedo.barbosa894@email.com,Masculino,BR
895,Tatiana Nascimento Correia,tatiana.nascimento.correia895@email.com,Feminino,BR
896,Antonio Cardoso Machado,antonio.cardoso.machado896@email.com,Masculino,BR
897,Sandra Pires Xavier,sandra.pires.xavier897@email.com,Feminino,BR
898,Vinicius Barbosa Lima,vinicius.barbosa.lima898@email.com,Masculino,BR
899,Eliane Brito Castro,eliane.brito.castro899@email.com,Feminino,BR
900,Alexandre Moreira Torres,alexandre.moreira.torres900@email.com,Masculino,BR
901,Sandra Macedo Fernandes,sandra.macedo.fernandes901@email.com,Feminino,BR
902,Rafael Barbosa Oliveira,rafael.barbosa.oliveira902@email.com,Masculino,BR
903,Leticia Correia Ferreira,leticia.correia.ferreira903@email.com,Feminino,BR
904,Paulo Lopes Vasconcelos,paulo.lopes.vasconcelos904@email.com,Masculino,BR
905,Adriana Pinheiro Machado,adriana.pinheiro.machado905@email.com,Feminino,BR
906,Marcos Gomes Torres,marcos.gomes.torres906@email.com,Masculino,BR
907,Gisele Nunes Pires,gisele.nunes.pires907@email.com,Feminino,BR
908,Vinicius Souza Alves,vinicius.souza.alves908@email.com,Masculino,BR
909,Andrea Pinheiro Fonseca,andrea.pinheiro.fonseca909@email.com,Feminino,BR
910,Gustavo Araujo Costa,gustavo.araujo.costa910@email.com,Masculino,BR
911,Fabiana Carvalho Morais,fabiana.carvalho.morais911@email.com,Feminino,BR
912,Eduardo Costa Alves,eduardo.costa.alves912@email.com,Masculino,BR
913,Bianca Teixeira Correia,bianca.teixeira.correia913@email.com,Feminino,BR
914,Fernando Alves Brito,fernando.alves.brito914@email.com,Masculino,BR
915,Beatriz Silva Pires,beatriz.silva.pires915@email.com,Feminino,BR
916,Thiago Cunha Vasconcelos,thiago.cunha.vasconcelos916@email.com,Masculino,BR
917,Thais Machado Vasconcelos,thais.machado.vasconcelos917@email.com,Feminino,BR
918,André Coelho Barbosa,andré.coelho.barbosa918@email.com,Masculino,BR
919,Simone Barbosa Vasconcelos,simone.barbosa.vasconcelos919@email.com,Feminino,BR
920,Roberto Macedo Ferreira,roberto.macedo.ferreira920@email.com,Masculino,BR
921,Eliane Carvalho Castro,eliane.carvalho.castro921@email.com,Feminino,BR
922,Carlos Ribeiro Cunha,carlos.ribeiro.cunha922@email.com,Masculino,BR
923,Vanessa Oliveira Reis,vanessa.oliveira.reis923@email.com,Feminino,BR
924,Leonardo Xavier Rezende,leonardo.xavier.rezende924@email.com,Masculino,BR
925,Vanessa Pinheiro Barbosa,vanessa.pinheiro.barbosa925@email.com,Feminino,BR
926,Carlos Silva Monteiro,carlos.silva.monteiro926@email.com,Masculino,BR
927,Eliane Tavares Alves,eliane.tavares.alves927@email.com,Feminino,BR
928,Igor Barbosa Azevedo,igor.barbosa.azevedo928@email.com,Masculino,BR
929,Gisele Moura Rezende,gisele.moura.rezende929@email.com,Feminino,BR
930,Gabriel Melo Barros,gabriel.melo.barros930@email.com,Masculino,BR
931,Bruna Nunes Gomes,bruna.nunes.gomes931@email.com,Feminino,BR
932,Felipe Teixeira Martins,felipe.teixeira.martins932@email.com,Masculino,BR
933,Bruna Vasconcelos Mendes,bruna.vasconcelos.mendes933@email.com,Feminino,BR
934,Daniel Silva Pinheiro,daniel.silva.pinheiro934@email.com,Masculino,BR
935,Monica Xavier Barbosa,monica.xavier.barbosa935@email.com,Feminino,BR
936,Sergio Brito Coelho,sergio.brito.coelho936@email.com,Masculino,BR
937,Renata Ribeiro Guimaraes,renata.ribeiro.guimaraes937@email.com,Feminino,BR
938,Leonardo Torres Ramos,leonardo.torres.ramos938@email.com,Masculino,BR
939,Aline Cardoso Ferreira,aline.cardoso.ferreira939@email.com,Feminino,BR
940,Leonardo Siqueira Alves,leonardo.siqueira.alves940@email.com,Masculino,BR
941,Vanessa Souza Machado,vanessa.souza.machado941@email.com,Feminino,BR
942,Diego Araujo Silva,diego.araujo.silva942@email.com,Masculino,BR
943,Adriana Rodrigues Araujo,adriana.rodrigues.araujo943@email.com,Feminino,BR
944,Renato Coelho Nunes,renato.coelho.nunes944@email.com,Masculino,BR
945,Monica Monteiro Fonseca,monica.monteiro.fonseca945@email.com,Feminino,BR
946,Sergio Silva Mendes,sergio.silva.mendes946@email.com,Masculino,BR
947,Carla Nascimento Araujo,carla.nascimento.araujo947@email.com,Feminino,BR
948,Roberto Siqueira Lima,roberto.siqueira.lima948@email.com,Masculino,BR
949,Bruna Monteiro Martins,bruna.monteiro.martins949@email.com,Feminino,BR
950,Leonardo Brito Barros,leonardo.brito.barros950@email.com,Masculino,BR
951,Raquel Nascimento Lima,raquel.nascimento.lima951@email.com,Feminino,BR
952,Rodrigo Campos Guimaraes,rodrigo.campos.guimaraes952@email.com,Masculino,BR
953,Cristina Carvalho Souza,cristina.carvalho.souza953@email.com,Feminino,BR
954,Fernando Rocha Azevedo,fernando.rocha.azevedo954@email.com,Masculino,BR
955,Claudia Campos Cunha,claudia.campos.cunha955@email.com,Feminino,BR
956,Rafael Machado Coelho,rafael.machado.coelho956@email.com,Masculino,BR
957,Gisele Fernandes Siqueira,gisele.fernandes.siqueira957@email.com,Feminino,BR
958,Marcos Coelho Araujo,marcos.coelho.araujo958@email.com,Masculino,BR
959,Claudia Xavier Ferreira,claudia.xavier.ferreira959@email.com,Feminino,BR
960,Francisco Lopes Moura,francisco.lopes.moura960@email.com,Masculino,BR
961,Carla Pereira Duarte,carla.pereira.duarte961@email.com,Feminino,BR
962,Felipe Costa Reis,felipe.costa.reis962@email.com,Masculino,BR
963,Tatiane Barros Gomes,tatiane.barros.gomes963@email.com,Feminino,BR
964,Sergio Castro Rocha,sergio.castro.rocha964@email.com,Masculino,BR
965,Mariana Cardoso Melo,mariana.cardoso.melo965@email.com,Feminino,BR
966,Francisco Lopes Lima,francisco.lopes.lima966@email.com,Masculino,BR
967,Tatiana Correia Fonseca,tatiana.correia.fonseca967@email.com,Feminino,BR
968,Antonio Ferreira Barros,antonio.ferreira.barros968@email.com,Masculino,BR
969,Jessica Fernandes Costa,jessica.fernandes.costa969@email.com,Feminino,BR
970,Caio Souza Barros,caio.souza.barros970@email.com,Masculino,BR
971,Bianca Azevedo Duarte,bianca.azevedo.duarte971@email.com,Feminino,BR
972,Roberto Pires Azevedo,roberto.pires.azevedo972@email.com,Masculino,BR
973,Raquel Matos Santos,raquel.matos.santos973@email.com,Feminino,BR
974,Leonardo Mendes Torres,leonardo.mendes.torres974@email.com,Masculino,BR
975,Maria Pinheiro Dias,maria.pinheiro.dias975@email.com,Feminino,BR
976,Mauricio Pereira Oliveira,mauricio.pereira.oliveira976@email.com,Masculino,BR
977,Luciana Freitas Nascimento,luciana.freitas.nascimento977@email.com,Feminino,BR
978,Ricardo Castro Costa,ricardo.castro.costa978@email.com,Masculino,BR
979,Patricia Machado Oliveira,patricia.machado.oliveira979@email.com,Feminino,BR
980,Rodrigo Cunha Ribeiro,rodrigo.cunha.ribeiro980@email.com,Masculino,BR
981,Beatriz Macedo Vasconcelos,beatriz.macedo.vasconcelos981@email.com,Feminino,BR
982,Matheus Campos Rodrigues,matheus.campos.rodrigues982@email.com,Masculino,BR
983,Jessica Rodrigues Rodrigues,jessica.rodrigues.rodrigues983@email.com,Feminino,BR
984,Bruno Brito Siqueira,bruno.brito.siqueira984@email.com,Masculino,BR
985,Gisele Souza Vasconcelos,gisele.souza.vasconcelos985@email.com,Feminino,BR
986,Paulo Lima Ribeiro,paulo.lima.ribeiro986@email.com,Masculino,BR
987,Gisele Moreira Moura,gisele.moreira.moura987@email.com,Feminino,BR
988,Gabriel Matos Carvalho,gabriel.matos.carvalho988@email.com,Masculino,BR
989,Maria Coelho Santos,maria.coelho.santos989@email.com,Feminino,BR
990,Leandro Azevedo Brito,leandro.azevedo.brito990@email.com,Masculino,BR
991,Gisele Ramos Castro,gisele.ramos.castro991@email.com,Feminino,BR
992,Alexandre Torres Carvalho,alexandre.torres.carvalho992@email.com,Masculino,BR
993,Priscila Azevedo Freitas,priscila.azevedo.freitas993@email.com,Feminino,BR
994,Rafael Nunes Gomes,rafael.nunes.gomes994@email.com,Masculino,BR
995,Larissa Oliveira Fernandes,larissa.oliveira.fernandes995@email.com,Feminino,BR
996,Matheus Guimaraes Macedo,matheus.guimaraes.macedo996@email.com,Masculino,BR
997,Ana Araujo Dias,ana.araujo.dias997@email.com,Feminino,BR
998,Ricardo Alves Tavares,ricardo.alves.tavares998@email.com,Masculino,BR
999,Juliana Lopes Tavares,juliana.lopes.tavares999@email.com,Feminino,BR
1000,Roberto Araujo Pinheiro,roberto.araujo.pinheiro1000@email.com,Masculino,BR
1001,Juliana Moreira Lopes,juliana.moreira.lopes1001@email.com,Feminino,BR
1002,Eduardo Castro Dias,eduardo.castro.dias1002@email.com,Masculino,BR
1003,Fernanda Souza Barros,fernanda.souza.barros1003@email.com,Feminino,BR
1004,Rodrigo Carvalho Torres,rodrigo.carvalho.torres1004@email.com,Masculino,BR
1005,Eliane Cardoso Duarte,eliane.cardoso.duarte1005@email.com,Feminino,BR
1006,Wagner Macedo Brito,wagner.macedo.brito1006@email.com,Masculino,BR
1007,Simone Araujo Monteiro,simone.araujo.monteiro1007@email.com,Feminino,BR
1008,Rafael Siqueira Moura,rafael.siqueira.moura1008@email.com,Masculino,BR
1009,Cristina Cunha Monteiro,cristina.cunha.monteiro1009@email.com,Feminino,BR
1010,Vinicius Costa Pires,vinicius.costa.pires1010@email.com,Masculino,BR
1011,Rosana Pinheiro Ribeiro,rosana.pinheiro.ribeiro1011@email.com,Feminino,BR
1012,Guilherme Pires Rezende,guilherme.pires.rezende1012@email.com,Masculino,BR
1013,Fernanda Freitas Vasconcelos,fernanda.freitas.vasconcelos1013@email.com,Feminino,BR
1014,Alexandre Xavier Moura,alexandre.xavier.moura1014@email.com,Masculino,BR
1015,Simone Nascimento Cunha,simone.nascimento.cunha1015@email.com,Feminino,BR
1016,Matheus Rocha Monteiro,matheus.rocha.monteiro1016@email.com,Masculino,BR
1017,Daniela Ribeiro Coelho,daniela.ribeiro.coelho1017@email.com,Feminino,BR
1018,Marcelo Machado Araujo,marcelo.machado.araujo1018@email.com,Masculino,BR
1019,Cristina Monteiro Melo,cristina.monteiro.melo1019@email.com,Feminino,BR
1020,Rafael Fernandes Azevedo,rafael.fernandes.azevedo1020@email.com,Masculino,BR
1021,Fernanda Pires Cunha,fernanda.pires.cunha1021@email.com,Feminino,BR
1022,Matheus Pires Moura,matheus.pires.moura1022@email.com,Masculino,BR
1023,Beatriz Rodrigues Araujo,beatriz.rodrigues.araujo1023@email.com,Feminino,BR
1024,Henrique Dias Teixeira,henrique.dias.teixeira1024@email.com,Masculino,BR
1025,Camila Lopes Melo,camila.lopes.melo1025@email.com,Feminino,BR
1026,Fabio Ferreira Castro,fabio.ferreira.castro1026@email.com,Masculino,BR
1027,Renata Costa Nunes,renata.costa.nunes1027@email.com,Feminino,BR
1028,Alexandre Brito Tavares,alexandre.brito.tavares1028@email.com,Masculino,BR
1029,Claudia Oliveira Pereira,claudia.oliveira.pereira1029@email.com,Feminino,BR
1030,André Fernandes Coelho,andré.fernandes.coelho1030@email.com,Masculino,BR
1031,Rosana Matos Siqueira,rosana.matos.siqueira1031@email.com,Feminino,BR
1032,Rafael Dias Machado,rafael.dias.machado1032@email.com,Masculino,BR
1033,Tatiana Teixeira Monteiro,tatiana.teixeira.monteiro1033@email.com,Feminino,BR
1034,João Dias Gomes,joão.dias.gomes1034@email.com,Masculino,BR
1035,Larissa Pinheiro Coelho,larissa.pinheiro.coelho1035@email.com,Feminino,BR
1036,Fernando Araujo Nascimento,fernando.araujo.nascimento1036@email.com,Masculino,BR
1037,Claudia Correia Dias,claudia.correia.dias1037@email.com,Feminino,BR
1038,Leonardo Araujo Pires,leonardo.araujo.pires1038@email.com,Masculino,BR
1039,Simone Macedo Barbosa,simone.macedo.barbosa1039@email.com,Feminino,BR
1040,Alexandre Azevedo Castro,alexandre.azevedo.castro1040@email.com,Masculino,BR
1041,Sandra Monteiro Mendes,sandra.monteiro.mendes1041@email.com,Feminino,BR
1042,Fabio Barros Rezende,fabio.barros.rezende1042@email.com,Masculino,BR
1043,Bruna Alves Fernandes,bruna.alves.fernandes1043@email.com,Feminino,BR
1044,Fernando Coelho Reis,fernando.coelho.reis1044@email.com,Masculino,BR
1045,Simone Dias Campos,simone.dias.campos1045@email.com,Feminino,BR
1046,Diego Cunha Oliveira,diego.cunha.oliveira1046@email.com,Masculino,BR
1047,Eliane Carvalho Pinheiro,eliane.carvalho.pinheiro1047@email.com,Feminino,BR
1048,Rafael Santos Mendes,rafael.santos.mendes1048@email.com,Masculino,BR
1049,Tatiane Fonseca Fonseca,tatiane.fonseca.fonseca1049@email.com,Feminino,BR
1050,Matheus Barbosa Rocha,matheus.barbosa.rocha1050@email.com,Masculino,BR
1051,Renata Teixeira Carvalho,renata.teixeira.carvalho1051@email.com,Feminino,BR
1052,Alexandre Duarte Reis,alexandre.duarte.reis1052@email.com,Masculino,BR
1053,Priscila Rezende Pires,priscila.rezende.pires1053@email.com,Feminino,BR
1054,Igor Mendes Coelho,igor.mendes.coelho1054@email.com,Masculino,BR
1055,Pamela Matos Vasconcelos,pamela.matos.vasconcelos1055@email.com,Feminino,BR
1056,Antonio Azevedo Martins,antonio.azevedo.martins1056@email.com,Masculino,BR
1057,Sandra Martins Souza,sandra.martins.souza1057@email.com,Feminino,BR
1058,Marcelo Rezende Ribeiro,marcelo.rezende.ribeiro1058@email.com,Masculino,BR
1059,Gisele Vasconcelos Costa,gisele.vasconcelos.costa1059@email.com,Feminino,BR
1060,Francisco Oliveira Reis,francisco.oliveira.reis1060@email.com,Masculino,BR
1061,Patricia Torres Siqueira,patricia.torres.siqueira1061@email.com,Feminino,BR
1062,Roberto Coelho Silva,roberto.coelho.silva1062@email.com,Masculino,BR
1063,Bianca Souza Reis,bianca.souza.reis1063@email.com,Feminino,BR
1064,Eduardo Pereira Correia,eduardo.pereira.correia1064@email.com,Masculino,BR
1065,Isabela Silva Dias,isabela.silva.dias1065@email.com,Feminino,BR
1066,Jose Azevedo Campos,jose.azevedo.campos1066@email.com,Masculino,BR
1067,Fernanda Guimaraes Morais,fernanda.guimaraes.morais1067@email.com,Feminino,BR
1068,Cesar Machado Siqueira,cesar.machado.siqueira1068@email.com,Masculino,BR
1069,Pamela Santos Silva,pamela.santos.silva1069@email.com,Feminino,BR
1070,Marcelo Pires Cunha,marcelo.pires.cunha1070@email.com,Masculino,BR
1071,Maria Santos Moura,maria.santos.moura1071@email.com,Feminino,BR
1072,Vinicius Castro Barbosa,vinicius.castro.barbosa1072@email.com,Masculino,BR
1073,Ana Barros Torres,ana.barros.torres1073@email.com,Feminino,BR
1074,Guilherme Fernandes Ribeiro,guilherme.fernandes.ribeiro1074@email.com,Masculino,BR
1075,Amanda Alves Moura,amanda.alves.moura1075@email.com,Feminino,BR
1076,Rafael Araujo Gomes,rafael.araujo.gomes1076@email.com,Masculino,BR
1077,Andrea Moura Mendes,andrea.moura.mendes1077@email.com,Feminino,BR
1078,Paulo Nunes Xavier,paulo.nunes.xavier1078@email.com,Masculino,BR
1079,Carolina Ferreira Campos,carolina.ferreira.campos1079@email.com,Feminino,BR
1080,Leonardo Azevedo Duarte,leonardo.azevedo.duarte1080@email.com,Masculino,BR
1081,Priscila Nascimento Carvalho,priscila.nascimento.carvalho1081@email.com,Feminino,BR
1082,Leandro Brito Torres,leandro.brito.torres1082@email.com,Masculino,BR
1083,Camila Vasconcelos Melo,camila.vasconcelos.melo1083@email.com,Feminino,BR
1084,Carlos Ferreira Moreira,carlos.ferreira.moreira1084@email.com,Masculino,BR
1085,Daniela Rodrigues Pires,daniela.rodrigues.pires1085@email.com,Feminino,BR
1086,Fernando Costa Morais,fernando.costa.morais1086@email.com,Masculino,BR
1087,Maria Nascimento Martins,maria.nascimento.martins1087@email.com,Feminino,BR
1088,Bruno Rezende Melo,bruno.rezende.melo1088@email.com,Masculino,BR
1089,Luciana Vasconcelos Xavier,luciana.vasconcelos.xavier1089@email.com,Feminino,BR
1090,Igor Duarte Melo,igor.duarte.melo1090@email.com,Masculino,BR
1091,Amanda Moura Oliveira,amanda.moura.oliveira1091@email.com,Feminino,BR
1092,Eduardo Dias Nascimento,eduardo.dias.nascimento1092@email.com,Masculino,BR
1093,Eliane Machado Nunes,eliane.machado.nunes1093@email.com,Feminino,BR
1094,Carlos Pereira Brito,carlos.pereira.brito1094@email.com,Masculino,BR
1095,Sabrina Castro Duarte,sabrina.castro.duarte1095@email.com,Feminino,BR
1096,Carlos Ribeiro Melo,carlos.ribeiro.melo1096@email.com,Masculino,BR
1097,Simone Santos Dias,simone.santos.dias1097@email.com,Feminino,BR
1098,Mauricio Rocha Coelho,mauricio.rocha.coelho1098@email.com,Masculino,BR
1099,Carolina Pereira Monteiro,carolina.pereira.monteiro1099@email.com,Feminino,BR
1100,Thiago Duarte Araujo,thiago.duarte.araujo1100@email.com,Masculino,BR
1101,Eliane Reis Melo,eliane.reis.melo1101@email.com,Feminino,BR
1102,Alexandre Brito Castro,alexandre.brito.castro1102@email.com,Masculino,BR
1103,Monica Rodrigues Coelho,monica.rodrigues.coelho1103@email.com,Feminino,BR
1104,Gabriel Xavier Nascimento,gabriel.xavier.nascimento1104@email.com,Masculino,BR
1105,Camila Barros Pinheiro,camila.barros.pinheiro1105@email.com,Feminino,BR
1106,Paulo Costa Alves,paulo.costa.alves1106@email.com,Masculino,BR
1107,Luciana Carvalho Reis,luciana.carvalho.reis1107@email.com,Feminino,BR
1108,Ricardo Teixeira Tavares,ricardo.teixeira.tavares1108@email.com,Masculino,BR
1109,Andrea Tavares Moreira,andrea.tavares.moreira1109@email.com,Feminino,BR
1110,Diego Santos Morais,diego.santos.morais1110@email.com,Masculino,BR
1111,Sabrina Xavier Lopes,sabrina.xavier.lopes1111@email.com,Feminino,BR
1112,Antonio Carvalho Freitas,antonio.carvalho.freitas1112@email.com,Masculino,BR
1113,Tatiane Rodrigues Ramos,tatiane.rodrigues.ramos1113@email.com,Feminino,BR
1114,Daniel Brito Fonseca,daniel.brito.fonseca1114@email.com,Masculino,BR
1115,Daniela Ferreira Macedo,daniela.ferreira.macedo1115@email.com,Feminino,BR
1116,Cesar Barbosa Fernandes,cesar.barbosa.fernandes1116@email.com,Masculino,BR
1117,Priscila Correia Pereira,priscila.correia.pereira1117@email.com,Feminino,BR
1118,Bruno Nunes Rocha,bruno.nunes.rocha1118@email.com,Masculino,BR
1119,Daniela Correia Xavier,daniela.correia.xavier1119@email.com,Feminino,BR
1120,Rafael Pinheiro Rodrigues,rafael.pinheiro.rodrigues1120@email.com,Masculino,BR
1121,Simone Campos Alves,simone.campos.alves1121@email.com,Feminino,BR
1122,Bruno Silva Monteiro,bruno.silva.monteiro1122@email.com,Masculino,BR
1123,Jessica Campos Coelho,jessica.campos.coelho1123@email.com,Feminino,BR
1124,Vinicius Alves Souza,vinicius.alves.souza1124@email.com,Masculino,BR
1125,Camila Ribeiro Ramos,camila.ribeiro.ramos1125@email.com,Feminino,BR
1126,Renato Pires Pires,renato.pires.pires1126@email.com,Masculino,BR
1127,Aline Cunha Alves,aline.cunha.alves1127@email.com,Feminino,BR
1128,Pedro Ferreira Freitas,pedro.ferreira.freitas1128@email.com,Masculino,BR
1129,Tatiane Ferreira Tavares,tatiane.ferreira.tavares1129@email.com,Feminino,BR
1130,Wagner Xavier Cardoso,wagner.xavier.cardoso1130@email.com,Masculino,BR
1131,Daniela Silva Barbosa,daniela.silva.barbosa1131@email.com,Feminino,BR
1132,Matheus Rodrigues Macedo,matheus.rodrigues.macedo1132@email.com,Masculino,BR
1133,Camila Matos Pires,camila.matos.pires1133@email.com,Feminino,BR
1134,Gustavo Duarte Moura,gustavo.duarte.moura1134@email.com,Masculino,BR
1135,Mariana Brito Rodrigues,mariana.brito.rodrigues1135@email.com,Feminino,BR
1136,Thiago Souza Nunes,thiago.souza.nunes1136@email.com,Masculino,BR
1137,Raquel Nunes Rezende,raquel.nunes.rezende1137@email.com,Feminino,BR
1138,Rafael Pereira Martins,rafael.pereira.martins1138@email.com,Masculino,BR
1139,Luciana Nunes Cunha,luciana.nunes.cunha1139@email.com,Feminino,BR
1140,Leandro Machado Xavier,leandro.machado.xavier1140@email.com,Masculino,BR
1141,Patricia Campos Mendes,patricia.campos.mendes1141@email.com,Feminino,BR
1142,Gustavo Matos Morais,gustavo.matos.morais1142@email.com,Masculino,BR
1143,Pamela Tavares Guimaraes,pamela.tavares.guimaraes1143@email.com,Feminino,BR
1144,André Azevedo Alves,andré.azevedo.alves1144@email.com,Masculino,BR
1145,Beatriz Monteiro Silva,beatriz.monteiro.silva1145@email.com,Feminino,BR
1146,Leonardo Teixeira Reis,leonardo.teixeira.reis1146@email.com,Masculino,BR
1147,Andrea Rodrigues Fernandes,andrea.rodrigues.fernandes1147@email.com,Feminino,BR
1148,Igor Lopes Teixeira,igor.lopes.teixeira1148@email.com,Masculino,BR
1149,Luciana Torres Torres,luciana.torres.torres1149@email.com,Feminino,BR
1150,Wagner Souza Monteiro,wagner.souza.monteiro1150@email.com,Masculino,BR
1151,Simone Tavares Nascimento,simone.tavares.nascimento1151@email.com,Feminino,BR
1152,André Machado Cardoso,andré.machado.cardoso1152@email.com,Masculino,BR
1153,Vanessa Moreira Cardoso,vanessa.moreira.cardoso1153@email.com,Feminino,BR
1154,Rodrigo Pinheiro Nascimento,rodrigo.pinheiro.nascimento1154@email.com,Masculino,BR
1155,Pamela Duarte Xavier,pamela.duarte.xavier1155@email.com,Feminino,BR
1156,Gustavo Cardoso Rodrigues,gustavo.cardoso.rodrigues1156@email.com,Masculino,BR
1157,Sabrina Torres Xavier,sabrina.torres.xavier1157@email.com,Feminino,BR
1158,Leonardo Campos Lima,leonardo.campos.lima1158@email.com,Masculino,BR
1159,Eliane Gomes Fonseca,eliane.gomes.fonseca1159@email.com,Feminino,BR
1160,Marcelo Ribeiro Brito,marcelo.ribeiro.brito1160@email.com,Masculino,BR
1161,Tatiane Santos Matos,tatiane.santos.matos1161@email.com,Feminino,BR
1162,Caio Correia Dias,caio.correia.dias1162@email.com,Masculino,BR
1163,Jessica Fernandes Barbosa,jessica.fernandes.barbosa1163@email.com,Feminino,BR
1164,Ricardo Torres Melo,ricardo.torres.melo1164@email.com,Masculino,BR
1165,Bianca Brito Rezende,bianca.brito.rezende1165@email.com,Feminino,BR
1166,Gabriel Morais Monteiro,gabriel.morais.monteiro1166@email.com,Masculino,BR
1167,Priscila Mendes Siqueira,priscila.mendes.siqueira1167@email.com,Feminino,BR
1168,Rafael Correia Ramos,rafael.correia.ramos1168@email.com,Masculino,BR
1169,Daniela Pereira Lopes,daniela.pereira.lopes1169@email.com,Feminino,BR
1170,Wagner Machado Fonseca,wagner.machado.fonseca1170@email.com,Masculino,BR
1171,Carolina Castro Barros,carolina.castro.barros1171@email.com,Feminino,BR
1172,Matheus Castro Oliveira,matheus.castro.oliveira1172@email.com,Masculino,BR
1173,Carla Nascimento Fernandes,carla.nascimento.fernandes1173@email.com,Feminino,BR
1174,Marcelo Tavares Morais,marcelo.tavares.morais1174@email.com,Masculino,BR
1175,Camila Alves Macedo,camila.alves.macedo1175@email.com,Feminino,BR
1176,Gustavo Siqueira Siqueira,gustavo.siqueira.siqueira1176@email.com,Masculino,BR
1177,Sandra Martins Vasconcelos,sandra.martins.vasconcelos1177@email.com,Feminino,BR
1178,Cesar Oliveira Duarte,cesar.oliveira.duarte1178@email.com,Masculino,BR
1179,Carolina Coelho Teixeira,carolina.coelho.teixeira1179@email.com,Feminino,BR
1180,Guilherme Alves Silva,guilherme.alves.silva1180@email.com,Masculino,BR
1181,Amanda Mendes Carvalho,amanda.mendes.carvalho1181@email.com,Feminino,BR
1182,Jose Pinheiro Moura,jose.pinheiro.moura1182@email.com,Masculino,BR
1183,Tatiane Fonseca Nascimento,tatiane.fonseca.nascimento1183@email.com,Feminino,BR
1184,Sergio Carvalho Lopes,sergio.carvalho.lopes1184@email.com,Masculino,BR
1185,Carla Moreira Azevedo,carla.moreira.azevedo1185@email.com,Feminino,BR
1186,Mauricio Nascimento Barros,mauricio.nascimento.barros1186@email.com,Masculino,BR
1187,Isabela Freitas Santos,isabela.freitas.santos1187@email.com,Feminino,BR
1188,Fernando Alves Barbosa,fernando.alves.barbosa1188@email.com,Masculino,BR
1189,Bianca Ferreira Lima,bianca.ferreira.lima1189@email.com,Feminino,BR
1190,Rafael Freitas Monteiro,rafael.freitas.monteiro1190@email.com,Masculino,BR
1191,Monica Azevedo Xavier,monica.azevedo.xavier1191@email.com,Feminino,BR
1192,Marcos Moura Machado,marcos.moura.machado1192@email.com,Masculino,BR
1193,Sandra Machado Alves,sandra.machado.alves1193@email.com,Feminino,BR
1194,Renato Matos Nascimento,renato.matos.nascimento1194@email.com,Masculino,BR
1195,Jessica Cardoso Pereira,jessica.cardoso.pereira1195@email.com,Feminino,BR
1196,Leandro Oliveira Fernandes,leandro.oliveira.fernandes1196@email.com,Masculino,BR
1197,Larissa Santos Melo,larissa.santos.melo1197@email.com,Feminino,BR
1198,Igor Vasconcelos Alves,igor.vasconcelos.alves1198@email.com,Masculino,BR
1199,Mariana Pinheiro Araujo,mariana.pinheiro.araujo1199@email.com,Feminino,BR
1200,Francisco Ribeiro Pires,francisco.ribeiro.pires1200@email.com,Masculino,BR
1201,Mariana Teixeira Pires,mariana.teixeira.pires1201@email.com,Feminino,BR
1202,Guilherme Azevedo Carvalho,guilherme.azevedo.carvalho1202@email.com,Masculino,BR
1203,Carolina Morais Ribeiro,carolina.morais.ribeiro1203@email.com,Feminino,BR
1204,Daniel Morais Siqueira,daniel.morais.siqueira1204@email.com,Masculino,BR
1205,Luciana Moreira Santos,luciana.moreira.santos1205@email.com,Feminino,BR
1206,Cesar Gomes Lopes,cesar.gomes.lopes1206@email.com,Masculino,BR
1207,Rosana Ramos Rodrigues,rosana.ramos.rodrigues1207@email.com,Feminino,BR
1208,João Correia Dias,joão.correia.dias1208@email.com,Masculino,BR
1209,Tatiana Nunes Coelho,tatiana.nunes.coelho1209@email.com,Feminino,BR
1210,Ricardo Duarte Alves,ricardo.duarte.alves1210@email.com,Masculino,BR
1211,Gisele Ribeiro Campos,gisele.ribeiro.campos1211@email.com,Feminino,BR
1212,Diego Gomes Azevedo,diego.gomes.azevedo1212@email.com,Masculino,BR
1213,Larissa Mendes Siqueira,larissa.mendes.siqueira1213@email.com,Feminino,BR
1214,Antonio Moura Morais,antonio.moura.morais1214@email.com,Masculino,BR
1215,Simone Tavares Rodrigues,simone.tavares.rodrigues1215@email.com,Feminino,BR
1216,Cesar Moreira Fonseca,cesar.moreira.fonseca1216@email.com,Masculino,BR
1217,Larissa Freitas Freitas,larissa.freitas.freitas1217@email.com,Feminino,BR
1218,Caio Guimaraes Ribeiro,caio.guimaraes.ribeiro1218@email.com,Masculino,BR
1219,Raquel Guimaraes Fonseca,raquel.guimaraes.fonseca1219@email.com,Feminino,BR
1220,Bruno Brito Souza,bruno.brito.souza1220@email.com,Masculino,BR
1221,Simone Lima Araujo,simone.lima.araujo1221@email.com,Feminino,BR
1222,Leandro Lima Ribeiro,leandro.lima.ribeiro1222@email.com,Masculino,BR
1223,Carla Nascimento Rocha,carla.nascimento.rocha1223@email.com,Feminino,BR
1224,Jose Rodrigues Cunha,jose.rodrigues.cunha1224@email.com,Masculino,BR
1225,Claudia Souza Duarte,claudia.souza.duarte1225@email.com,Feminino,BR
1226,Alexandre Ramos Ribeiro,alexandre.ramos.ribeiro1226@email.com,Masculino,BR
1227,Pamela Morais Castro,pamela.morais.castro1227@email.com,Feminino,BR
1228,Daniel Pires Martins,daniel.pires.martins1228@email.com,Masculino,BR
1229,Pamela Barbosa Souza,pamela.barbosa.souza1229@email.com,Feminino,BR
1230,Daniel Cardoso Reis,daniel.cardoso.reis1230@email.com,Masculino,BR
1231,Jessica Guimaraes Costa,jessica.guimaraes.costa1231@email.com,Feminino,BR
1232,Paulo Silva Rezende,paulo.silva.rezende1232@email.com,Masculino,BR
1233,Beatriz Gomes Torres,beatriz.gomes.torres1233@email.com,Feminino,BR
1234,Alexandre Pires Barros,alexandre.pires.barros1234@email.com,Masculino,BR
1235,Pamela Cunha Brito,pamela.cunha.brito1235@email.com,Feminino,BR
1236,Antonio Cunha Correia,antonio.cunha.correia1236@email.com,Masculino,BR
1237,Jessica Rezende Martins,jessica.rezende.martins1237@email.com,Feminino,BR
1238,Bruno Duarte Santos,bruno.duarte.santos1238@email.com,Masculino,BR
1239,Cristina Barbosa Oliveira,cristina.barbosa.oliveira1239@email.com,Feminino,BR
1240,Vinicius Carvalho Castro,vinicius.carvalho.castro1240@email.com,Masculino,BR
1241,Leticia Martins Macedo,leticia.martins.macedo1241@email.com,Feminino,BR
1242,Caio Duarte Pinheiro,caio.duarte.pinheiro1242@email.com,Masculino,BR
1243,Pamela Pires Barros,pamela.pires.barros1243@email.com,Feminino,BR
1244,Felipe Duarte Lima,felipe.duarte.lima1244@email.com,Masculino,BR
1245,Sabrina Macedo Castro,sabrina.macedo.castro1245@email.com,Feminino,BR
1246,Fabio Castro Torres,fabio.castro.torres1246@email.com,Masculino,BR
1247,Juliana Coelho Matos,juliana.coelho.matos1247@email.com,Feminino,BR
1248,Renato Castro Dias,renato.castro.dias1248@email.com,Masculino,BR
1249,Luciana Alves Pinheiro,luciana.alves.pinheiro1249@email.com,Feminino,BR
1250,Gustavo Monteiro Oliveira,gustavo.monteiro.oliveira1250@email.com,Masculino,BR
1251,Jessica Mendes Freitas,jessica.mendes.freitas1251@email.com,Feminino,BR
1252,Bruno Lopes Lima,bruno.lopes.lima1252@email.com,Masculino,BR
1253,Priscila Dias Fernandes,priscila.dias.fernandes1253@email.com,Feminino,BR
1254,Mauricio Nascimento Freitas,mauricio.nascimento.freitas1254@email.com,Masculino,BR
1255,Andrea Morais Ramos,andrea.morais.ramos1255@email.com,Feminino,BR
1256,Thiago Guimaraes Souza,thiago.guimaraes.souza1256@email.com,Masculino,BR
1257,Tatiana Torres Dias,tatiana.torres.dias1257@email.com,Feminino,BR
1258,Roberto Duarte Freitas,roberto.duarte.freitas1258@email.com,Masculino,BR
1259,Gisele Nunes Tavares,gisele.nunes.tavares1259@email.com,Feminino,BR
1260,Marcelo Martins Cardoso,marcelo.martins.cardoso1260@email.com,Masculino,BR
1261,Leticia Barbosa Duarte,leticia.barbosa.duarte1261@email.com,Feminino,BR
1262,Vinicius Melo Barros,vinicius.melo.barros1262@email.com,Masculino,BR
1263,Amanda Souza Coelho,amanda.souza.coelho1263@email.com,Feminino,BR
1264,Matheus Costa Nunes,matheus.costa.nunes1264@email.com,Masculino,BR
1265,Beatriz Nascimento Souza,beatriz.nascimento.souza1265@email.com,Feminino,BR
1266,Gustavo Rocha Correia,gustavo.rocha.correia1266@email.com,Masculino,BR
1267,Simone Reis Araujo,simone.reis.araujo1267@email.com,Feminino,BR
1268,Leonardo Rezende Rocha,leonardo.rezende.rocha1268@email.com,Masculino,BR
1269,Eliane Morais Nunes,eliane.morais.nunes1269@email.com,Feminino,BR
1270,Matheus Rodrigues Lopes,matheus.rodrigues.lopes1270@email.com,Masculino,BR
1271,Patricia Morais Xavier,patricia.morais.xavier1271@email.com,Feminino,BR
1272,Bruno Moreira Barros,bruno.moreira.barros1272@email.com,Masculino,BR
1273,Sabrina Nascimento Campos,sabrina.nascimento.campos1273@email.com,Feminino,BR
1274,Caio Rezende Cardoso,caio.rezende.cardoso1274@email.com,Masculino,BR
1275,Rosana Silva Macedo,rosana.silva.macedo1275@email.com,Feminino,BR
1276,Bruno Matos Azevedo,bruno.matos.azevedo1276@email.com,Masculino,BR
1277,Sandra Melo Pereira,sandra.melo.pereira1277@email.com,Feminino,BR
1278,Marcelo Moreira Dias,marcelo.moreira.dias1278@email.com,Masculino,BR
1279,Luciana Torres Dias,luciana.torres.dias1279@email.com,Feminino,BR
1280,Antonio Nunes Cardoso,antonio.nunes.cardoso1280@email.com,Masculino,BR
1281,Leticia Teixeira Pires,leticia.teixeira.pires1281@email.com,Feminino,BR
1282,Sergio Souza Duarte,sergio.souza.duarte1282@email.com,Masculino,BR
1283,Pamela Xavier Teixeira,pamela.xavier.teixeira1283@email.com,Feminino,BR
1284,Roberto Oliveira Alves,roberto.oliveira.alves1284@email.com,Masculino,BR
1285,Bruna Santos Lima,bruna.santos.lima1285@email.com,Feminino,BR
1286,Thiago Lopes Azevedo,thiago.lopes.azevedo1286@email.com,Masculino,BR
1287,Maria Ramos Gomes,maria.ramos.gomes1287@email.com,Feminino,BR
1288,Gabriel Vasconcelos Monteiro,gabriel.vasconcelos.monteiro1288@email.com,Masculino,BR
1289,Mariana Nunes Ferreira,mariana.nunes.ferreira1289@email.com,Feminino,BR
1290,Fabio Mendes Ferreira,fabio.mendes.ferreira1290@email.com,Masculino,BR
1291,Carla Siqueira Vasconcelos,carla.siqueira.vasconcelos1291@email.com,Feminino,BR
1292,Thiago Costa Moreira,thiago.costa.moreira1292@email.com,Masculino,BR
1293,Raquel Matos Nascimento,raquel.matos.nascimento1293@email.com,Feminino,BR
1294,Eduardo Ramos Vasconcelos,eduardo.ramos.vasconcelos1294@email.com,Masculino,BR
1295,Camila Correia Alves,camila.correia.alves1295@email.com,Feminino,BR
1296,João Dias Machado,joão.dias.machado1296@email.com,Masculino,BR
1297,Patricia Souza Fonseca,patricia.souza.fonseca1297@email.com,Feminino,BR
1298,Eduardo Moura Brito,eduardo.moura.brito1298@email.com,Masculino,BR
1299,Jessica Silva Silva,jessica.silva.silva1299@email.com,Feminino,BR
1300,Igor Torres Lima,igor.torres.lima1300@email.com,Masculino,BR
1301,Luciana Nascimento Souza,luciana.nascimento.souza1301@email.com,Feminino,BR
1302,Fernando Pereira Carvalho,fernando.pereira.carvalho1302@email.com,Masculino,BR
1303,Daniela Ferreira Matos,daniela.ferreira.matos1303@email.com,Feminino,BR
1304,Lucas Alves Cardoso,lucas.alves.cardoso1304@email.com,Masculino,BR
1305,Carla Monteiro Souza,carla.monteiro.souza1305@email.com,Feminino,BR
1306,Alexandre Macedo Torres,alexandre.macedo.torres1306@email.com,Masculino,BR
1307,Beatriz Vasconcelos Brito,beatriz.vasconcelos.brito1307@email.com,Feminino,BR
1308,Rafael Pereira Moura,rafael.pereira.moura1308@email.com,Masculino,BR
1309,Eliane Silva Guimaraes,eliane.silva.guimaraes1309@email.com,Feminino,BR
1310,Thiago Lopes Freitas,thiago.lopes.freitas1310@email.com,Masculino,BR
1311,Tatiana Morais Pinheiro,tatiana.morais.pinheiro1311@email.com,Feminino,BR
1312,Rafael Cunha Guimaraes,rafael.cunha.guimaraes1312@email.com,Masculino,BR
1313,Jessica Dias Ferreira,jessica.dias.ferreira1313@email.com,Feminino,BR
1314,Lucas Souza Coelho,lucas.souza.coelho1314@email.com,Masculino,BR
1315,Larissa Fonseca Matos,larissa.fonseca.matos1315@email.com,Feminino,BR
1316,Alexandre Freitas Ramos,alexandre.freitas.ramos1316@email.com,Masculino,BR
1317,Simone Xavier Souza,simone.xavier.souza1317@email.com,Feminino,BR
1318,Gustavo Nunes Vasconcelos,gustavo.nunes.vasconcelos1318@email.com,Masculino,BR
1319,Camila Araujo Pires,camila.araujo.pires1319@email.com,Feminino,BR
1320,Wagner Tavares Matos,wagner.tavares.matos1320@email.com,Masculino,BR
1321,Claudia Barbosa Macedo,claudia.barbosa.macedo1321@email.com,Feminino,BR
1322,Pedro Melo Melo,pedro.melo.melo1322@email.com,Masculino,BR
1323,Raquel Dias Moura,raquel.dias.moura1323@email.com,Feminino,BR
1324,Wagner Barros Gomes,wagner.barros.gomes1324@email.com,Masculino,BR
1325,Carolina Barbosa Vasconcelos,carolina.barbosa.vasconcelos1325@email.com,Feminino,BR
1326,Roberto Xavier Xavier,roberto.xavier.xavier1326@email.com,Masculino,BR
1327,Priscila Rezende Rodrigues,priscila.rezende.rodrigues1327@email.com,Feminino,BR
1328,Felipe Araujo Rezende,felipe.araujo.rezende1328@email.com,Masculino,BR
1329,Claudia Pereira Moura,claudia.pereira.moura1329@email.com,Feminino,BR
1330,João Campos Cardoso,joão.campos.cardoso1330@email.com,Masculino,BR
1331,Beatriz Rodrigues Reis,beatriz.rodrigues.reis1331@email.com,Feminino,BR
1332,Sergio Cunha Campos,sergio.cunha.campos1332@email.com,Masculino,BR
1333,Gisele Brito Ribeiro,gisele.brito.ribeiro1333@email.com,Feminino,BR
1334,Fernando Macedo Pereira,fernando.macedo.pereira1334@email.com,Masculino,BR
1335,Ana Fonseca Pereira,ana.fonseca.pereira1335@email.com,Feminino,BR
1336,João Mendes Dias,joão.mendes.dias1336@email.com,Masculino,BR
1337,Juliana Costa Xavier,juliana.costa.xavier1337@email.com,Feminino,BR
1338,Leonardo Barros Barbosa,leonardo.barros.barbosa1338@email.com,Masculino,BR
1339,Aline Macedo Cunha,aline.macedo.cunha1339@email.com,Feminino,BR
1340,Guilherme Nascimento Moreira,guilherme.nascimento.moreira1340@email.com,Masculino,BR
1341,Camila Morais Castro,camila.morais.castro1341@email.com,Feminino,BR
1342,Marcelo Guimaraes Rocha,marcelo.guimaraes.rocha1342@email.com,Masculino,BR
1343,Sabrina Ferreira Monteiro,sabrina.ferreira.monteiro1343@email.com,Feminino,BR
1344,Bruno Barros Dias,bruno.barros.dias1344@email.com,Masculino,BR
1345,Isabela Castro Cardoso,isabela.castro.cardoso1345@email.com,Feminino,BR
1346,Leonardo Fonseca Morais,leonardo.fonseca.morais1346@email.com,Masculino,BR
1347,Patricia Monteiro Nascimento,patricia.monteiro.nascimento1347@email.com,Feminino,BR
1348,Guilherme Matos Melo,guilherme.matos.melo1348@email.com,Masculino,BR
1349,Priscila Costa Araujo,priscila.costa.araujo1349@email.com,Feminino,BR
1350,Bruno Ramos Lima,bruno.ramos.lima1350@email.com,Masculino,BR
1351,Bruna Guimaraes Tavares,bruna.guimaraes.tavares1351@email.com,Feminino,BR
1352,Roberto Monteiro Siqueira,roberto.monteiro.siqueira1352@email.com,Masculino,BR
1353,Vanessa Lima Silva,vanessa.lima.silva1353@email.com,Feminino,BR
1354,Gabriel Nascimento Silva,gabriel.nascimento.silva1354@email.com,Masculino,BR
1355,Mariana Rezende Freitas,mariana.rezende.freitas1355@email.com,Feminino,BR
1356,Francisco Moura Xavier,francisco.moura.xavier1356@email.com,Masculino,BR
1357,Adriana Martins Campos,adriana.martins.campos1357@email.com,Feminino,BR
1358,Gabriel Pinheiro Macedo,gabriel.pinheiro.macedo1358@email.com,Masculino,BR
1359,Sabrina Matos Lima,sabrina.matos.lima1359@email.com,Feminino,BR
1360,Pedro Teixeira Fernandes,pedro.teixeira.fernandes1360@email.com,Masculino,BR
1361,Luciana Nunes Moura,luciana.nunes.moura1361@email.com,Feminino,BR
1362,Ricardo Mendes Correia,ricardo.mendes.correia1362@email.com,Masculino,BR
1363,Eliane Morais Pereira,eliane.morais.pereira1363@email.com,Feminino,BR
1364,Antonio Azevedo Barros,antonio.azevedo.barros1364@email.com,Masculino,BR
1365,Carla Costa Rezende,carla.costa.rezende1365@email.com,Feminino,BR
1366,Sergio Martins Campos,sergio.martins.campos1366@email.com,Masculino,BR
1367,Mariana Mendes Macedo,mariana.mendes.macedo1367@email.com,Feminino,BR
1368,Lucas Duarte Brito,lucas.duarte.brito1368@email.com,Masculino,BR
1369,Larissa Carvalho Pinheiro,larissa.carvalho.pinheiro1369@email.com,Feminino,BR
1370,Jose Silva Oliveira,jose.silva.oliveira1370@email.com,Masculino,BR
1371,Maria Araujo Oliveira,maria.araujo.oliveira1371@email.com,Feminino,BR
1372,Fernando Campos Rodrigues,fernando.campos.rodrigues1372@email.com,Masculino,BR
1373,Isabela Ribeiro Melo,isabela.ribeiro.melo1373@email.com,Feminino,BR
1374,Carlos Pires Fernandes,carlos.pires.fernandes1374@email.com,Masculino,BR
1375,Bianca Carvalho Cardoso,bianca.carvalho.cardoso1375@email.com,Feminino,BR
1376,Gustavo Cunha Matos,gustavo.cunha.matos1376@email.com,Masculino,BR
1377,Simone Nunes Torres,simone.nunes.torres1377@email.com,Feminino,BR
1378,Ricardo Duarte Campos,ricardo.duarte.campos1378@email.com,Masculino,BR
1379,Larissa Barros Brito,larissa.barros.brito1379@email.com,Feminino,BR
1380,Roberto Ribeiro Carvalho,roberto.ribeiro.carvalho1380@email.com,Masculino,BR
1381,Fabiana Oliveira Moreira,fabiana.oliveira.moreira1381@email.com,Feminino,BR
1382,Ricardo Azevedo Barbosa,ricardo.azevedo.barbosa1382@email.com,Masculino,BR
1383,Raquel Cardoso Ferreira,raquel.cardoso.ferreira1383@email.com,Feminino,BR
1384,Rafael Azevedo Silva,rafael.azevedo.silva1384@email.com,Masculino,BR
1385,Carla Gomes Barbosa,carla.gomes.barbosa1385@email.com,Feminino,BR
1386,Sergio Xavier Monteiro,sergio.xavier.monteiro1386@email.com,Masculino,BR
1387,Andrea Araujo Azevedo,andrea.araujo.azevedo1387@email.com,Feminino,BR
1388,Fabio Fonseca Rezende,fabio.fonseca.rezende1388@email.com,Masculino,BR
1389,Renata Matos Castro,renata.matos.castro1389@email.com,Feminino,BR
1390,Gustavo Rocha Silva,gustavo.rocha.silva1390@email.com,Masculino,BR
1391,Bianca Santos Carvalho,bianca.santos.carvalho1391@email.com,Feminino,BR
1392,Marcelo Freitas Morais,marcelo.freitas.morais1392@email.com,Masculino,BR
1393,Maria Teixeira Silva,maria.teixeira.silva1393@email.com,Feminino,BR
1394,Alexandre Melo Pinheiro,alexandre.melo.pinheiro1394@email.com,Masculino,BR
1395,Raquel Alves Dias,raquel.alves.dias1395@email.com,Feminino,BR
1396,Francisco Araujo Cunha,francisco.araujo.cunha1396@email.com,Masculino,BR
1397,Pamela Costa Rocha,pamela.costa.rocha1397@email.com,Feminino,BR
1398,Vinicius Ferreira Oliveira,vinicius.ferreira.oliveira1398@email.com,Masculino,BR
1399,Cristina Melo Moura,cristina.melo.moura1399@email.com,Feminino,BR
1400,Matheus Nascimento Campos,matheus.nascimento.campos1400@email.com,Masculino,BR
1401,Bruna Pinheiro Ferreira,bruna.pinheiro.ferreira1401@email.com,Feminino,BR
1402,Mauricio Alves Barros,mauricio.alves.barros1402@email.com,Masculino,BR
1403,Beatriz Morais Torres,beatriz.morais.torres1403@email.com,Feminino,BR
1404,Leonardo Pereira Fonseca,leonardo.pereira.fonseca1404@email.com,Masculino,BR
1405,Eliane Costa Ramos,eliane.costa.ramos1405@email.com,Feminino,BR
1406,Gabriel Araujo Barbosa,gabriel.araujo.barbosa1406@email.com,Masculino,BR
1407,Adriana Melo Cardoso,adriana.melo.cardoso1407@email.com,Feminino,BR
1408,Leonardo Nascimento Reis,leonardo.nascimento.reis1408@email.com,Masculino,BR
1409,Simone Cardoso Lopes,simone.cardoso.lopes1409@email.com,Feminino,BR
1410,Vinicius Carvalho Pereira,vinicius.carvalho.pereira1410@email.com,Masculino,BR
1411,Renata Souza Macedo,renata.souza.macedo1411@email.com,Feminino,BR
1412,Mauricio Alves Rocha,mauricio.alves.rocha1412@email.com,Masculino,BR
1413,Amanda Martins Lopes,amanda.martins.lopes1413@email.com,Feminino,BR
1414,Caio Cardoso Cunha,caio.cardoso.cunha1414@email.com,Masculino,BR
1415,Larissa Castro Freitas,larissa.castro.freitas1415@email.com,Feminino,BR
1416,Marcos Lopes Monteiro,marcos.lopes.monteiro1416@email.com,Masculino,BR
1417,Bruna Mendes Melo,bruna.mendes.melo1417@email.com,Feminino,BR
1418,Felipe Ferreira Martins,felipe.ferreira.martins1418@email.com,Masculino,BR
1419,Raquel Torres Correia,raquel.torres.correia1419@email.com,Feminino,BR
1420,Wagner Oliveira Dias,wagner.oliveira.dias1420@email.com,Masculino,BR
1421,Simone Rocha Ferreira,simone.rocha.ferreira1421@email.com,Feminino,BR
1422,Gustavo Freitas Moreira,gustavo.freitas.moreira1422@email.com,Masculino,BR
1423,Aline Costa Brito,aline.costa.brito1423@email.com,Feminino,BR
1424,Leandro Mendes Torres,leandro.mendes.torres1424@email.com,Masculino,BR
1425,Vanessa Santos Moreira,vanessa.santos.moreira1425@email.com,Feminino,BR
1426,Renato Pires Pinheiro,renato.pires.pinheiro1426@email.com,Masculino,BR
1427,Tatiane Araujo Alves,tatiane.araujo.alves1427@email.com,Feminino,BR
1428,Caio Alves Fernandes,caio.alves.fernandes1428@email.com,Masculino,BR
1429,Beatriz Lima Silva,beatriz.lima.silva1429@email.com,Feminino,BR
1430,Roberto Reis Macedo,roberto.reis.macedo1430@email.com,Masculino,BR
1431,Cristina Souza Gomes,cristina.souza.gomes1431@email.com,Feminino,BR
1432,Leonardo Campos Brito,leonardo.campos.brito1432@email.com,Masculino,BR
1433,Camila Fonseca Fonseca,camila.fonseca.fonseca1433@email.com,Feminino,BR
1434,Henrique Torres Pereira,henrique.torres.pereira1434@email.com,Masculino,BR
1435,Ana Pereira Gomes,ana.pereira.gomes1435@email.com,Feminino,BR
1436,Renato Fernandes Souza,renato.fernandes.souza1436@email.com,Masculino,BR
1437,Camila Melo Reis,camila.melo.reis1437@email.com,Feminino,BR
1438,Igor Lima Oliveira,igor.lima.oliveira1438@email.com,Masculino,BR
1439,Bruna Costa Martins,bruna.costa.martins1439@email.com,Feminino,BR
1440,Sergio Ramos Torres,sergio.ramos.torres1440@email.com,Masculino,BR
1441,Carolina Rezende Santos,carolina.rezende.santos1441@email.com,Feminino,BR
1442,Alexandre Brito Ramos,alexandre.brito.ramos1442@email.com,Masculino,BR
1443,Vanessa Freitas Dias,vanessa.freitas.dias1443@email.com,Feminino,BR
1444,Daniel Nunes Nunes,daniel.nunes.nunes1444@email.com,Masculino,BR
1445,Jessica Rocha Oliveira,jessica.rocha.oliveira1445@email.com,Feminino,BR
1446,Cesar Guimaraes Guimaraes,cesar.guimaraes.guimaraes1446@email.com,Masculino,BR
1447,Priscila Vasconcelos Barbosa,priscila.vasconcelos.barbosa1447@email.com,Feminino,BR
1448,Antonio Cunha Pires,antonio.cunha.pires1448@email.com,Masculino,BR
1449,Thais Costa Ferreira,thais.costa.ferreira1449@email.com,Feminino,BR
1450,Vinicius Rodrigues Souza,vinicius.rodrigues.souza1450@email.com,Masculino,BR
1451,Bianca Gomes Vasconcelos,bianca.gomes.vasconcelos1451@email.com,Feminino,BR
1452,Francisco Araujo Morais,francisco.araujo.morais1452@email.com,Masculino,BR
1453,Gisele Xavier Santos,gisele.xavier.santos1453@email.com,Feminino,BR
1454,Alexandre Xavier Correia,alexandre.xavier.correia1454@email.com,Masculino,BR
1455,Sandra Machado Castro,sandra.machado.castro1455@email.com,Feminino,BR
1456,Antonio Freitas Duarte,antonio.freitas.duarte1456@email.com,Masculino,BR
1457,Aline Cardoso Rodrigues,aline.cardoso.rodrigues1457@email.com,Feminino,BR
1458,Vinicius Ribeiro Santos,vinicius.ribeiro.santos1458@email.com,Masculino,BR
1459,Simone Tavares Carvalho,simone.tavares.carvalho1459@email.com,Feminino,BR
1460,Pedro Fernandes Macedo,pedro.fernandes.macedo1460@email.com,Masculino,BR
1461,Sabrina Costa Fernandes,sabrina.costa.fernandes1461@email.com,Feminino,BR
1462,Fernando Moura Freitas,fernando.moura.freitas1462@email.com,Masculino,BR
1463,Rosana Carvalho Martins,rosana.carvalho.martins1463@email.com,Feminino,BR
1464,Lucas Araujo Siqueira,lucas.araujo.siqueira1464@email.com,Masculino,BR
1465,Priscila Nunes Castro,priscila.nunes.castro1465@email.com,Feminino,BR
1466,Roberto Coelho Carvalho,roberto.coelho.carvalho1466@email.com,Masculino,BR
1467,Eliane Melo Fernandes,eliane.melo.fernandes1467@email.com,Feminino,BR
1468,Alexandre Freitas Reis,alexandre.freitas.reis1468@email.com,Masculino,BR
1469,Vanessa Ribeiro Araujo,vanessa.ribeiro.araujo1469@email.com,Feminino,BR
1470,Mauricio Cardoso Fernandes,mauricio.cardoso.fernandes1470@email.com,Masculino,BR
1471,Sandra Fonseca Santos,sandra.fonseca.santos1471@email.com,Feminino,BR
1472,Paulo Duarte Duarte,paulo.duarte.duarte1472@email.com,Masculino,BR
1473,Isabela Duarte Gomes,isabela.duarte.gomes1473@email.com,Feminino,BR
1474,Antonio Castro Monteiro,antonio.castro.monteiro1474@email.com,Masculino,BR
1475,Vanessa Rezende Oliveira,vanessa.rezende.oliveira1475@email.com,Feminino,BR
1476,Bruno Costa Carvalho,bruno.costa.carvalho1476@email.com,Masculino,BR
1477,Claudia Carvalho Santos,claudia.carvalho.santos1477@email.com,Feminino,BR
1478,Francisco Machado Silva,francisco.machado.silva1478@email.com,Masculino,BR
1479,Monica Guimaraes Gomes,monica.guimaraes.gomes1479@email.com,Feminino,BR
1480,Gabriel Teixeira Correia,gabriel.teixeira.correia1480@email.com,Masculino,BR
1481,Vanessa Fernandes Melo,vanessa.fernandes.melo1481@email.com,Feminino,BR
1482,Diego Costa Santos,diego.costa.santos1482@email.com,Masculino,BR
1483,Isabela Fonseca Correia,isabela.fonseca.correia1483@email.com,Feminino,BR
1484,Rafael Macedo Lima,rafael.macedo.lima1484@email.com,Masculino,BR
1485,Fabiana Campos Pereira,fabiana.campos.pereira1485@email.com,Feminino,BR
1486,Fabio Correia Siqueira,fabio.correia.siqueira1486@email.com,Masculino,BR
1487,Carolina Fonseca Alves,carolina.fonseca.alves1487@email.com,Feminino,BR
1488,Igor Monteiro Cardoso,igor.monteiro.cardoso1488@email.com,Masculino,BR
1489,Beatriz Martins Matos,beatriz.martins.matos1489@email.com,Feminino,BR
1490,Guilherme Xavier Morais,guilherme.xavier.morais1490@email.com,Masculino,BR
1491,Pamela Vasconcelos Cardoso,pamela.vasconcelos.cardoso1491@email.com,Feminino,BR
1492,Daniel Correia Pires,daniel.correia.pires1492@email.com,Masculino,BR
1493,Andrea Xavier Freitas,andrea.xavier.freitas1493@email.com,Feminino,BR
1494,Eduardo Siqueira Fonseca,eduardo.siqueira.fonseca1494@email.com,Masculino,BR
1495,Vanessa Rodrigues Monteiro,vanessa.rodrigues.monteiro1495@email.com,Feminino,BR
1496,Rodrigo Souza Ribeiro,rodrigo.souza.ribeiro1496@email.com,Masculino,BR
1497,Maria Nascimento Duarte,maria.nascimento.duarte1497@email.com,Feminino,BR
1498,Leonardo Melo Macedo,leonardo.melo.macedo1498@email.com,Masculino,BR
1499,Eliane Oliveira Ribeiro,eliane.oliveira.ribeiro1499@email.com,Feminino,BR
1500,Wagner Cardoso Fernandes,wagner.cardoso.fernandes1500@email.com,Masculino,BR
1501,Andrea Carvalho Morais,andrea.carvalho.morais1501@email.com,Feminino,BR
1502,Sergio Alves Rezende,sergio.alves.rezende1502@email.com,Masculino,BR
1503,Isabela Teixeira Pinheiro,isabela.teixeira.pinheiro1503@email.com,Feminino,BR
1504,Ricardo Araujo Freitas,ricardo.araujo.freitas1504@email.com,Masculino,BR
1505,Simone Martins Morais,simone.martins.morais1505@email.com,Feminino,BR
1506,Bruno Torres Correia,bruno.torres.correia1506@email.com,Masculino,BR
1507,Monica Lopes Silva,monica.lopes.silva1507@email.com,Feminino,BR
1508,Henrique Dias Araujo,henrique.dias.araujo1508@email.com,Masculino,BR
1509,Patricia Freitas Mendes,patricia.freitas.mendes1509@email.com,Feminino,BR
1510,Lucas Matos Silva,lucas.matos.silva1510@email.com,Masculino,BR
1511,Fernanda Rodrigues Lopes,fernanda.rodrigues.lopes1511@email.com,Feminino,BR
1512,Matheus Martins Cunha,matheus.martins.cunha1512@email.com,Masculino,BR
1513,Pamela Rodrigues Freitas,pamela.rodrigues.freitas1513@email.com,Feminino,BR
1514,Marcelo Rodrigues Alves,marcelo.rodrigues.alves1514@email.com,Masculino,BR
1515,Thais Xavier Duarte,thais.xavier.duarte1515@email.com,Feminino,BR
1516,Eduardo Martins Lopes,eduardo.martins.lopes1516@email.com,Masculino,BR
1517,Patricia Fernandes Melo,patricia.fernandes.melo1517@email.com,Feminino,BR
1518,Carlos Barbosa Santos,carlos.barbosa.santos1518@email.com,Masculino,BR
1519,Simone Mendes Alves,simone.mendes.alves1519@email.com,Feminino,BR
1520,Ricardo Teixeira Martins,ricardo.teixeira.martins1520@email.com,Masculino,BR
1521,Daniela Martins Matos,daniela.martins.matos1521@email.com,Feminino,BR
1522,Ricardo Pires Ferreira,ricardo.pires.ferreira1522@email.com,Masculino,BR
1523,Monica Tavares Guimaraes,monica.tavares.guimaraes1523@email.com,Feminino,BR
1524,Fernando Correia Santos,fernando.correia.santos1524@email.com,Masculino,BR
1525,Luciana Vasconcelos Martins,luciana.vasconcelos.martins1525@email.com,Feminino,BR
1526,Wagner Ramos Martins,wagner.ramos.martins1526@email.com,Masculino,BR
1527,Fernanda Alves Teixeira,fernanda.alves.teixeira1527@email.com,Feminino,BR
1528,Marcos Gomes Cunha,marcos.gomes.cunha1528@email.com,Masculino,BR
1529,Tatiane Matos Matos,tatiane.matos.matos1529@email.com,Feminino,BR
1530,Marcelo Mendes Siqueira,marcelo.mendes.siqueira1530@email.com,Masculino,BR
1531,Leticia Monteiro Araujo,leticia.monteiro.araujo1531@email.com,Feminino,BR
1532,Lucas Costa Moreira,lucas.costa.moreira1532@email.com,Masculino,BR
1533,Eliane Pires Reis,eliane.pires.reis1533@email.com,Feminino,BR
1534,Antonio Rocha Costa,antonio.rocha.costa1534@email.com,Masculino,BR
1535,Carla Silva Ramos,carla.silva.ramos1535@email.com,Feminino,BR
1536,Bruno Barbosa Torres,bruno.barbosa.torres1536@email.com,Masculino,BR
1537,Claudia Machado Gomes,claudia.machado.gomes1537@email.com,Feminino,BR
1538,Lucas Santos Dias,lucas.santos.dias1538@email.com,Masculino,BR
1539,Mariana Morais Barbosa,mariana.morais.barbosa1539@email.com,Feminino,BR
1540,Bruno Machado Melo,bruno.machado.melo1540@email.com,Masculino,BR
1541,Larissa Monteiro Xavier,larissa.monteiro.xavier1541@email.com,Feminino,BR
1542,Leonardo Machado Rezende,leonardo.machado.rezende1542@email.com,Masculino,BR
1543,Adriana Ferreira Vasconcelos,adriana.ferreira.vasconcelos1543@email.com,Feminino,BR
1544,Marcelo Rodrigues Ribeiro,marcelo.rodrigues.ribeiro1544@email.com,Masculino,BR
1545,Carla Rodrigues Campos,carla.rodrigues.campos1545@email.com,Feminino,BR
1546,Daniel Lopes Oliveira,daniel.lopes.oliveira1546@email.com,Masculino,BR
1547,Adriana Lopes Azevedo,adriana.lopes.azevedo1547@email.com,Feminino,BR
1548,Henrique Carvalho Reis,henrique.carvalho.reis1548@email.com,Masculino,BR
1549,Sabrina Duarte Costa,sabrina.duarte.costa1549@email.com,Feminino,BR
1550,Rafael Coelho Nascimento,rafael.coelho.nascimento1550@email.com,Masculino,BR
1551,Amanda Ferreira Siqueira,amanda.ferreira.siqueira1551@email.com,Feminino,BR
1552,Paulo Fernandes Castro,paulo.fernandes.castro1552@email.com,Masculino,BR
1553,Bianca Coelho Fonseca,bianca.coelho.fonseca1553@email.com,Feminino,BR
1554,Eduardo Pires Costa,eduardo.pires.costa1554@email.com,Masculino,BR
1555,Daniela Torres Moura,daniela.torres.moura1555@email.com,Feminino,BR
1556,Matheus Castro Brito,matheus.castro.brito1556@email.com,Masculino,BR
1557,Thais Duarte Araujo,thais.duarte.araujo1557@email.com,Feminino,BR
1558,Fernando Monteiro Ferreira,fernando.monteiro.ferreira1558@email.com,Masculino,BR
1559,Carolina Melo Correia,carolina.melo.correia1559@email.com,Feminino,BR
1560,Carlos Barros Duarte,carlos.barros.duarte1560@email.com,Masculino,BR
1561,Fabiana Fernandes Duarte,fabiana.fernandes.duarte1561@email.com,Feminino,BR
1562,Cesar Rocha Lima,cesar.rocha.lima1562@email.com,Masculino,BR
1563,Jessica Ribeiro Martins,jessica.ribeiro.martins1563@email.com,Feminino,BR
1564,Marcos Fernandes Gomes,marcos.fernandes.gomes1564@email.com,Masculino,BR
1565,Beatriz Oliveira Ramos,beatriz.oliveira.ramos1565@email.com,Feminino,BR
1566,Bruno Brito Ramos,bruno.brito.ramos1566@email.com,Masculino,BR
1567,Renata Torres Morais,renata.torres.morais1567@email.com,Feminino,BR
1568,Rafael Reis Tavares,rafael.reis.tavares1568@email.com,Masculino,BR
1569,Adriana Cardoso Matos,adriana.cardoso.matos1569@email.com,Feminino,BR
1570,Ricardo Ferreira Rodrigues,ricardo.ferreira.rodrigues1570@email.com,Masculino,BR
1571,Tatiane Moreira Pires,tatiane.moreira.pires1571@email.com,Feminino,BR
1572,Diego Melo Nunes,diego.melo.nunes1572@email.com,Masculino,BR
1573,Fabiana Azevedo Silva,fabiana.azevedo.silva1573@email.com,Feminino,BR
1574,Cesar Fonseca Moura,cesar.fonseca.moura1574@email.com,Masculino,BR
1575,Bianca Lima Cunha,bianca.lima.cunha1575@email.com,Feminino,BR
1576,Rafael Rocha Duarte,rafael.rocha.duarte1576@email.com,Masculino,BR
1577,Rosana Fonseca Coelho,rosana.fonseca.coelho1577@email.com,Feminino,BR
1578,Lucas Alves Duarte,lucas.alves.duarte1578@email.com,Masculino,BR
1579,Amanda Xavier Barbosa,amanda.xavier.barbosa1579@email.com,Feminino,BR
1580,Marcelo Freitas Cunha,marcelo.freitas.cunha1580@email.com,Masculino,BR
1581,Adriana Rodrigues Vasconcelos,adriana.rodrigues.vasconcelos1581@email.com,Feminino,BR
1582,Antonio Duarte Tavares,antonio.duarte.tavares1582@email.com,Masculino,BR
1583,Thais Oliveira Ribeiro,thais.oliveira.ribeiro1583@email.com,Feminino,BR
1584,Vinicius Moreira Rocha,vinicius.moreira.rocha1584@email.com,Masculino,BR
1585,Andrea Tavares Brito,andrea.tavares.brito1585@email.com,Feminino,BR
1586,Leonardo Oliveira Moreira,leonardo.oliveira.moreira1586@email.com,Masculino,BR
1587,Monica Nascimento Araujo,monica.nascimento.araujo1587@email.com,Feminino,BR
1588,Roberto Pinheiro Machado,roberto.pinheiro.machado1588@email.com,Masculino,BR
1589,Sabrina Campos Santos,sabrina.campos.santos1589@email.com,Feminino,BR
1590,Igor Torres Xavier,igor.torres.xavier1590@email.com,Masculino,BR
1591,Raquel Monteiro Nunes,raquel.monteiro.nunes1591@email.com,Feminino,BR
1592,Antonio Melo Nascimento,antonio.melo.nascimento1592@email.com,Masculino,BR
1593,Amanda Carvalho Souza,amanda.carvalho.souza1593@email.com,Feminino,BR
1594,Leandro Pinheiro Lopes,leandro.pinheiro.lopes1594@email.com,Masculino,BR
1595,Simone Nunes Matos,simone.nunes.matos1595@email.com,Feminino,BR
1596,Matheus Tavares Vasconcelos,matheus.tavares.vasconcelos1596@email.com,Masculino,BR
1597,Camila Gomes Lopes,camila.gomes.lopes1597@email.com,Feminino,BR
1598,Marcos Torres Cunha,marcos.torres.cunha1598@email.com,Masculino,BR
1599,Pamela Coelho Moura,pamela.coelho.moura1599@email.com,Feminino,BR
1600,Fabio Torres Costa,fabio.torres.costa1600@email.com,Masculino,BR
1601,Aline Xavier Martins,aline.xavier.martins1601@email.com,Feminino,BR
1602,Ricardo Monteiro Correia,ricardo.monteiro.correia1602@email.com,Masculino,BR
1603,Aline Moreira Souza,aline.moreira.souza1603@email.com,Feminino,BR
1604,Francisco Duarte Santos,francisco.duarte.santos1604@email.com,Masculino,BR
1605,Vanessa Gomes Reis,vanessa.gomes.reis1605@email.com,Feminino,BR
1606,André Reis Costa,andré.reis.costa1606@email.com,Masculino,BR
1607,Priscila Oliveira Azevedo,priscila.oliveira.azevedo1607@email.com,Feminino,BR
1608,Roberto Campos Correia,roberto.campos.correia1608@email.com,Masculino,BR
1609,Renata Nunes Campos,renata.nunes.campos1609@email.com,Feminino,BR
1610,Caio Barros Moreira,caio.barros.moreira1610@email.com,Masculino,BR
1611,Larissa Brito Santos,larissa.brito.santos1611@email.com,Feminino,BR
1612,Gustavo Campos Rezende,gustavo.campos.rezende1612@email.com,Masculino,BR
1613,Claudia Lopes Ribeiro,claudia.lopes.ribeiro1613@email.com,Feminino,BR
1614,Fernando Fonseca Pires,fernando.fonseca.pires1614@email.com,Masculino,BR
1615,Sandra Freitas Martins,sandra.freitas.martins1615@email.com,Feminino,BR
1616,Henrique Pinheiro Reis,henrique.pinheiro.reis1616@email.com,Masculino,BR
1617,Camila Barbosa Santos,camila.barbosa.santos1617@email.com,Feminino,BR
1618,Alexandre Costa Martins,alexandre.costa.martins1618@email.com,Masculino,BR
1619,Eliane Macedo Dias,eliane.macedo.dias1619@email.com,Feminino,BR
1620,Eduardo Vasconcelos Carvalho,eduardo.vasconcelos.carvalho1620@email.com,Masculino,BR
1621,Tatiana Nunes Vasconcelos,tatiana.nunes.vasconcelos1621@email.com,Feminino,BR
1622,Matheus Barros Santos,matheus.barros.santos1622@email.com,Masculino,BR
1623,Maria Machado Souza,maria.machado.souza1623@email.com,Feminino,BR
1624,Daniel Tavares Fernandes,daniel.tavares.fernandes1624@email.com,Masculino,BR
1625,Maria Carvalho Mendes,maria.carvalho.mendes1625@email.com,Feminino,BR
1626,Wagner Fernandes Monteiro,wagner.fernandes.monteiro1626@email.com,Masculino,BR
1627,Sabrina Ramos Rodrigues,sabrina.ramos.rodrigues1627@email.com,Feminino,BR
1628,Paulo Azevedo Mendes,paulo.azevedo.mendes1628@email.com,Masculino,BR
1629,Tatiana Azevedo Monteiro,tatiana.azevedo.monteiro1629@email.com,Feminino,BR
1630,Francisco Torres Guimaraes,francisco.torres.guimaraes1630@email.com,Masculino,BR
1631,Carolina Fonseca Alves,carolina.fonseca.alves1631@email.com,Feminino,BR
1632,João Barros Siqueira,joão.barros.siqueira1632@email.com,Masculino,BR
1633,Carla Pires Vasconcelos,carla.pires.vasconcelos1633@email.com,Feminino,BR
1634,Wagner Tavares Barbosa,wagner.tavares.barbosa1634@email.com,Masculino,BR
1635,Raquel Brito Alves,raquel.brito.alves1635@email.com,Feminino,BR
1636,Fernando Pereira Teixeira,fernando.pereira.teixeira1636@email.com,Masculino,BR
1637,Sabrina Morais Cardoso,sabrina.morais.cardoso1637@email.com,Feminino,BR
1638,Vinicius Mendes Vasconcelos,vinicius.mendes.vasconcelos1638@email.com,Masculino,BR
1639,Raquel Gomes Rocha,raquel.gomes.rocha1639@email.com,Feminino,BR
1640,Francisco Coelho Araujo,francisco.coelho.araujo1640@email.com,Masculino,BR
1641,Fernanda Fernandes Melo,fernanda.fernandes.melo1641@email.com,Feminino,BR
1642,Wagner Moreira Siqueira,wagner.moreira.siqueira1642@email.com,Masculino,BR
1643,Simone Brito Souza,simone.brito.souza1643@email.com,Feminino,BR
1644,Pedro Vasconcelos Rezende,pedro.vasconcelos.rezende1644@email.com,Masculino,BR
1645,Leticia Mendes Cunha,leticia.mendes.cunha1645@email.com,Feminino,BR
1646,Leonardo Rodrigues Pinheiro,leonardo.rodrigues.pinheiro1646@email.com,Masculino,BR
1647,Juliana Fonseca Correia,juliana.fonseca.correia1647@email.com,Feminino,BR
1648,Sergio Torres Gomes,sergio.torres.gomes1648@email.com,Masculino,BR
1649,Monica Matos Correia,monica.matos.correia1649@email.com,Feminino,BR
1650,Eduardo Brito Castro,eduardo.brito.castro1650@email.com,Masculino,BR
1651,Thais Siqueira Freitas,thais.siqueira.freitas1651@email.com,Feminino,BR
1652,Jose Monteiro Melo,jose.monteiro.melo1652@email.com,Masculino,BR
1653,Mariana Reis Siqueira,mariana.reis.siqueira1653@email.com,Feminino,BR
1654,Rafael Ribeiro Barbosa,rafael.ribeiro.barbosa1654@email.com,Masculino,BR
1655,Amanda Machado Souza,amanda.machado.souza1655@email.com,Feminino,BR
1656,Henrique Matos Fernandes,henrique.matos.fernandes1656@email.com,Masculino,BR
1657,Tatiane Coelho Ribeiro,tatiane.coelho.ribeiro1657@email.com,Feminino,BR
1658,Igor Vasconcelos Ferreira,igor.vasconcelos.ferreira1658@email.com,Masculino,BR
1659,Cristina Freitas Carvalho,cristina.freitas.carvalho1659@email.com,Feminino,BR
1660,Leandro Cunha Xavier,leandro.cunha.xavier1660@email.com,Masculino,BR
1661,Monica Campos Mendes,monica.campos.mendes1661@email.com,Feminino,BR
1662,Mauricio Barbosa Azevedo,mauricio.barbosa.azevedo1662@email.com,Masculino,BR
1663,Larissa Machado Costa,larissa.machado.costa1663@email.com,Feminino,BR
1664,Mauricio Fonseca Guimaraes,mauricio.fonseca.guimaraes1664@email.com,Masculino,BR
1665,Patricia Machado Gomes,patricia.machado.gomes1665@email.com,Feminino,BR
1666,Jose Lima Brito,jose.lima.brito1666@email.com,Masculino,BR
1667,Daniela Moura Monteiro,daniela.moura.monteiro1667@email.com,Feminino,BR
1668,Matheus Costa Melo,matheus.costa.melo1668@email.com,Masculino,BR
1669,Isabela Souza Gomes,isabela.souza.gomes1669@email.com,Feminino,BR
1670,Igor Cunha Duarte,igor.cunha.duarte1670@email.com,Masculino,BR
1671,Bruna Rocha Cardoso,bruna.rocha.cardoso1671@email.com,Feminino,BR
1672,Daniel Macedo Ferreira,daniel.macedo.ferreira1672@email.com,Masculino,BR
1673,Pamela Teixeira Morais,pamela.teixeira.morais1673@email.com,Feminino,BR
1674,Daniel Cardoso Morais,daniel.cardoso.morais1674@email.com,Masculino,BR
1675,Fernanda Silva Lopes,fernanda.silva.lopes1675@email.com,Feminino,BR
1676,Vinicius Dias Coelho,vinicius.dias.coelho1676@email.com,Masculino,BR
1677,Mariana Duarte Coelho,mariana.duarte.coelho1677@email.com,Feminino,BR
1678,Thiago Rezende Xavier,thiago.rezende.xavier1678@email.com,Masculino,BR
1679,Camila Souza Guimaraes,camila.souza.guimaraes1679@email.com,Feminino,BR
1680,Guilherme Morais Ramos,guilherme.morais.ramos1680@email.com,Masculino,BR
1681,Carolina Ramos Machado,carolina.ramos.machado1681@email.com,Feminino,BR
1682,Alexandre Silva Oliveira,alexandre.silva.oliveira1682@email.com,Masculino,BR
1683,Gisele Gomes Matos,gisele.gomes.matos1683@email.com,Feminino,BR
1684,Fabio Silva Cardoso,fabio.silva.cardoso1684@email.com,Masculino,BR
1685,Fabiana Gomes Santos,fabiana.gomes.santos1685@email.com,Feminino,BR
1686,João Morais Matos,joão.morais.matos1686@email.com,Masculino,BR
1687,Priscila Carvalho Nascimento,priscila.carvalho.nascimento1687@email.com,Feminino,BR
1688,Paulo Monteiro Souza,paulo.monteiro.souza1688@email.com,Masculino,BR
1689,Amanda Rodrigues Barros,amanda.rodrigues.barros1689@email.com,Feminino,BR
1690,Mauricio Monteiro Martins,mauricio.monteiro.martins1690@email.com,Masculino,BR
1691,Patricia Torres Oliveira,patricia.torres.oliveira1691@email.com,Feminino,BR
1692,Leandro Barbosa Azevedo,leandro.barbosa.azevedo1692@email.com,Masculino,BR
1693,Fabiana Tavares Moura,fabiana.tavares.moura1693@email.com,Feminino,BR
1694,Igor Ramos Brito,igor.ramos.brito1694@email.com,Masculino,BR
1695,Beatriz Teixeira Rezende,beatriz.teixeira.rezende1695@email.com,Feminino,BR
1696,Paulo Coelho Gomes,paulo.coelho.gomes1696@email.com,Masculino,BR
1697,Mariana Fernandes Moreira,mariana.fernandes.moreira1697@email.com,Feminino,BR
1698,Pedro Carvalho Carvalho,pedro.carvalho.carvalho1698@email.com,Masculino,BR
1699,Beatriz Dias Matos,beatriz.dias.matos1699@email.com,Feminino,BR
1700,Pedro Fonseca Barros,pedro.fonseca.barros1700@email.com,Masculino,BR
1701,Mariana Lima Campos,mariana.lima.campos1701@email.com,Feminino,BR
1702,Carlos Rodrigues Morais,carlos.rodrigues.morais1702@email.com,Masculino,BR
1703,Adriana Macedo Castro,adriana.macedo.castro1703@email.com,Feminino,BR
1704,Cesar Costa Tavares,cesar.costa.tavares1704@email.com,Masculino,BR
1705,Fernanda Siqueira Alves,fernanda.siqueira.alves1705@email.com,Feminino,BR
1706,Pedro Costa Nascimento,pedro.costa.nascimento1706@email.com,Masculino,BR
1707,Larissa Cunha Lopes,larissa.cunha.lopes1707@email.com,Feminino,BR
1708,Alexandre Lima Pires,alexandre.lima.pires1708@email.com,Masculino,BR
1709,Adriana Machado Nascimento,adriana.machado.nascimento1709@email.com,Feminino,BR
1710,Rafael Dias Nascimento,rafael.dias.nascimento1710@email.com,Masculino,BR
1711,Maria Monteiro Cunha,maria.monteiro.cunha1711@email.com,Feminino,BR
1712,Lucas Siqueira Moura,lucas.siqueira.moura1712@email.com,Masculino,BR
1713,Sabrina Guimaraes Tavares,sabrina.guimaraes.tavares1713@email.com,Feminino,BR
1714,Gabriel Cunha Reis,gabriel.cunha.reis1714@email.com,Masculino,BR
1715,Amanda Barros Matos,amanda.barros.matos1715@email.com,Feminino,BR
1716,Cesar Lima Barbosa,cesar.lima.barbosa1716@email.com,Masculino,BR
1717,Larissa Xavier Alves,larissa.xavier.alves1717@email.com,Feminino,BR
1718,Antonio Gomes Tavares,antonio.gomes.tavares1718@email.com,Masculino,BR
1719,Renata Macedo Mendes,renata.macedo.mendes1719@email.com,Feminino,BR
1720,Francisco Gomes Freitas,francisco.gomes.freitas1720@email.com,Masculino,BR
1721,Bianca Barbosa Martins,bianca.barbosa.martins1721@email.com,Feminino,BR
1722,Carlos Pires Rezende,carlos.pires.rezende1722@email.com,Masculino,BR
1723,Tatiana Nascimento Machado,tatiana.nascimento.machado1723@email.com,Feminino,BR
1724,Igor Araujo Silva,igor.araujo.silva1724@email.com,Masculino,BR
1725,Maria Siqueira Ferreira,maria.siqueira.ferreira1725@email.com,Feminino,BR
1726,Felipe Reis Duarte,felipe.reis.duarte1726@email.com,Masculino,BR
1727,Pamela Rocha Ferreira,pamela.rocha.ferreira1727@email.com,Feminino,BR
1728,Jose Pereira Matos,jose.pereira.matos1728@email.com,Masculino,BR
1729,Amanda Mendes Vasconcelos,amanda.mendes.vasconcelos1729@email.com,Feminino,BR
1730,Eduardo Azevedo Barbosa,eduardo.azevedo.barbosa1730@email.com,Masculino,BR
1731,Adriana Azevedo Costa,adriana.azevedo.costa1731@email.com,Feminino,BR
1732,Lucas Torres Ribeiro,lucas.torres.ribeiro1732@email.com,Masculino,BR
1733,Juliana Melo Barbosa,juliana.melo.barbosa1733@email.com,Feminino,BR
1734,Fabio Fernandes Brito,fabio.fernandes.brito1734@email.com,Masculino,BR
1735,Simone Ramos Pinheiro,simone.ramos.pinheiro1735@email.com,Feminino,BR
1736,Felipe Alves Melo,felipe.alves.melo1736@email.com,Masculino,BR
1737,Juliana Silva Melo,juliana.silva.melo1737@email.com,Feminino,BR
1738,Gabriel Siqueira Vasconcelos,gabriel.siqueira.vasconcelos1738@email.com,Masculino,BR
1739,Mariana Teixeira Freitas,mariana.teixeira.freitas1739@email.com,Feminino,BR
1740,Renato Guimaraes Nunes,renato.guimaraes.nunes1740@email.com,Masculino,BR
1741,Camila Campos Torres,camila.campos.torres1741@email.com,Feminino,BR
1742,Igor Ribeiro Lima,igor.ribeiro.lima1742@email.com,Masculino,BR
1743,Carolina Moreira Azevedo,carolina.moreira.azevedo1743@email.com,Feminino,BR
1744,Vinicius Reis Rodrigues,vinicius.reis.rodrigues1744@email.com,Masculino,BR
1745,Thais Fernandes Cunha,thais.fernandes.cunha1745@email.com,Feminino,BR
1746,Thiago Lima Souza,thiago.lima.souza1746@email.com,Masculino,BR
1747,Fernanda Melo Martins,fernanda.melo.martins1747@email.com,Feminino,BR
1748,Lucas Cunha Fonseca,lucas.cunha.fonseca1748@email.com,Masculino,BR
1749,Thais Fernandes Duarte,thais.fernandes.duarte1749@email.com,Feminino,BR
1750,Renato Ribeiro Guimaraes,renato.ribeiro.guimaraes1750@email.com,Masculino,BR
1751,Daniela Macedo Freitas,daniela.macedo.freitas1751@email.com,Feminino,BR
1752,Cesar Santos Brito,cesar.santos.brito1752@email.com,Masculino,BR
1753,Beatriz Machado Rezende,beatriz.machado.rezende1753@email.com,Feminino,BR
1754,Felipe Cunha Lopes,felipe.cunha.lopes1754@email.com,Masculino,BR
1755,Juliana Pereira Mendes,juliana.pereira.mendes1755@email.com,Feminino,BR
1756,Diego Silva Correia,diego.silva.correia1756@email.com,Masculino,BR
1757,Fabiana Macedo Pinheiro,fabiana.macedo.pinheiro1757@email.com,Feminino,BR
1758,Sergio Matos Duarte,sergio.matos.duarte1758@email.com,Masculino,BR
1759,Cristina Siqueira Teixeira,cristina.siqueira.teixeira1759@email.com,Feminino,BR
1760,Francisco Moura Nascimento,francisco.moura.nascimento1760@email.com,Masculino,BR
1761,Andrea Alves Ramos,andrea.alves.ramos1761@email.com,Feminino,BR
1762,Gustavo Machado Freitas,gustavo.machado.freitas1762@email.com,Masculino,BR
1763,Daniela Rocha Reis,daniela.rocha.reis1763@email.com,Feminino,BR
1764,Rafael Guimaraes Costa,rafael.guimaraes.costa1764@email.com,Masculino,BR
1765,Maria Vasconcelos Martins,maria.vasconcelos.martins1765@email.com,Feminino,BR
1766,Jose Melo Machado,jose.melo.machado1766@email.com,Masculino,BR
1767,Pamela Martins Pereira,pamela.martins.pereira1767@email.com,Feminino,BR
1768,Antonio Cardoso Araujo,antonio.cardoso.araujo1768@email.com,Masculino,BR
1769,Monica Nunes Costa,monica.nunes.costa1769@email.com,Feminino,BR
1770,Jose Carvalho Pires,jose.carvalho.pires1770@email.com,Masculino,BR
1771,Daniela Moreira Torres,daniela.moreira.torres1771@email.com,Feminino,BR
1772,Gustavo Ferreira Azevedo,gustavo.ferreira.azevedo1772@email.com,Masculino,BR
1773,Jessica Fernandes Duarte,jessica.fernandes.duarte1773@email.com,Feminino,BR
1774,Renato Ferreira Melo,renato.ferreira.melo1774@email.com,Masculino,BR
1775,Pamela Lopes Cardoso,pamela.lopes.cardoso1775@email.com,Feminino,BR
1776,Felipe Rezende Pinheiro,felipe.rezende.pinheiro1776@email.com,Masculino,BR
1777,Ana Alves Moreira,ana.alves.moreira1777@email.com,Feminino,BR
1778,Matheus Oliveira Pires,matheus.oliveira.pires1778@email.com,Masculino,BR
1779,Tatiane Silva Torres,tatiane.silva.torres1779@email.com,Feminino,BR
1780,Bruno Xavier Tavares,bruno.xavier.tavares1780@email.com,Masculino,BR
1781,Andrea Morais Monteiro,andrea.morais.monteiro1781@email.com,Feminino,BR
1782,Jose Pires Dias,jose.pires.dias1782@email.com,Masculino,BR
1783,Bruna Teixeira Campos,bruna.teixeira.campos1783@email.com,Feminino,BR
1784,Roberto Torres Carvalho,roberto.torres.carvalho1784@email.com,Masculino,BR
1785,Bruna Teixeira Pires,bruna.teixeira.pires1785@email.com,Feminino,BR
1786,Cesar Tavares Machado,cesar.tavares.machado1786@email.com,Masculino,BR
1787,Carla Correia Lopes,carla.correia.lopes1787@email.com,Feminino,BR
1788,Felipe Alves Coelho,felipe.alves.coelho1788@email.com,Masculino,BR
1789,Cristina Silva Teixeira,cristina.silva.teixeira1789@email.com,Feminino,BR
1790,Paulo Reis Morais,paulo.reis.morais1790@email.com,Masculino,BR
1791,Leticia Pires Moura,leticia.pires.moura1791@email.com,Feminino,BR
1792,Fabio Nascimento Alves,fabio.nascimento.alves1792@email.com,Masculino,BR
1793,Juliana Martins Rezende,juliana.martins.rezende1793@email.com,Feminino,BR
1794,Gabriel Torres Correia,gabriel.torres.correia1794@email.com,Masculino,BR
1795,Bianca Alves Mendes,bianca.alves.mendes1795@email.com,Feminino,BR
1796,Cesar Gomes Gomes,cesar.gomes.gomes1796@email.com,Masculino,BR
1797,Larissa Melo Moreira,larissa.melo.moreira1797@email.com,Feminino,BR
1798,Marcos Azevedo Torres,marcos.azevedo.torres1798@email.com,Masculino,BR
1799,Renata Correia Teixeira,renata.correia.teixeira1799@email.com,Feminino,BR
1800,Lucas Coelho Cunha,lucas.coelho.cunha1800@email.com,Masculino,BR
1801,Juliana Morais Reis,juliana.morais.reis1801@email.com,Feminino,BR
1802,Mauricio Lima Macedo,mauricio.lima.macedo1802@email.com,Masculino,BR
1803,Jessica Azevedo Siqueira,jessica.azevedo.siqueira1803@email.com,Feminino,BR
1804,Mauricio Barros Souza,mauricio.barros.souza1804@email.com,Masculino,BR
1805,Pamela Silva Moura,pamela.silva.moura1805@email.com,Feminino,BR
1806,Roberto Pires Ramos,roberto.pires.ramos1806@email.com,Masculino,BR
1807,Rosana Machado Barros,rosana.machado.barros1807@email.com,Feminino,BR
1808,Daniel Nascimento Fonseca,daniel.nascimento.fonseca1808@email.com,Masculino,BR
1809,Vanessa Matos Torres,vanessa.matos.torres1809@email.com,Feminino,BR
1810,Gabriel Alves Rodrigues,gabriel.alves.rodrigues1810@email.com,Masculino,BR
1811,Claudia Tavares Cardoso,claudia.tavares.cardoso1811@email.com,Feminino,BR
1812,Jose Rodrigues Cunha,jose.rodrigues.cunha1812@email.com,Masculino,BR
1813,Claudia Nascimento Coelho,claudia.nascimento.coelho1813@email.com,Feminino,BR
1814,Gustavo Nunes Moreira,gustavo.nunes.moreira1814@email.com,Masculino,BR
1815,Monica Barbosa Lopes,monica.barbosa.lopes1815@email.com,Feminino,BR
1816,Gabriel Souza Cunha,gabriel.souza.cunha1816@email.com,Masculino,BR
1817,Claudia Nascimento Pinheiro,claudia.nascimento.pinheiro1817@email.com,Feminino,BR
1818,Jose Monteiro Reis,jose.monteiro.reis1818@email.com,Masculino,BR
1819,Tatiane Cardoso Correia,tatiane.cardoso.correia1819@email.com,Feminino,BR
1820,Rafael Morais Dias,rafael.morais.dias1820@email.com,Masculino,BR
1821,Renata Dias Guimaraes,renata.dias.guimaraes1821@email.com,Feminino,BR
1822,Rodrigo Brito Freitas,rodrigo.brito.freitas1822@email.com,Masculino,BR
1823,Beatriz Correia Vasconcelos,beatriz.correia.vasconcelos1823@email.com,Feminino,BR
1824,Daniel Barros Castro,daniel.barros.castro1824@email.com,Masculino,BR
1825,Simone Correia Lima,simone.correia.lima1825@email.com,Feminino,BR
1826,Paulo Pires Machado,paulo.pires.machado1826@email.com,Masculino,BR
1827,Rosana Duarte Siqueira,rosana.duarte.siqueira1827@email.com,Feminino,BR
1828,Matheus Brito Pinheiro,matheus.brito.pinheiro1828@email.com,Masculino,BR
1829,Gisele Barbosa Melo,gisele.barbosa.melo1829@email.com,Feminino,BR
1830,Guilherme Fernandes Silva,guilherme.fernandes.silva1830@email.com,Masculino,BR
1831,Fabiana Alves Santos,fabiana.alves.santos1831@email.com,Feminino,BR
1832,Alexandre Rocha Costa,alexandre.rocha.costa1832@email.com,Masculino,BR
1833,Fernanda Gomes Nunes,fernanda.gomes.nunes1833@email.com,Feminino,BR
1834,Thiago Barbosa Brito,thiago.barbosa.brito1834@email.com,Masculino,BR
1835,Adriana Rocha Reis,adriana.rocha.reis1835@email.com,Feminino,BR
1836,Roberto Nascimento Xavier,roberto.nascimento.xavier1836@email.com,Masculino,BR
1837,Leticia Dias Coelho,leticia.dias.coelho1837@email.com,Feminino,BR
1838,Marcelo Oliveira Freitas,marcelo.oliveira.freitas1838@email.com,Masculino,BR
1839,Jessica Alves Guimaraes,jessica.alves.guimaraes1839@email.com,Feminino,BR
1840,Rafael Carvalho Pinheiro,rafael.carvalho.pinheiro1840@email.com,Masculino,BR
1841,Tatiane Rodrigues Araujo,tatiane.rodrigues.araujo1841@email.com,Feminino,BR
1842,Jose Xavier Xavier,jose.xavier.xavier1842@email.com,Masculino,BR
1843,Leticia Nascimento Siqueira,leticia.nascimento.siqueira1843@email.com,Feminino,BR
1844,Roberto Rodrigues Rodrigues,roberto.rodrigues.rodrigues1844@email.com,Masculino,BR
1845,Bianca Xavier Brito,bianca.xavier.brito1845@email.com,Feminino,BR
1846,Diego Pires Costa,diego.pires.costa1846@email.com,Masculino,BR
1847,Maria Pinheiro Mendes,maria.pinheiro.mendes1847@email.com,Feminino,BR
1848,André Guimaraes Macedo,andré.guimaraes.macedo1848@email.com,Masculino,BR
1849,Jessica Reis Carvalho,jessica.reis.carvalho1849@email.com,Feminino,BR
1850,Fabio Coelho Fonseca,fabio.coelho.fonseca1850@email.com,Masculino,BR
1851,Gisele Pinheiro Tavares,gisele.pinheiro.tavares1851@email.com,Feminino,BR
1852,André Macedo Matos,andré.macedo.matos1852@email.com,Masculino,BR
1853,Renata Barbosa Lopes,renata.barbosa.lopes1853@email.com,Feminino,BR
1854,Daniel Brito Pereira,daniel.brito.pereira1854@email.com,Masculino,BR
1855,Vanessa Ribeiro Pinheiro,vanessa.ribeiro.pinheiro1855@email.com,Feminino,BR
1856,Jose Lima Rodrigues,jose.lima.rodrigues1856@email.com,Masculino,BR
1857,Juliana Ramos Nunes,juliana.ramos.nunes1857@email.com,Feminino,BR
1858,Rafael Mendes Souza,rafael.mendes.souza1858@email.com,Masculino,BR
1859,Mariana Fonseca Melo,mariana.fonseca.melo1859@email.com,Feminino,BR
1860,Henrique Silva Teixeira,henrique.silva.teixeira1860@email.com,Masculino,BR
1861,Bruna Correia Rocha,bruna.correia.rocha1861@email.com,Feminino,BR
1862,Carlos Rocha Cardoso,carlos.rocha.cardoso1862@email.com,Masculino,BR
1863,Claudia Costa Macedo,claudia.costa.macedo1863@email.com,Feminino,BR
1864,Cesar Reis Siqueira,cesar.reis.siqueira1864@email.com,Masculino,BR
1865,Raquel Rezende Xavier,raquel.rezende.xavier1865@email.com,Feminino,BR
1866,Sergio Pires Freitas,sergio.pires.freitas1866@email.com,Masculino,BR
1867,Patricia Xavier Correia,patricia.xavier.correia1867@email.com,Feminino,BR
1868,Diego Moura Carvalho,diego.moura.carvalho1868@email.com,Masculino,BR
1869,Vanessa Moura Pereira,vanessa.moura.pereira1869@email.com,Feminino,BR
1870,Jose Martins Cunha,jose.martins.cunha1870@email.com,Masculino,BR
1871,Gisele Castro Moreira,gisele.castro.moreira1871@email.com,Feminino,BR
1872,Bruno Freitas Carvalho,bruno.freitas.carvalho1872@email.com,Masculino,BR
1873,Tatiana Siqueira Teixeira,tatiana.siqueira.teixeira1873@email.com,Feminino,BR
1874,Igor Campos Barbosa,igor.campos.barbosa1874@email.com,Masculino,BR
1875,Tatiana Coelho Guimaraes,tatiana.coelho.guimaraes1875@email.com,Feminino,BR
1876,Francisco Machado Pires,francisco.machado.pires1876@email.com,Masculino,BR
1877,Maria Lima Siqueira,maria.lima.siqueira1877@email.com,Feminino,BR
1878,Paulo Lopes Araujo,paulo.lopes.araujo1878@email.com,Masculino,BR
1879,Andrea Guimaraes Araujo,andrea.guimaraes.araujo1879@email.com,Feminino,BR
1880,Carlos Brito Cardoso,carlos.brito.cardoso1880@email.com,Masculino,BR
1881,Daniela Xavier Lima,daniela.xavier.lima1881@email.com,Feminino,BR
1882,Alexandre Mendes Castro,alexandre.mendes.castro1882@email.com,Masculino,BR
1883,Leticia Santos Moura,leticia.santos.moura1883@email.com,Feminino,BR
1884,Fabio Barros Fernandes,fabio.barros.fernandes1884@email.com,Masculino,BR
1885,Aline Lopes Rezende,aline.lopes.rezende1885@email.com,Feminino,BR
1886,Carlos Barbosa Vasconcelos,carlos.barbosa.vasconcelos1886@email.com,Masculino,BR
1887,Renata Cardoso Barros,renata.cardoso.barros1887@email.com,Feminino,BR
1888,Bruno Alves Martins,bruno.alves.martins1888@email.com,Masculino,BR
1889,Gisele Castro Silva,gisele.castro.silva1889@email.com,Feminino,BR
1890,Ricardo Dias Siqueira,ricardo.dias.siqueira1890@email.com,Masculino,BR
1891,Tatiana Brito Ramos,tatiana.brito.ramos1891@email.com,Feminino,BR
1892,Lucas Dias Castro,lucas.dias.castro1892@email.com,Masculino,BR
1893,Luciana Vasconcelos Torres,luciana.vasconcelos.torres1893@email.com,Feminino,BR
1894,Ricardo Pinheiro Brito,ricardo.pinheiro.brito1894@email.com,Masculino,BR
1895,Isabela Santos Azevedo,isabela.santos.azevedo1895@email.com,Feminino,BR
1896,Igor Oliveira Ferreira,igor.oliveira.ferreira1896@email.com,Masculino,BR
1897,Patricia Costa Ribeiro,patricia.costa.ribeiro1897@email.com,Feminino,BR
1898,Henrique Pires Pereira,henrique.pires.pereira1898@email.com,Masculino,BR
1899,Eliane Torres Carvalho,eliane.torres.carvalho1899@email.com,Feminino,BR
1900,Henrique Cunha Rodrigues,henrique.cunha.rodrigues1900@email.com,Masculino,BR
1901,Jessica Morais Moreira,jessica.morais.moreira1901@email.com,Feminino,BR
1902,Guilherme Cardoso Santos,guilherme.cardoso.santos1902@email.com,Masculino,BR
1903,Daniela Brito Lima,daniela.brito.lima1903@email.com,Feminino,BR
1904,Marcelo Silva Vasconcelos,marcelo.silva.vasconcelos1904@email.com,Masculino,BR
1905,Andrea Pereira Coelho,andrea.pereira.coelho1905@email.com,Feminino,BR
1906,Mauricio Oliveira Nascimento,mauricio.oliveira.nascimento1906@email.com,Masculino,BR
1907,Patricia Freitas Barros,patricia.freitas.barros1907@email.com,Feminino,BR
1908,Lucas Barbosa Xavier,lucas.barbosa.xavier1908@email.com,Masculino,BR
1909,Raquel Tavares Ferreira,raquel.tavares.ferreira1909@email.com,Feminino,BR
1910,Rodrigo Coelho Lopes,rodrigo.coelho.lopes1910@email.com,Masculino,BR
1911,Daniela Moreira Torres,daniela.moreira.torres1911@email.com,Feminino,BR
1912,Pedro Machado Martins,pedro.machado.martins1912@email.com,Masculino,BR
1913,Gisele Carvalho Souza,gisele.carvalho.souza1913@email.com,Feminino,BR
1914,Leonardo Xavier Fernandes,leonardo.xavier.fernandes1914@email.com,Masculino,BR
1915,Gisele Barbosa Morais,gisele.barbosa.morais1915@email.com,Feminino,BR
1916,Rafael Monteiro Brito,rafael.monteiro.brito1916@email.com,Masculino,BR
1917,Carla Silva Pires,carla.silva.pires1917@email.com,Feminino,BR
1918,Rafael Rocha Lima,rafael.rocha.lima1918@email.com,Masculino,BR
1919,Juliana Silva Duarte,juliana.silva.duarte1919@email.com,Feminino,BR
1920,Wagner Moreira Castro,wagner.moreira.castro1920@email.com,Masculino,BR
1921,Tatiane Ferreira Monteiro,tatiane.ferreira.monteiro1921@email.com,Feminino,BR
1922,Marcos Pinheiro Pinheiro,marcos.pinheiro.pinheiro1922@email.com,Masculino,BR
1923,Sandra Dias Cunha,sandra.dias.cunha1923@email.com,Feminino,BR
1924,Jose Rocha Martins,jose.rocha.martins1924@email.com,Masculino,BR
1925,Vanessa Carvalho Guimaraes,vanessa.carvalho.guimaraes1925@email.com,Feminino,BR
1926,Henrique Gomes Lima,henrique.gomes.lima1926@email.com,Masculino,BR
1927,Vanessa Siqueira Fernandes,vanessa.siqueira.fernandes1927@email.com,Feminino,BR
1928,Sergio Melo Costa,sergio.melo.costa1928@email.com,Masculino,BR
1929,Tatiane Azevedo Vasconcelos,tatiane.azevedo.vasconcelos1929@email.com,Feminino,BR
1930,Rafael Pereira Barbosa,rafael.pereira.barbosa1930@email.com,Masculino,BR
1931,Patricia Mendes Alves,patricia.mendes.alves1931@email.com,Feminino,BR
1932,André Matos Fonseca,andré.matos.fonseca1932@email.com,Masculino,BR
1933,Pamela Teixeira Freitas,pamela.teixeira.freitas1933@email.com,Feminino,BR
1934,Gabriel Siqueira Vasconcelos,gabriel.siqueira.vasconcelos1934@email.com,Masculino,BR
1935,Priscila Alves Barbosa,priscila.alves.barbosa1935@email.com,Feminino,BR
1936,Cesar Pereira Gomes,cesar.pereira.gomes1936@email.com,Masculino,BR
1937,Simone Rezende Lopes,simone.rezende.lopes1937@email.com,Feminino,BR
1938,Igor Guimaraes Siqueira,igor.guimaraes.siqueira1938@email.com,Masculino,BR
1939,Raquel Nascimento Fonseca,raquel.nascimento.fonseca1939@email.com,Feminino,BR
1940,Rafael Duarte Duarte,rafael.duarte.duarte1940@email.com,Masculino,BR
1941,Carla Fernandes Cardoso,carla.fernandes.cardoso1941@email.com,Feminino,BR
1942,Guilherme Martins Silva,guilherme.martins.silva1942@email.com,Masculino,BR
1943,Simone Araujo Xavier,simone.araujo.xavier1943@email.com,Feminino,BR
1944,Eduardo Correia Pinheiro,eduardo.correia.pinheiro1944@email.com,Masculino,BR
1945,Luciana Nunes Reis,luciana.nunes.reis1945@email.com,Feminino,BR
1946,Fabio Souza Brito,fabio.souza.brito1946@email.com,Masculino,BR
1947,Monica Machado Azevedo,monica.machado.azevedo1947@email.com,Feminino,BR
1948,Renato Freitas Macedo,renato.freitas.macedo1948@email.com,Masculino,BR
1949,Raquel Rezende Pires,raquel.rezende.pires1949@email.com,Feminino,BR
1950,Lucas Ribeiro Vasconcelos,lucas.ribeiro.vasconcelos1950@email.com,Masculino,BR
1951,Claudia Ferreira Reis,claudia.ferreira.reis1951@email.com,Feminino,BR
1952,Vinicius Melo Torres,vinicius.melo.torres1952@email.com,Masculino,BR
1953,Beatriz Castro Gomes,beatriz.castro.gomes1953@email.com,Feminino,BR
1954,Henrique Matos Morais,henrique.matos.morais1954@email.com,Masculino,BR
1955,Patricia Matos Pereira,patricia.matos.pereira1955@email.com,Feminino,BR
1956,Pedro Melo Barros,pedro.melo.barros1956@email.com,Masculino,BR
1957,Ana Torres Fonseca,ana.torres.fonseca1957@email.com,Feminino,BR
1958,Mauricio Moreira Macedo,mauricio.moreira.macedo1958@email.com,Masculino,BR
1959,Rosana Dias Oliveira,rosana.dias.oliveira1959@email.com,Feminino,BR
1960,Rafael Mendes Castro,rafael.mendes.castro1960@email.com,Masculino,BR
1961,Gisele Machado Vasconcelos,gisele.machado.vasconcelos1961@email.com,Feminino,BR
1962,Rafael Campos Moreira,rafael.campos.moreira1962@email.com,Masculino,BR
1963,Cristina Macedo Fonseca,cristina.macedo.fonseca1963@email.com,Feminino,BR
1964,Rodrigo Souza Azevedo,rodrigo.souza.azevedo1964@email.com,Masculino,BR
1965,Aline Barros Ferreira,aline.barros.ferreira1965@email.com,Feminino,BR
1966,Leonardo Campos Barros,leonardo.campos.barros1966@email.com,Masculino,BR
1967,Maria Siqueira Araujo,maria.siqueira.araujo1967@email.com,Feminino,BR
1968,Cesar Brito Martins,cesar.brito.martins1968@email.com,Masculino,BR
1969,Aline Souza Lopes,aline.souza.lopes1969@email.com,Feminino,BR
1970,Thiago Ribeiro Duarte,thiago.ribeiro.duarte1970@email.com,Masculino,BR
1971,Eliane Siqueira Rocha,eliane.siqueira.rocha1971@email.com,Feminino,BR
1972,Fernando Freitas Oliveira,fernando.freitas.oliveira1972@email.com,Masculino,BR
1973,Cristina Coelho Rezende,cristina.coelho.rezende1973@email.com,Feminino,BR
1974,Eduardo Pereira Mendes,eduardo.pereira.mendes1974@email.com,Masculino,BR
1975,Carla Carvalho Oliveira,carla.carvalho.oliveira1975@email.com,Feminino,BR
1976,Marcos Moura Xavier,marcos.moura.xavier1976@email.com,Masculino,BR
1977,Carla Rodrigues Machado,carla.rodrigues.machado1977@email.com,Feminino,BR
1978,Caio Oliveira Oliveira,caio.oliveira.oliveira1978@email.com,Masculino,BR
1979,Simone Alves Correia,simone.alves.correia1979@email.com,Feminino,BR
1980,Francisco Morais Reis,francisco.morais.reis1980@email.com,Masculino,BR
1981,Sabrina Reis Pinheiro,sabrina.reis.pinheiro1981@email.com,Feminino,BR
1982,Henrique Fonseca Castro,henrique.fonseca.castro1982@email.com,Masculino,BR
1983,Eliane Ribeiro Rodrigues,eliane.ribeiro.rodrigues1983@email.com,Feminino,BR
1984,Alexandre Campos Fonseca,alexandre.campos.fonseca1984@email.com,Masculino,BR
1985,Patricia Moura Mendes,patricia.moura.mendes1985@email.com,Feminino,BR
1986,Alexandre Carvalho Moura,alexandre.carvalho.moura1986@email.com,Masculino,BR
1987,Carolina Freitas Torres,carolina.freitas.torres1987@email.com,Feminino,BR
1988,Paulo Rezende Xavier,paulo.rezende.xavier1988@email.com,Masculino,BR
1989,Thais Tavares Silva,thais.tavares.silva1989@email.com,Feminino,BR
1990,Jose Souza Lopes,jose.souza.lopes1990@email.com,Masculino,BR
1991,Mariana Carvalho Pereira,mariana.carvalho.pereira1991@email.com,Feminino,BR
1992,Jose Vasconcelos Nunes,jose.vasconcelos.nunes1992@email.com,Masculino,BR
1993,Tatiana Rocha Ribeiro,tatiana.rocha.ribeiro1993@email.com,Feminino,BR
1994,Thiago Campos Tavares,thiago.campos.tavares1994@email.com,Masculino,BR
1995,Larissa Siqueira Carvalho,larissa.siqueira.carvalho1995@email.com,Feminino,BR
1996,Matheus Fernandes Teixeira,matheus.fernandes.teixeira1996@email.com,Masculino,BR
1997,Larissa Machado Brito,larissa.machado.brito1997@email.com,Feminino,BR
1998,Fernando Machado Dias,fernando.machado.dias1998@email.com,Masculino,BR
1999,Rosana Martins Vasconcelos,rosana.martins.vasconcelos1999@email.com,Feminino,BR
2000,Matheus Santos Araujo,matheus.santos.araujo2000@email.com,Masculino,BR
2002,Mauricio Martins Souza,mauricio.martins.souza2002@email.com,Masculino,BR
2003,Aline Oliveira Duarte,aline.oliveira.duarte2003@email.com,Feminino,BR
2004,Rafael Costa Martins,rafael.costa.martins2004@email.com,Masculino,BR
2005,Adriana Ribeiro Moura,adriana.ribeiro.moura2005@email.com,Feminino,BR
2006,Leonardo Tavares Duarte,leonardo.tavares.duarte2006@email.com,Masculino,BR
2007,Ana Matos Matos,ana.matos.matos2007@email.com,Feminino,BR
2008,Rodrigo Ferreira Dias,rodrigo.ferreira.dias2008@email.com,Masculino,BR
2009,Jessica Tavares Machado,jessica.tavares.machado2009@email.com,Feminino,BR
2010,Fernando Martins Carvalho,fernando.martins.carvalho2010@email.com,Masculino,BR
2011,Bianca Tavares Rocha,bianca.tavares.rocha2011@email.com,Feminino,BR
2012,Mauricio Torres Macedo,mauricio.torres.macedo2012@email.com,Masculino,BR
2013,Vanessa Guimaraes Siqueira,vanessa.guimaraes.siqueira2013@email.com,Feminino,BR
2014,Jose Mendes Martins,jose.mendes.martins2014@email.com,Masculino,BR
2015,Monica Azevedo Tavares,monica.azevedo.tavares2015@email.com,Feminino,BR
2016,Mauricio Pereira Carvalho,mauricio.pereira.carvalho2016@email.com,Masculino,BR
2017,Daniela Rodrigues Souza,daniela.rodrigues.souza2017@email.com,Feminino,BR
2018,Lucas Santos Gomes,lucas.santos.gomes2018@email.com,Masculino,BR
2019,Fabiana Barros Brito,fabiana.barros.brito2019@email.com,Feminino,BR
2020,Matheus Torres Rocha,matheus.torres.rocha2020@email.com,Masculino,BR
2021,Claudia Alves Ribeiro,claudia.alves.ribeiro2021@email.com,Feminino,BR
2022,Fernando Guimaraes Tavares,fernando.guimaraes.tavares2022@email.com,Masculino,BR
2023,Juliana Xavier Castro,juliana.xavier.castro2023@email.com,Feminino,BR
2024,Jose Coelho Lima,jose.coelho.lima2024@email.com,Masculino,BR
2025,Camila Machado Siqueira,camila.machado.siqueira2025@email.com,Feminino,BR
2026,Gabriel Tavares Castro,gabriel.tavares.castro2026@email.com,Masculino,BR
2027,Maria Macedo Brito,maria.macedo.brito2027@email.com,Feminino,BR
2028,Guilherme Moura Cunha,guilherme.moura.cunha2028@email.com,Masculino,BR
2029,Carla Oliveira Nascimento,carla.oliveira.nascimento2029@email.com,Feminino,BR
2030,Francisco Ramos Carvalho,francisco.ramos.carvalho2030@email.com,Masculino,BR
2031,Thais Xavier Macedo,thais.xavier.macedo2031@email.com,Feminino,BR
2032,Alexandre Freitas Fonseca,alexandre.freitas.fonseca2032@email.com,Masculino,BR
2033,Eliane Alves Ramos,eliane.alves.ramos2033@email.com,Feminino,BR
2034,Gabriel Mendes Machado,gabriel.mendes.machado2034@email.com,Masculino,BR
2035,Cristina Melo Ferreira,cristina.melo.ferreira2035@email.com,Feminino,BR
2036,Rodrigo Tavares Castro,rodrigo.tavares.castro2036@email.com,Masculino,BR
2037,Bianca Mendes Gomes,bianca.mendes.gomes2037@email.com,Feminino,BR
2038,João Correia Pinheiro,joão.correia.pinheiro2038@email.com,Masculino,BR
2039,Maria Duarte Moura,maria.duarte.moura2039@email.com,Feminino,BR
2040,Felipe Moura Silva,felipe.moura.silva2040@email.com,Masculino,BR
2041,Daniela Vasconcelos Dias,daniela.vasconcelos.dias2041@email.com,Feminino,BR
2042,Diego Cunha Campos,diego.cunha.campos2042@email.com,Masculino,BR
2043,Amanda Rocha Ramos,amanda.rocha.ramos2043@email.com,Feminino,BR
2044,Mauricio Mendes Mendes,mauricio.mendes.mendes2044@email.com,Masculino,BR
2045,Gisele Ramos Duarte,gisele.ramos.duarte2045@email.com,Feminino,BR
2046,Fabio Guimaraes Nunes,fabio.guimaraes.nunes2046@email.com,Masculino,BR
2047,Carolina Coelho Dias,carolina.coelho.dias2047@email.com,Feminino,BR
2048,Matheus Pires Xavier,matheus.pires.xavier2048@email.com,Masculino,BR
2049,Tatiane Machado Ribeiro,tatiane.machado.ribeiro2049@email.com,Feminino,BR
2050,Fabio Pires Pires,fabio.pires.pires2050@email.com,Masculino,BR
2051,Thais Mendes Monteiro,thais.mendes.monteiro2051@email.com,Feminino,BR
2052,Sergio Freitas Macedo,sergio.freitas.macedo2052@email.com,Masculino,BR
2053,Carolina Pinheiro Souza,carolina.pinheiro.souza2053@email.com,Feminino,BR
2054,Felipe Pinheiro Carvalho,felipe.pinheiro.carvalho2054@email.com,Masculino,BR
2055,Jessica Xavier Nascimento,jessica.xavier.nascimento2055@email.com,Feminino,BR
2056,Thiago Alves Dias,thiago.alves.dias2056@email.com,Masculino,BR
2057,Aline Moreira Xavier,aline.moreira.xavier2057@email.com,Feminino,BR
2058,Igor Fernandes Pires,igor.fernandes.pires2058@email.com,Masculino,BR
2059,Andrea Nascimento Brito,andrea.nascimento.brito2059@email.com,Feminino,BR
2060,Roberto Martins Rodrigues,roberto.martins.rodrigues2060@email.com,Masculino,BR
2061,Maria Fernandes Ferreira,maria.fernandes.ferreira2061@email.com,Feminino,BR
2062,Rafael Machado Tavares,rafael.machado.tavares2062@email.com,Masculino,BR
2063,Luciana Ferreira Pereira,luciana.ferreira.pereira2063@email.com,Feminino,BR
2064,Henrique Carvalho Campos,henrique.carvalho.campos2064@email.com,Masculino,BR
2065,Camila Tavares Oliveira,camila.tavares.oliveira2065@email.com,Feminino,BR
2066,Alexandre Moreira Guimaraes,alexandre.moreira.guimaraes2066@email.com,Masculino,BR
2067,Fabiana Barbosa Correia,fabiana.barbosa.correia2067@email.com,Feminino,BR
2068,Wagner Costa Macedo,wagner.costa.macedo2068@email.com,Masculino,BR
2069,Vanessa Morais Rezende,vanessa.morais.rezende2069@email.com,Feminino,BR
2070,Renato Silva Gomes,renato.silva.gomes2070@email.com,Masculino,BR
2071,Fabiana Barbosa Gomes,fabiana.barbosa.gomes2071@email.com,Feminino,BR
2072,Carlos Xavier Tavares,carlos.xavier.tavares2072@email.com,Masculino,BR
2073,Aline Moura Nascimento,aline.moura.nascimento2073@email.com,Feminino,BR
2074,Eduardo Guimaraes Martins,eduardo.guimaraes.martins2074@email.com,Masculino,BR
2075,Juliana Campos Araujo,juliana.campos.araujo2075@email.com,Feminino,BR
2076,João Martins Ferreira,joão.martins.ferreira2076@email.com,Masculino,BR
2077,Sabrina Macedo Moreira,sabrina.macedo.moreira2077@email.com,Feminino,BR
2078,Paulo Siqueira Moreira,paulo.siqueira.moreira2078@email.com,Masculino,BR
2079,Carolina Fonseca Gomes,carolina.fonseca.gomes2079@email.com,Feminino,BR
2080,Francisco Silva Pinheiro,francisco.silva.pinheiro2080@email.com,Masculino,BR
2081,Patricia Ferreira Pires,patricia.ferreira.pires2081@email.com,Feminino,BR
2082,Rodrigo Matos Reis,rodrigo.matos.reis2082@email.com,Masculino,BR
2083,Tatiane Fonseca Freitas,tatiane.fonseca.freitas2083@email.com,Feminino,BR
2084,Paulo Torres Nunes,paulo.torres.nunes2084@email.com,Masculino,BR
2085,Cristina Tavares Gomes,cristina.tavares.gomes2085@email.com,Feminino,BR
2086,Caio Moreira Duarte,caio.moreira.duarte2086@email.com,Masculino,BR
2087,Maria Mendes Ribeiro,maria.mendes.ribeiro2087@email.com,Feminino,BR
2088,Matheus Barros Alves,matheus.barros.alves2088@email.com,Masculino,BR
2089,Tatiane Pereira Barros,tatiane.pereira.barros2089@email.com,Feminino,BR
2090,Rodrigo Teixeira Lima,rodrigo.teixeira.lima2090@email.com,Masculino,BR
2091,Aline Mendes Castro,aline.mendes.castro2091@email.com,Feminino,BR
2092,Sergio Mendes Nascimento,sergio.mendes.nascimento2092@email.com,Masculino,BR
2093,Jessica Rodrigues Duarte,jessica.rodrigues.duarte2093@email.com,Feminino,BR
2094,Fernando Macedo Araujo,fernando.macedo.araujo2094@email.com,Masculino,BR
2095,Monica Macedo Azevedo,monica.macedo.azevedo2095@email.com,Feminino,BR
2096,Caio Fonseca Santos,caio.fonseca.santos2096@email.com,Masculino,BR
2097,Thais Lima Mendes,thais.lima.mendes2097@email.com,Feminino,BR
2098,Ricardo Rodrigues Morais,ricardo.rodrigues.morais2098@email.com,Masculino,BR
2099,Cristina Brito Nascimento,cristina.brito.nascimento2099@email.com,Feminino,BR
2100,Eduardo Fernandes Cardoso,eduardo.fernandes.cardoso2100@email.com,Masculino,BR
2101,Bianca Freitas Moura,bianca.freitas.moura2101@email.com,Feminino,BR
2102,Marcelo Silva Nascimento,marcelo.silva.nascimento2102@email.com,Masculino,BR
2103,Adriana Araujo Barbosa,adriana.araujo.barbosa2103@email.com,Feminino,BR
2104,Bruno Moreira Brito,bruno.moreira.brito2104@email.com,Masculino,BR
2105,Monica Pereira Pires,monica.pereira.pires2105@email.com,Feminino,BR
2106,Daniel Machado Cardoso,daniel.machado.cardoso2106@email.com,Masculino,BR
2107,Sandra Dias Duarte,sandra.dias.duarte2107@email.com,Feminino,BR
2108,Vinicius Ribeiro Pinheiro,vinicius.ribeiro.pinheiro2108@email.com,Masculino,BR
2109,Renata Rezende Pinheiro,renata.rezende.pinheiro2109@email.com,Feminino,BR
2110,André Araujo Pinheiro,andré.araujo.pinheiro2110@email.com,Masculino,BR
2111,Priscila Mendes Dias,priscila.mendes.dias2111@email.com,Feminino,BR
2112,Eduardo Gomes Reis,eduardo.gomes.reis2112@email.com,Masculino,BR
2113,Priscila Reis Guimaraes,priscila.reis.guimaraes2113@email.com,Feminino,BR
2114,Paulo Rocha Macedo,paulo.rocha.macedo2114@email.com,Masculino,BR
2115,Amanda Lima Ferreira,amanda.lima.ferreira2115@email.com,Feminino,BR
2116,Antonio Guimaraes Silva,antonio.guimaraes.silva2116@email.com,Masculino,BR
2117,Gisele Oliveira Melo,gisele.oliveira.melo2117@email.com,Feminino,BR
2118,Fernando Campos Guimaraes,fernando.campos.guimaraes2118@email.com,Masculino,BR
2119,Simone Rezende Duarte,simone.rezende.duarte2119@email.com,Feminino,BR
2120,Vinicius Rezende Ribeiro,vinicius.rezende.ribeiro2120@email.com,Masculino,BR
2121,Aline Nunes Moreira,aline.nunes.moreira2121@email.com,Feminino,BR
2122,Eduardo Coelho Duarte,eduardo.coelho.duarte2122@email.com,Masculino,BR
2123,Beatriz Costa Moura,beatriz.costa.moura2123@email.com,Feminino,BR
2124,Guilherme Machado Castro,guilherme.machado.castro2124@email.com,Masculino,BR
2125,Juliana Barros Freitas,juliana.barros.freitas2125@email.com,Feminino,BR
2126,Leonardo Brito Macedo,leonardo.brito.macedo2126@email.com,Masculino,BR
2127,Vanessa Azevedo Lima,vanessa.azevedo.lima2127@email.com,Feminino,BR
2128,Francisco Azevedo Cardoso,francisco.azevedo.cardoso2128@email.com,Masculino,BR
2129,Maria Silva Brito,maria.silva.brito2129@email.com,Feminino,BR
2130,Marcos Rodrigues Fonseca,marcos.rodrigues.fonseca2130@email.com,Masculino,BR
2131,Amanda Cardoso Campos,amanda.cardoso.campos2131@email.com,Feminino,BR
2132,Cesar Mendes Ribeiro,cesar.mendes.ribeiro2132@email.com,Masculino,BR
2133,Tatiane Mendes Araujo,tatiane.mendes.araujo2133@email.com,Feminino,BR
2134,Vinicius Machado Guimaraes,vinicius.machado.guimaraes2134@email.com,Masculino,BR
2135,Monica Campos Ribeiro,monica.campos.ribeiro2135@email.com,Feminino,BR
2136,Antonio Ramos Dias,antonio.ramos.dias2136@email.com,Masculino,BR
2137,Bianca Nascimento Coelho,bianca.nascimento.coelho2137@email.com,Feminino,BR
2138,Fabio Campos Melo,fabio.campos.melo2138@email.com,Masculino,BR
2139,Carolina Nunes Lopes,carolina.nunes.lopes2139@email.com,Feminino,BR
2140,Daniel Duarte Souza,daniel.duarte.souza2140@email.com,Masculino,BR
2141,Eliane Brito Carvalho,eliane.brito.carvalho2141@email.com,Feminino,BR
2142,Lucas Matos Nunes,lucas.matos.nunes2142@email.com,Masculino,BR
2143,Priscila Pires Ramos,priscila.pires.ramos2143@email.com,Feminino,BR
2144,Alexandre Gomes Rocha,alexandre.gomes.rocha2144@email.com,Masculino,BR
2145,Isabela Machado Fernandes,isabela.machado.fernandes2145@email.com,Feminino,BR
2146,João Ribeiro Cunha,joão.ribeiro.cunha2146@email.com,Masculino,BR
2147,Pamela Souza Melo,pamela.souza.melo2147@email.com,Feminino,BR
2148,Francisco Castro Matos,francisco.castro.matos2148@email.com,Masculino,BR
2149,Simone Xavier Rezende,simone.xavier.rezende2149@email.com,Feminino,BR
2150,Leandro Mendes Pires,leandro.mendes.pires2150@email.com,Masculino,BR
2151,Eliane Costa Moreira,eliane.costa.moreira2151@email.com,Feminino,BR
2152,Lucas Nascimento Martins,lucas.nascimento.martins2152@email.com,Masculino,BR
2153,Fernanda Dias Torres,fernanda.dias.torres2153@email.com,Feminino,BR
2154,Henrique Machado Reis,henrique.machado.reis2154@email.com,Masculino,BR
2155,Amanda Lopes Pinheiro,amanda.lopes.pinheiro2155@email.com,Feminino,BR
2156,Igor Mendes Campos,igor.mendes.campos2156@email.com,Masculino,BR
2157,Carla Pires Pires,carla.pires.pires2157@email.com,Feminino,BR
2158,Henrique Freitas Santos,henrique.freitas.santos2158@email.com,Masculino,BR
2159,Bianca Lima Freitas,bianca.lima.freitas2159@email.com,Feminino,BR
2160,Wagner Gomes Duarte,wagner.gomes.duarte2160@email.com,Masculino,BR
2161,Eliane Vasconcelos Vasconcelos,eliane.vasconcelos.vasconcelos2161@email.com,Feminino,BR
2162,Marcelo Ribeiro Macedo,marcelo.ribeiro.macedo2162@email.com,Masculino,BR
2163,Leticia Freitas Cardoso,leticia.freitas.cardoso2163@email.com,Feminino,BR
2164,Jose Rezende Macedo,jose.rezende.macedo2164@email.com,Masculino,BR
2165,Jessica Ferreira Rodrigues,jessica.ferreira.rodrigues2165@email.com,Feminino,BR
2166,Cesar Barbosa Azevedo,cesar.barbosa.azevedo2166@email.com,Masculino,BR
2167,Isabela Martins Morais,isabela.martins.morais2167@email.com,Feminino,BR
2168,Igor Cunha Morais,igor.cunha.morais2168@email.com,Masculino,BR
2169,Andrea Duarte Moreira,andrea.duarte.moreira2169@email.com,Feminino,BR
2170,Ricardo Ferreira Martins,ricardo.ferreira.martins2170@email.com,Masculino,BR
2171,Monica Carvalho Cardoso,monica.carvalho.cardoso2171@email.com,Feminino,BR
2172,Diego Vasconcelos Barbosa,diego.vasconcelos.barbosa2172@email.com,Masculino,BR
2173,Sabrina Tavares Vasconcelos,sabrina.tavares.vasconcelos2173@email.com,Feminino,BR
2174,Leonardo Nunes Lopes,leonardo.nunes.lopes2174@email.com,Masculino,BR
2175,Carla Pinheiro Fonseca,carla.pinheiro.fonseca2175@email.com,Feminino,BR
2176,Francisco Lopes Cunha,francisco.lopes.cunha2176@email.com,Masculino,BR
2177,Mariana Ribeiro Melo,mariana.ribeiro.melo2177@email.com,Feminino,BR
2178,Pedro Souza Matos,pedro.souza.matos2178@email.com,Masculino,BR
2179,Priscila Siqueira Mendes,priscila.siqueira.mendes2179@email.com,Feminino,BR
2180,Bruno Dias Martins,bruno.dias.martins2180@email.com,Masculino,BR
2181,Carolina Alves Alves,carolina.alves.alves2181@email.com,Feminino,BR
2182,Ricardo Machado Pires,ricardo.machado.pires2182@email.com,Masculino,BR
2183,Fernanda Santos Macedo,fernanda.santos.macedo2183@email.com,Feminino,BR
2184,Leonardo Moura Coelho,leonardo.moura.coelho2184@email.com,Masculino,BR
2185,Camila Alves Mendes,camila.alves.mendes2185@email.com,Feminino,BR
2186,Cesar Rocha Ferreira,cesar.rocha.ferreira2186@email.com,Masculino,BR
2187,Daniela Monteiro Carvalho,daniela.monteiro.carvalho2187@email.com,Feminino,BR
2188,Gustavo Pinheiro Barbosa,gustavo.pinheiro.barbosa2188@email.com,Masculino,BR
2189,Jessica Morais Souza,jessica.morais.souza2189@email.com,Feminino,BR
2190,Gabriel Moura Reis,gabriel.moura.reis2190@email.com,Masculino,BR
2191,Mariana Santos Oliveira,mariana.santos.oliveira2191@email.com,Feminino,BR
2192,Paulo Cardoso Machado,paulo.cardoso.machado2192@email.com,Masculino,BR
2193,Bruna Castro Nunes,bruna.castro.nunes2193@email.com,Feminino,BR
2194,Rafael Lopes Souza,rafael.lopes.souza2194@email.com,Masculino,BR
2195,Gisele Ribeiro Fonseca,gisele.ribeiro.fonseca2195@email.com,Feminino,BR
2196,Wagner Azevedo Morais,wagner.azevedo.morais2196@email.com,Masculino,BR
2197,Eliane Ramos Moura,eliane.ramos.moura2197@email.com,Feminino,BR
2198,Marcelo Monteiro Freitas,marcelo.monteiro.freitas2198@email.com,Masculino,BR
2199,Thais Castro Carvalho,thais.castro.carvalho2199@email.com,Feminino,BR
2200,Bruno Lopes Monteiro,bruno.lopes.monteiro2200@email.com,Masculino,BR
2201,Carla Cunha Mendes,carla.cunha.mendes2201@email.com,Feminino,BR
2202,Rafael Monteiro Silva,rafael.monteiro.silva2202@email.com,Masculino,BR
2203,Maria Moura Torres,maria.moura.torres2203@email.com,Feminino,BR
2204,Gabriel Freitas Barbosa,gabriel.freitas.barbosa2204@email.com,Masculino,BR
2205,Thais Castro Silva,thais.castro.silva2205@email.com,Feminino,BR
2206,Antonio Coelho Machado,antonio.coelho.machado2206@email.com,Masculino,BR
2207,Raquel Silva Macedo,raquel.silva.macedo2207@email.com,Feminino,BR
2208,Guilherme Fernandes Barbosa,guilherme.fernandes.barbosa2208@email.com,Masculino,BR
2209,Claudia Carvalho Xavier,claudia.carvalho.xavier2209@email.com,Feminino,BR
2210,João Pires Campos,joão.pires.campos2210@email.com,Masculino,BR
2211,Renata Cunha Pires,renata.cunha.pires2211@email.com,Feminino,BR
2212,Guilherme Moreira Araujo,guilherme.moreira.araujo2212@email.com,Masculino,BR
2213,Mariana Correia Pinheiro,mariana.correia.pinheiro2213@email.com,Feminino,BR
2214,Alexandre Reis Rodrigues,alexandre.reis.rodrigues2214@email.com,Masculino,BR
2215,Cristina Mendes Ferreira,cristina.mendes.ferreira2215@email.com,Feminino,BR
2216,Guilherme Morais Araujo,guilherme.morais.araujo2216@email.com,Masculino,BR
2217,Fabiana Coelho Fernandes,fabiana.coelho.fernandes2217@email.com,Feminino,BR
2218,Cesar Fernandes Nascimento,cesar.fernandes.nascimento2218@email.com,Masculino,BR
2219,Sabrina Barbosa Vasconcelos,sabrina.barbosa.vasconcelos2219@email.com,Feminino,BR
2220,Marcelo Fernandes Nunes,marcelo.fernandes.nunes2220@email.com,Masculino,BR
2221,Bianca Gomes Melo,bianca.gomes.melo2221@email.com,Feminino,BR
2222,Ricardo Ribeiro Souza,ricardo.ribeiro.souza2222@email.com,Masculino,BR
2223,Leticia Lima Morais,leticia.lima.morais2223@email.com,Feminino,BR
2224,Caio Guimaraes Lopes,caio.guimaraes.lopes2224@email.com,Masculino,BR
2225,Sabrina Nascimento Guimaraes,sabrina.nascimento.guimaraes2225@email.com,Feminino,BR
2226,Antonio Gomes Cardoso,antonio.gomes.cardoso2226@email.com,Masculino,BR
2227,Ana Rocha Costa,ana.rocha.costa2227@email.com,Feminino,BR
2228,Marcelo Santos Ribeiro,marcelo.santos.ribeiro2228@email.com,Masculino,BR
2229,Amanda Barbosa Nunes,amanda.barbosa.nunes2229@email.com,Feminino,BR
2230,Gabriel Correia Lopes,gabriel.correia.lopes2230@email.com,Masculino,BR
2231,Maria Carvalho Ferreira,maria.carvalho.ferreira2231@email.com,Feminino,BR
2232,Rafael Silva Rezende,rafael.silva.rezende2232@email.com,Masculino,BR
2233,Tatiana Teixeira Cunha,tatiana.teixeira.cunha2233@email.com,Feminino,BR
2234,Leandro Xavier Fernandes,leandro.xavier.fernandes2234@email.com,Masculino,BR
2235,Pamela Campos Azevedo,pamela.campos.azevedo2235@email.com,Feminino,BR
2236,Carlos Teixeira Ferreira,carlos.teixeira.ferreira2236@email.com,Masculino,BR
2237,Isabela Costa Nunes,isabela.costa.nunes2237@email.com,Feminino,BR
2238,Leonardo Pereira Castro,leonardo.pereira.castro2238@email.com,Masculino,BR
2239,Thais Ribeiro Gomes,thais.ribeiro.gomes2239@email.com,Feminino,BR
2240,Henrique Torres Rodrigues,henrique.torres.rodrigues2240@email.com,Masculino,BR
2241,Maria Lima Macedo,maria.lima.macedo2241@email.com,Feminino,BR
2242,Gustavo Rodrigues Macedo,gustavo.rodrigues.macedo2242@email.com,Masculino,BR
2243,Jessica Araujo Pinheiro,jessica.araujo.pinheiro2243@email.com,Feminino,BR
2244,Carlos Gomes Azevedo,carlos.gomes.azevedo2244@email.com,Masculino,BR
2245,Amanda Moura Siqueira,amanda.moura.siqueira2245@email.com,Feminino,BR
2246,Marcos Machado Rodrigues,marcos.machado.rodrigues2246@email.com,Masculino,BR
2247,Raquel Cardoso Martins,raquel.cardoso.martins2247@email.com,Feminino,BR
2248,Carlos Pinheiro Pires,carlos.pinheiro.pires2248@email.com,Masculino,BR
2249,Fabiana Lima Mendes,fabiana.lima.mendes2249@email.com,Feminino,BR
2250,Fernando Morais Monteiro,fernando.morais.monteiro2250@email.com,Masculino,BR
2251,Renata Campos Costa,renata.campos.costa2251@email.com,Feminino,BR
2252,Marcos Lima Araujo,marcos.lima.araujo2252@email.com,Masculino,BR
2253,Luciana Cardoso Silva,luciana.cardoso.silva2253@email.com,Feminino,BR
2254,Thiago Xavier Nunes,thiago.xavier.nunes2254@email.com,Masculino,BR
2255,Rosana Lima Moreira,rosana.lima.moreira2255@email.com,Feminino,BR
2256,Gustavo Silva Oliveira,gustavo.silva.oliveira2256@email.com,Masculino,BR
2257,Rosana Xavier Nascimento,rosana.xavier.nascimento2257@email.com,Feminino,BR
2258,Fernando Nascimento Tavares,fernando.nascimento.tavares2258@email.com,Masculino,BR
2259,Isabela Campos Macedo,isabela.campos.macedo2259@email.com,Feminino,BR
2260,Bruno Araujo Martins,bruno.araujo.martins2260@email.com,Masculino,BR
2261,Pamela Ferreira Brito,pamela.ferreira.brito2261@email.com,Feminino,BR
2262,Cesar Teixeira Coelho,cesar.teixeira.coelho2262@email.com,Masculino,BR
2263,Fernanda Costa Freitas,fernanda.costa.freitas2263@email.com,Feminino,BR
2264,Rafael Nascimento Castro,rafael.nascimento.castro2264@email.com,Masculino,BR
2265,Amanda Souza Rezende,amanda.souza.rezende2265@email.com,Feminino,BR
2266,Eduardo Cardoso Pires,eduardo.cardoso.pires2266@email.com,Masculino,BR
2267,Sandra Fernandes Lopes,sandra.fernandes.lopes2267@email.com,Feminino,BR
2268,André Santos Nascimento,andré.santos.nascimento2268@email.com,Masculino,BR
2269,Daniela Freitas Matos,daniela.freitas.matos2269@email.com,Feminino,BR
2270,Gabriel Mendes Oliveira,gabriel.mendes.oliveira2270@email.com,Masculino,BR
2271,Pamela Correia Lopes,pamela.correia.lopes2271@email.com,Feminino,BR
2272,Rafael Barbosa Castro,rafael.barbosa.castro2272@email.com,Masculino,BR
2273,Pamela Gomes Duarte,pamela.gomes.duarte2273@email.com,Feminino,BR
2274,Daniel Castro Freitas,daniel.castro.freitas2274@email.com,Masculino,BR
2275,Simone Matos Azevedo,simone.matos.azevedo2275@email.com,Feminino,BR
2276,Vinicius Reis Tavares,vinicius.reis.tavares2276@email.com,Masculino,BR
2277,Tatiane Martins Pereira,tatiane.martins.pereira2277@email.com,Feminino,BR
2278,Francisco Rocha Lopes,francisco.rocha.lopes2278@email.com,Masculino,BR
2279,Leticia Torres Mendes,leticia.torres.mendes2279@email.com,Feminino,BR
2280,Marcelo Campos Azevedo,marcelo.campos.azevedo2280@email.com,Masculino,BR
2281,Maria Macedo Morais,maria.macedo.morais2281@email.com,Feminino,BR
2282,Jose Rodrigues Matos,jose.rodrigues.matos2282@email.com,Masculino,BR
2283,Vanessa Santos Guimaraes,vanessa.santos.guimaraes2283@email.com,Feminino,BR
2284,Fabio Macedo Guimaraes,fabio.macedo.guimaraes2284@email.com,Masculino,BR
2285,Priscila Cardoso Matos,priscila.cardoso.matos2285@email.com,Feminino,BR
2286,Ricardo Siqueira Castro,ricardo.siqueira.castro2286@email.com,Masculino,BR
2287,Daniela Gomes Moura,daniela.gomes.moura2287@email.com,Feminino,BR
2288,Antonio Macedo Pires,antonio.macedo.pires2288@email.com,Masculino,BR
2289,Isabela Guimaraes Barbosa,isabela.guimaraes.barbosa2289@email.com,Feminino,BR
2290,Diego Cunha Vasconcelos,diego.cunha.vasconcelos2290@email.com,Masculino,BR
2291,Simone Lima Alves,simone.lima.alves2291@email.com,Feminino,BR
2292,Francisco Siqueira Pereira,francisco.siqueira.pereira2292@email.com,Masculino,BR
2293,Juliana Reis Souza,juliana.reis.souza2293@email.com,Feminino,BR
2294,Daniel Oliveira Gomes,daniel.oliveira.gomes2294@email.com,Masculino,BR
2295,Amanda Rezende Gomes,amanda.rezende.gomes2295@email.com,Feminino,BR
2296,Lucas Oliveira Duarte,lucas.oliveira.duarte2296@email.com,Masculino,BR
2297,Daniela Siqueira Rezende,daniela.siqueira.rezende2297@email.com,Feminino,BR
2298,Francisco Guimaraes Nascimento,francisco.guimaraes.nascimento2298@email.com,Masculino,BR
2299,Rosana Mendes Costa,rosana.mendes.costa2299@email.com,Feminino,BR
2300,Fabio Carvalho Tavares,fabio.carvalho.tavares2300@email.com,Masculino,BR
2301,Patricia Silva Dias,patricia.silva.dias2301@email.com,Feminino,BR
2302,Antonio Reis Ferreira,antonio.reis.ferreira2302@email.com,Masculino,BR
2303,Bruna Fernandes Morais,bruna.fernandes.morais2303@email.com,Feminino,BR
2304,Roberto Campos Pires,roberto.campos.pires2304@email.com,Masculino,BR
2305,Bianca Torres Campos,bianca.torres.campos2305@email.com,Feminino,BR
2306,Roberto Torres Guimaraes,roberto.torres.guimaraes2306@email.com,Masculino,BR
2307,Sabrina Moura Oliveira,sabrina.moura.oliveira2307@email.com,Feminino,BR
2308,Ricardo Reis Monteiro,ricardo.reis.monteiro2308@email.com,Masculino,BR
2309,Patricia Dias Moura,patricia.dias.moura2309@email.com,Feminino,BR
2310,Lucas Alves Matos,lucas.alves.matos2310@email.com,Masculino,BR
2311,Cristina Castro Rodrigues,cristina.castro.rodrigues2311@email.com,Feminino,BR
2312,André Gomes Moura,andré.gomes.moura2312@email.com,Masculino,BR
2313,Priscila Duarte Morais,priscila.duarte.morais2313@email.com,Feminino,BR
2314,Daniel Pires Pinheiro,daniel.pires.pinheiro2314@email.com,Masculino,BR
2315,Tatiane Cunha Pinheiro,tatiane.cunha.pinheiro2315@email.com,Feminino,BR
2316,Lucas Macedo Morais,lucas.macedo.morais2316@email.com,Masculino,BR
2317,Eliane Freitas Brito,eliane.freitas.brito2317@email.com,Feminino,BR
2318,Caio Nascimento Siqueira,caio.nascimento.siqueira2318@email.com,Masculino,BR
2319,Luciana Alves Martins,luciana.alves.martins2319@email.com,Feminino,BR
2320,Daniel Pires Moreira,daniel.pires.moreira2320@email.com,Masculino,BR
2321,Aline Teixeira Siqueira,aline.teixeira.siqueira2321@email.com,Feminino,BR
2322,Thiago Castro Tavares,thiago.castro.tavares2322@email.com,Masculino,BR
2323,Jessica Freitas Cardoso,jessica.freitas.cardoso2323@email.com,Feminino,BR
2324,Rafael Cardoso Melo,rafael.cardoso.melo2324@email.com,Masculino,BR
2325,Carla Cunha Coelho,carla.cunha.coelho2325@email.com,Feminino,BR
2326,Guilherme Torres Matos,guilherme.torres.matos2326@email.com,Masculino,BR
2327,Simone Tavares Araujo,simone.tavares.araujo2327@email.com,Feminino,BR
2328,Sergio Castro Dias,sergio.castro.dias2328@email.com,Masculino,BR
2329,Daniela Macedo Pires,daniela.macedo.pires2329@email.com,Feminino,BR
2330,Henrique Campos Lopes,henrique.campos.lopes2330@email.com,Masculino,BR
2331,Jessica Moreira Silva,jessica.moreira.silva2331@email.com,Feminino,BR
2332,Carlos Barbosa Tavares,carlos.barbosa.tavares2332@email.com,Masculino,BR
2333,Ana Moura Souza,ana.moura.souza2333@email.com,Feminino,BR
2334,Leandro Silva Monteiro,leandro.silva.monteiro2334@email.com,Masculino,BR
2335,Cristina Dias Melo,cristina.dias.melo2335@email.com,Feminino,BR
2336,Diego Santos Macedo,diego.santos.macedo2336@email.com,Masculino,BR
2337,Sabrina Pires Barros,sabrina.pires.barros2337@email.com,Feminino,BR
2338,Rafael Duarte Duarte,rafael.duarte.duarte2338@email.com,Masculino,BR
2339,Isabela Alves Oliveira,isabela.alves.oliveira2339@email.com,Feminino,BR
2340,Caio Freitas Rocha,caio.freitas.rocha2340@email.com,Masculino,BR
2341,Beatriz Mendes Campos,beatriz.mendes.campos2341@email.com,Feminino,BR
2342,Mauricio Araujo Carvalho,mauricio.araujo.carvalho2342@email.com,Masculino,BR
2343,Adriana Fernandes Monteiro,adriana.fernandes.monteiro2343@email.com,Feminino,BR
2344,Bruno Duarte Moreira,bruno.duarte.moreira2344@email.com,Masculino,BR
2345,Eliane Dias Matos,eliane.dias.matos2345@email.com,Feminino,BR
2346,Ricardo Matos Cardoso,ricardo.matos.cardoso2346@email.com,Masculino,BR
2347,Thais Ribeiro Rezende,thais.ribeiro.rezende2347@email.com,Feminino,BR
2348,Sergio Torres Alves,sergio.torres.alves2348@email.com,Masculino,BR
2349,Claudia Vasconcelos Monteiro,claudia.vasconcelos.monteiro2349@email.com,Feminino,BR
2350,Carlos Matos Fernandes,carlos.matos.fernandes2350@email.com,Masculino,BR
2351,Eliane Rodrigues Ferreira,eliane.rodrigues.ferreira2351@email.com,Feminino,BR
2352,Roberto Macedo Teixeira,roberto.macedo.teixeira2352@email.com,Masculino,BR
2353,Sandra Torres Ramos,sandra.torres.ramos2353@email.com,Feminino,BR
2354,Matheus Lima Macedo,matheus.lima.macedo2354@email.com,Masculino,BR
2355,Cristina Pinheiro Vasconcelos,cristina.pinheiro.vasconcelos2355@email.com,Feminino,BR
2356,Wagner Silva Morais,wagner.silva.morais2356@email.com,Masculino,BR
2357,Daniela Costa Monteiro,daniela.costa.monteiro2357@email.com,Feminino,BR
2358,Francisco Oliveira Cardoso,francisco.oliveira.cardoso2358@email.com,Masculino,BR
2359,Gisele Duarte Rocha,gisele.duarte.rocha2359@email.com,Feminino,BR
2360,Diego Barros Nascimento,diego.barros.nascimento2360@email.com,Masculino,BR
2361,Cristina Rocha Costa,cristina.rocha.costa2361@email.com,Feminino,BR
2362,Leonardo Lopes Coelho,leonardo.lopes.coelho2362@email.com,Masculino,BR
2363,Claudia Duarte Barros,claudia.duarte.barros2363@email.com,Feminino,BR
2364,Bruno Carvalho Ramos,bruno.carvalho.ramos2364@email.com,Masculino,BR
2365,Leticia Xavier Moreira,leticia.xavier.moreira2365@email.com,Feminino,BR
2366,Rafael Souza Teixeira,rafael.souza.teixeira2366@email.com,Masculino,BR
2367,Camila Machado Duarte,camila.machado.duarte2367@email.com,Feminino,BR
2368,Roberto Pires Moreira,roberto.pires.moreira2368@email.com,Masculino,BR
2369,Adriana Ferreira Moreira,adriana.ferreira.moreira2369@email.com,Feminino,BR
2370,Jose Ramos Macedo,jose.ramos.macedo2370@email.com,Masculino,BR
2371,Beatriz Coelho Souza,beatriz.coelho.souza2371@email.com,Feminino,BR
2372,Fernando Pires Gomes,fernando.pires.gomes2372@email.com,Masculino,BR
2373,Pamela Moreira Vasconcelos,pamela.moreira.vasconcelos2373@email.com,Feminino,BR
2374,Sergio Gomes Pires,sergio.gomes.pires2374@email.com,Masculino,BR
2375,Andrea Pinheiro Moura,andrea.pinheiro.moura2375@email.com,Feminino,BR
2376,Gustavo Araujo Pereira,gustavo.araujo.pereira2376@email.com,Masculino,BR
2377,Sabrina Macedo Ramos,sabrina.macedo.ramos2377@email.com,Feminino,BR
2378,Diego Brito Duarte,diego.brito.duarte2378@email.com,Masculino,BR
2379,Camila Lima Siqueira,camila.lima.siqueira2379@email.com,Feminino,BR
2380,Matheus Ramos Campos,matheus.ramos.campos2380@email.com,Masculino,BR
2381,Sandra Gomes Cardoso,sandra.gomes.cardoso2381@email.com,Feminino,BR
2382,Paulo Tavares Vasconcelos,paulo.tavares.vasconcelos2382@email.com,Masculino,BR
2383,Ana Macedo Monteiro,ana.macedo.monteiro2383@email.com,Feminino,BR
2384,Thiago Freitas Guimaraes,thiago.freitas.guimaraes2384@email.com,Masculino,BR
2385,Jessica Guimaraes Rocha,jessica.guimaraes.rocha2385@email.com,Feminino,BR
2386,Renato Oliveira Torres,renato.oliveira.torres2386@email.com,Masculino,BR
2387,Cristina Gomes Brito,cristina.gomes.brito2387@email.com,Feminino,BR
2388,Fabio Rocha Coelho,fabio.rocha.coelho2388@email.com,Masculino,BR
2389,Camila Lima Pinheiro,camila.lima.pinheiro2389@email.com,Feminino,BR
2390,Roberto Araujo Guimaraes,roberto.araujo.guimaraes2390@email.com,Masculino,BR
2391,Isabela Reis Torres,isabela.reis.torres2391@email.com,Feminino,BR
2392,Rodrigo Silva Teixeira,rodrigo.silva.teixeira2392@email.com,Masculino,BR
2393,Larissa Monteiro Lopes,larissa.monteiro.lopes2393@email.com,Feminino,BR
2394,Fernando Santos Teixeira,fernando.santos.teixeira2394@email.com,Masculino,BR
2395,Tatiana Pinheiro Castro,tatiana.pinheiro.castro2395@email.com,Feminino,BR
2396,Marcos Dias Castro,marcos.dias.castro2396@email.com,Masculino,BR
2397,Fabiana Coelho Mendes,fabiana.coelho.mendes2397@email.com,Feminino,BR
2398,Rafael Machado Guimaraes,rafael.machado.guimaraes2398@email.com,Masculino,BR
2399,Isabela Nascimento Nascimento,isabela.nascimento.nascimento2399@email.com,Feminino,BR
2400,Pedro Rodrigues Fonseca,pedro.rodrigues.fonseca2400@email.com,Masculino,BR
2401,Fabiana Oliveira Mendes,fabiana.oliveira.mendes2401@email.com,Feminino,BR
2402,Thiago Costa Barbosa,thiago.costa.barbosa2402@email.com,Masculino,BR
2403,Renata Xavier Nascimento,renata.xavier.nascimento2403@email.com,Feminino,BR
2404,Cesar Nunes Costa,cesar.nunes.costa2404@email.com,Masculino,BR
2405,Bruna Vasconcelos Silva,bruna.vasconcelos.silva2405@email.com,Feminino,BR
2406,Ricardo Rodrigues Siqueira,ricardo.rodrigues.siqueira2406@email.com,Masculino,BR
2407,Sabrina Siqueira Melo,sabrina.siqueira.melo2407@email.com,Feminino,BR
2408,Fabio Alves Santos,fabio.alves.santos2408@email.com,Masculino,BR
2409,Leticia Vasconcelos Rodrigues,leticia.vasconcelos.rodrigues2409@email.com,Feminino,BR
2410,Eduardo Rodrigues Barros,eduardo.rodrigues.barros2410@email.com,Masculino,BR
2411,Amanda Cardoso Rezende,amanda.cardoso.rezende2411@email.com,Feminino,BR
2412,Wagner Castro Ferreira,wagner.castro.ferreira2412@email.com,Masculino,BR
2413,Vanessa Gomes Barros,vanessa.gomes.barros2413@email.com,Feminino,BR
2414,Caio Pires Correia,caio.pires.correia2414@email.com,Masculino,BR
2415,Ana Oliveira Araujo,ana.oliveira.araujo2415@email.com,Feminino,BR
2416,Francisco Monteiro Teixeira,francisco.monteiro.teixeira2416@email.com,Masculino,BR
2417,Pamela Moreira Pinheiro,pamela.moreira.pinheiro2417@email.com,Feminino,BR
2418,Thiago Santos Freitas,thiago.santos.freitas2418@email.com,Masculino,BR
2419,Sandra Freitas Morais,sandra.freitas.morais2419@email.com,Feminino,BR
2420,Leandro Araujo Barros,leandro.araujo.barros2420@email.com,Masculino,BR
2421,Sabrina Fernandes Costa,sabrina.fernandes.costa2421@email.com,Feminino,BR
2422,Henrique Rodrigues Torres,henrique.rodrigues.torres2422@email.com,Masculino,BR
2423,Ana Pires Nunes,ana.pires.nunes2423@email.com,Feminino,BR
2424,Eduardo Rocha Teixeira,eduardo.rocha.teixeira2424@email.com,Masculino,BR
2425,Carolina Siqueira Souza,carolina.siqueira.souza2425@email.com,Feminino,BR
2426,Bruno Matos Rodrigues,bruno.matos.rodrigues2426@email.com,Masculino,BR
2427,Fabiana Brito Guimaraes,fabiana.brito.guimaraes2427@email.com,Feminino,BR
2428,Eduardo Cunha Araujo,eduardo.cunha.araujo2428@email.com,Masculino,BR
2429,Eliane Rocha Ramos,eliane.rocha.ramos2429@email.com,Feminino,BR
2430,Leandro Tavares Teixeira,leandro.tavares.teixeira2430@email.com,Masculino,BR
2431,Jessica Castro Souza,jessica.castro.souza2431@email.com,Feminino,BR
2432,Marcos Vasconcelos Souza,marcos.vasconcelos.souza2432@email.com,Masculino,BR
2433,Rosana Castro Brito,rosana.castro.brito2433@email.com,Feminino,BR
2434,André Souza Monteiro,andré.souza.monteiro2434@email.com,Masculino,BR
2435,Fabiana Souza Ramos,fabiana.souza.ramos2435@email.com,Feminino,BR
2436,Rafael Vasconcelos Duarte,rafael.vasconcelos.duarte2436@email.com,Masculino,BR
2437,Mariana Cardoso Pereira,mariana.cardoso.pereira2437@email.com,Feminino,BR
2438,Rafael Castro Matos,rafael.castro.matos2438@email.com,Masculino,BR
2439,Larissa Ribeiro Cardoso,larissa.ribeiro.cardoso2439@email.com,Feminino,BR
2440,Rafael Matos Santos,rafael.matos.santos2440@email.com,Masculino,BR
2441,Simone Cunha Cunha,simone.cunha.cunha2441@email.com,Feminino,BR
2442,Leandro Lopes Pinheiro,leandro.lopes.pinheiro2442@email.com,Masculino,BR
2443,Sabrina Rocha Macedo,sabrina.rocha.macedo2443@email.com,Feminino,BR
2444,André Alves Souza,andré.alves.souza2444@email.com,Masculino,BR
2445,Vanessa Santos Coelho,vanessa.santos.coelho2445@email.com,Feminino,BR
2446,Cesar Guimaraes Nunes,cesar.guimaraes.nunes2446@email.com,Masculino,BR
2447,Claudia Duarte Guimaraes,claudia.duarte.guimaraes2447@email.com,Feminino,BR
2448,Eduardo Tavares Carvalho,eduardo.tavares.carvalho2448@email.com,Masculino,BR
2449,Cristina Brito Santos,cristina.brito.santos2449@email.com,Feminino,BR
2450,Paulo Ferreira Nascimento,paulo.ferreira.nascimento2450@email.com,Masculino,BR
2451,Thais Souza Barros,thais.souza.barros2451@email.com,Feminino,BR
2452,Wagner Machado Correia,wagner.machado.correia2452@email.com,Masculino,BR
2453,Carla Ribeiro Melo,carla.ribeiro.melo2453@email.com,Feminino,BR
2454,Alexandre Rezende Machado,alexandre.rezende.machado2454@email.com,Masculino,BR
2455,Beatriz Martins Gomes,beatriz.martins.gomes2455@email.com,Feminino,BR
2456,Eduardo Oliveira Cunha,eduardo.oliveira.cunha2456@email.com,Masculino,BR
2457,Maria Nunes Cunha,maria.nunes.cunha2457@email.com,Feminino,BR
2458,Eduardo Pinheiro Siqueira,eduardo.pinheiro.siqueira2458@email.com,Masculino,BR
2459,Renata Coelho Dias,renata.coelho.dias2459@email.com,Feminino,BR
2460,Ricardo Ribeiro Lopes,ricardo.ribeiro.lopes2460@email.com,Masculino,BR
2461,Andrea Rezende Nascimento,andrea.rezende.nascimento2461@email.com,Feminino,BR
2462,Diego Azevedo Araujo,diego.azevedo.araujo2462@email.com,Masculino,BR
2463,Luciana Moreira Macedo,luciana.moreira.macedo2463@email.com,Feminino,BR
2464,Carlos Tavares Pinheiro,carlos.tavares.pinheiro2464@email.com,Masculino,BR
2465,Daniela Matos Cardoso,daniela.matos.cardoso2465@email.com,Feminino,BR
2466,Leonardo Guimaraes Pinheiro,leonardo.guimaraes.pinheiro2466@email.com,Masculino,BR
2467,Eliane Tavares Castro,eliane.tavares.castro2467@email.com,Feminino,BR
2468,Francisco Vasconcelos Correia,francisco.vasconcelos.correia2468@email.com,Masculino,BR
2469,Juliana Moura Alves,juliana.moura.alves2469@email.com,Feminino,BR
2470,Renato Azevedo Torres,renato.azevedo.torres2470@email.com,Masculino,BR
2471,Juliana Araujo Moura,juliana.araujo.moura2471@email.com,Feminino,BR
2472,Marcelo Moreira Pinheiro,marcelo.moreira.pinheiro2472@email.com,Masculino,BR
2473,Juliana Pires Rodrigues,juliana.pires.rodrigues2473@email.com,Feminino,BR
2474,Francisco Coelho Morais,francisco.coelho.morais2474@email.com,Masculino,BR
2475,Fernanda Gomes Barbosa,fernanda.gomes.barbosa2475@email.com,Feminino,BR
2476,Renato Moreira Monteiro,renato.moreira.monteiro2476@email.com,Masculino,BR
2477,Leticia Azevedo Martins,leticia.azevedo.martins2477@email.com,Feminino,BR
2478,Guilherme Barbosa Guimaraes,guilherme.barbosa.guimaraes2478@email.com,Masculino,BR
2479,Fernanda Nascimento Moura,fernanda.nascimento.moura2479@email.com,Feminino,BR
2480,Rafael Azevedo Reis,rafael.azevedo.reis2480@email.com,Masculino,BR
2481,Jessica Ferreira Matos,jessica.ferreira.matos2481@email.com,Feminino,BR
2482,Jose Lima Ribeiro,jose.lima.ribeiro2482@email.com,Masculino,BR
2483,Rosana Nascimento Castro,rosana.nascimento.castro2483@email.com,Feminino,BR
2484,Gabriel Moreira Cunha,gabriel.moreira.cunha2484@email.com,Masculino,BR
2485,Simone Lopes Santos,simone.lopes.santos2485@email.com,Feminino,BR
2486,Daniel Azevedo Fonseca,daniel.azevedo.fonseca2486@email.com,Masculino,BR
2487,Renata Azevedo Ferreira,renata.azevedo.ferreira2487@email.com,Feminino,BR
2488,Henrique Cardoso Nascimento,henrique.cardoso.nascimento2488@email.com,Masculino,BR
2489,Mariana Correia Matos,mariana.correia.matos2489@email.com,Feminino,BR
2490,Felipe Ferreira Lima,felipe.ferreira.lima2490@email.com,Masculino,BR
2491,Jessica Morais Campos,jessica.morais.campos2491@email.com,Feminino,BR
2492,Bruno Moura Correia,bruno.moura.correia2492@email.com,Masculino,BR
2493,Daniela Matos Xavier,daniela.matos.xavier2493@email.com,Feminino,BR
2494,Jose Guimaraes Martins,jose.guimaraes.martins2494@email.com,Masculino,BR
2495,Daniela Pires Rodrigues,daniela.pires.rodrigues2495@email.com,Feminino,BR
2496,Carlos Macedo Martins,carlos.macedo.martins2496@email.com,Masculino,BR
2497,Monica Duarte Siqueira,monica.duarte.siqueira2497@email.com,Feminino,BR
2498,Rafael Martins Rocha,rafael.martins.rocha2498@email.com,Masculino,BR
2499,Vanessa Macedo Correia,vanessa.macedo.correia2499@email.com,Feminino,BR
2500,Roberto Cunha Monteiro,roberto.cunha.monteiro2500@email.com,Masculino,BR
2501,Raquel Matos Macedo,raquel.matos.macedo2501@email.com,Feminino,BR
2502,Renato Barbosa Morais,renato.barbosa.morais2502@email.com,Masculino,BR
2503,Vanessa Lima Souza,vanessa.lima.souza2503@email.com,Feminino,BR
2504,André Silva Guimaraes,andré.silva.guimaraes2504@email.com,Masculino,BR
2505,Adriana Silva Azevedo,adriana.silva.azevedo2505@email.com,Feminino,BR
2506,Antonio Melo Rezende,antonio.melo.rezende2506@email.com,Masculino,BR
2507,Gisele Fernandes Silva,gisele.fernandes.silva2507@email.com,Feminino,BR
2508,Wagner Rezende Araujo,wagner.rezende.araujo2508@email.com,Masculino,BR
2509,Tatiana Fonseca Siqueira,tatiana.fonseca.siqueira2509@email.com,Feminino,BR
2510,Fernando Azevedo Cunha,fernando.azevedo.cunha2510@email.com,Masculino,BR
2511,Jessica Ferreira Tavares,jessica.ferreira.tavares2511@email.com,Feminino,BR
2512,Wagner Silva Araujo,wagner.silva.araujo2512@email.com,Masculino,BR
2513,Tatiane Nunes Guimaraes,tatiane.nunes.guimaraes2513@email.com,Feminino,BR
2514,Rafael Torres Torres,rafael.torres.torres2514@email.com,Masculino,BR
2515,Tatiana Costa Ribeiro,tatiana.costa.ribeiro2515@email.com,Feminino,BR
2516,Rafael Costa Vasconcelos,rafael.costa.vasconcelos2516@email.com,Masculino,BR
2517,Sandra Oliveira Rocha,sandra.oliveira.rocha2517@email.com,Feminino,BR
2518,Carlos Siqueira Duarte,carlos.siqueira.duarte2518@email.com,Masculino,BR
2519,Claudia Monteiro Teixeira,claudia.monteiro.teixeira2519@email.com,Feminino,BR
2520,Bruno Costa Alves,bruno.costa.alves2520@email.com,Masculino,BR
2521,Bianca Ribeiro Martins,bianca.ribeiro.martins2521@email.com,Feminino,BR
2522,Rodrigo Guimaraes Siqueira,rodrigo.guimaraes.siqueira2522@email.com,Masculino,BR
2523,Claudia Duarte Xavier,claudia.duarte.xavier2523@email.com,Feminino,BR
2524,Rafael Ribeiro Azevedo,rafael.ribeiro.azevedo2524@email.com,Masculino,BR
2525,Rosana Campos Oliveira,rosana.campos.oliveira2525@email.com,Feminino,BR
2526,Bruno Macedo Monteiro,bruno.macedo.monteiro2526@email.com,Masculino,BR
2527,Simone Campos Rodrigues,simone.campos.rodrigues2527@email.com,Feminino,BR
2528,Ricardo Coelho Ramos,ricardo.coelho.ramos2528@email.com,Masculino,BR
2529,Tatiane Pereira Barbosa,tatiane.pereira.barbosa2529@email.com,Feminino,BR
2530,Fernando Souza Lima,fernando.souza.lima2530@email.com,Masculino,BR
2531,Sabrina Teixeira Moura,sabrina.teixeira.moura2531@email.com,Feminino,BR
2532,Matheus Moura Dias,matheus.moura.dias2532@email.com,Masculino,BR
2533,Tatiana Guimaraes Costa,tatiana.guimaraes.costa2533@email.com,Feminino,BR
2534,Lucas Duarte Matos,lucas.duarte.matos2534@email.com,Masculino,BR
2535,Fabiana Ferreira Machado,fabiana.ferreira.machado2535@email.com,Feminino,BR
2536,Wagner Xavier Correia,wagner.xavier.correia2536@email.com,Masculino,BR
2537,Leticia Ramos Tavares,leticia.ramos.tavares2537@email.com,Feminino,BR
2538,Diego Mendes Moura,diego.mendes.moura2538@email.com,Masculino,BR
2539,Eliane Guimaraes Freitas,eliane.guimaraes.freitas2539@email.com,Feminino,BR
2540,Gabriel Guimaraes Duarte,gabriel.guimaraes.duarte2540@email.com,Masculino,BR
2541,Pamela Moura Matos,pamela.moura.matos2541@email.com,Feminino,BR
2542,Antonio Rezende Fernandes,antonio.rezende.fernandes2542@email.com,Masculino,BR
2543,Vanessa Guimaraes Carvalho,vanessa.guimaraes.carvalho2543@email.com,Feminino,BR
2544,Rodrigo Gomes Silva,rodrigo.gomes.silva2544@email.com,Masculino,BR
2545,Larissa Santos Azevedo,larissa.santos.azevedo2545@email.com,Feminino,BR
2546,Felipe Pinheiro Melo,felipe.pinheiro.melo2546@email.com,Masculino,BR
2547,Tatiana Fernandes Guimaraes,tatiana.fernandes.guimaraes2547@email.com,Feminino,BR
2548,Matheus Cunha Oliveira,matheus.cunha.oliveira2548@email.com,Masculino,BR
2549,Monica Freitas Pires,monica.freitas.pires2549@email.com,Feminino,BR
2550,Marcos Silva Morais,marcos.silva.morais2550@email.com,Masculino,BR
2551,Renata Nascimento Barbosa,renata.nascimento.barbosa2551@email.com,Feminino,BR
2552,Henrique Xavier Pereira,henrique.xavier.pereira2552@email.com,Masculino,BR
2553,Raquel Monteiro Barros,raquel.monteiro.barros2553@email.com,Feminino,BR
2554,Rafael Cardoso Macedo,rafael.cardoso.macedo2554@email.com,Masculino,BR
2555,Maria Lima Brito,maria.lima.brito2555@email.com,Feminino,BR
2556,Igor Teixeira Moreira,igor.teixeira.moreira2556@email.com,Masculino,BR
2557,Eliane Guimaraes Santos,eliane.guimaraes.santos2557@email.com,Feminino,BR
2558,Daniel Gomes Teixeira,daniel.gomes.teixeira2558@email.com,Masculino,BR
2559,Monica Brito Machado,monica.brito.machado2559@email.com,Feminino,BR
2560,Fernando Fernandes Oliveira,fernando.fernandes.oliveira2560@email.com,Masculino,BR
2561,Beatriz Machado Rocha,beatriz.machado.rocha2561@email.com,Feminino,BR
2562,Caio Castro Teixeira,caio.castro.teixeira2562@email.com,Masculino,BR
2563,Bruna Xavier Torres,bruna.xavier.torres2563@email.com,Feminino,BR
2564,Matheus Pinheiro Costa,matheus.pinheiro.costa2564@email.com,Masculino,BR
2565,Fabiana Monteiro Duarte,fabiana.monteiro.duarte2565@email.com,Feminino,BR
2566,Diego Pires Castro,diego.pires.castro2566@email.com,Masculino,BR
2567,Ana Dias Duarte,ana.dias.duarte2567@email.com,Feminino,BR
2568,Igor Fernandes Xavier,igor.fernandes.xavier2568@email.com,Masculino,BR
2569,Sandra Pereira Rocha,sandra.pereira.rocha2569@email.com,Feminino,BR
2570,Vinicius Reis Santos,vinicius.reis.santos2570@email.com,Masculino,BR
2571,Monica Rodrigues Morais,monica.rodrigues.morais2571@email.com,Feminino,BR
2572,Marcelo Reis Martins,marcelo.reis.martins2572@email.com,Masculino,BR
2573,Eliane Tavares Rodrigues,eliane.tavares.rodrigues2573@email.com,Feminino,BR
2574,Daniel Tavares Lima,daniel.tavares.lima2574@email.com,Masculino,BR
2575,Raquel Correia Melo,raquel.correia.melo2575@email.com,Feminino,BR
2576,Diego Correia Oliveira,diego.correia.oliveira2576@email.com,Masculino,BR
2577,Sabrina Cunha Ferreira,sabrina.cunha.ferreira2577@email.com,Feminino,BR
2578,Antonio Araujo Campos,antonio.araujo.campos2578@email.com,Masculino,BR
2579,Jessica Reis Monteiro,jessica.reis.monteiro2579@email.com,Feminino,BR
2580,Marcos Moura Monteiro,marcos.moura.monteiro2580@email.com,Masculino,BR
2581,Vanessa Lima Campos,vanessa.lima.campos2581@email.com,Feminino,BR
2582,Carlos Macedo Gomes,carlos.macedo.gomes2582@email.com,Masculino,BR
2583,Camila Lopes Barros,camila.lopes.barros2583@email.com,Feminino,BR
2584,Pedro Fernandes Machado,pedro.fernandes.machado2584@email.com,Masculino,BR
2585,Aline Rocha Gomes,aline.rocha.gomes2585@email.com,Feminino,BR
2586,Igor Machado Matos,igor.machado.matos2586@email.com,Masculino,BR
2587,Fabiana Monteiro Macedo,fabiana.monteiro.macedo2587@email.com,Feminino,BR
2588,Diego Rocha Macedo,diego.rocha.macedo2588@email.com,Masculino,BR
2589,Amanda Torres Moura,amanda.torres.moura2589@email.com,Feminino,BR
2590,Gabriel Dias Matos,gabriel.dias.matos2590@email.com,Masculino,BR
2591,Juliana Azevedo Rodrigues,juliana.azevedo.rodrigues2591@email.com,Feminino,BR
2592,Francisco Lima Silva,francisco.lima.silva2592@email.com,Masculino,BR
2593,Raquel Oliveira Brito,raquel.oliveira.brito2593@email.com,Feminino,BR
2594,Wagner Ferreira Teixeira,wagner.ferreira.teixeira2594@email.com,Masculino,BR
2595,Bruna Oliveira Alves,bruna.oliveira.alves2595@email.com,Feminino,BR
2596,Francisco Macedo Siqueira,francisco.macedo.siqueira2596@email.com,Masculino,BR
2597,Raquel Santos Duarte,raquel.santos.duarte2597@email.com,Feminino,BR
2598,Leandro Morais Dias,leandro.morais.dias2598@email.com,Masculino,BR
2599,Simone Gomes Gomes,simone.gomes.gomes2599@email.com,Feminino,BR
2600,Rodrigo Nunes Castro,rodrigo.nunes.castro2600@email.com,Masculino,BR
2601,Simone Macedo Lopes,simone.macedo.lopes2601@email.com,Feminino,BR
2602,Felipe Nunes Rocha,felipe.nunes.rocha2602@email.com,Masculino,BR
2603,Mariana Nunes Lima,mariana.nunes.lima2603@email.com,Feminino,BR
2604,João Guimaraes Pires,joão.guimaraes.pires2604@email.com,Masculino,BR
2605,Aline Alves Dias,aline.alves.dias2605@email.com,Feminino,BR
2606,Marcelo Freitas Pires,marcelo.freitas.pires2606@email.com,Masculino,BR
2607,Simone Nunes Rocha,simone.nunes.rocha2607@email.com,Feminino,BR
2608,Rodrigo Duarte Araujo,rodrigo.duarte.araujo2608@email.com,Masculino,BR
2609,Mariana Pereira Monteiro,mariana.pereira.monteiro2609@email.com,Feminino,BR
2610,Cesar Teixeira Castro,cesar.teixeira.castro2610@email.com,Masculino,BR
2611,Jessica Costa Souza,jessica.costa.souza2611@email.com,Feminino,BR
2612,Pedro Machado Brito,pedro.machado.brito2612@email.com,Masculino,BR
2613,Fernanda Alves Rodrigues,fernanda.alves.rodrigues2613@email.com,Feminino,BR
2614,Roberto Ferreira Ramos,roberto.ferreira.ramos2614@email.com,Masculino,BR
2615,Carolina Ribeiro Correia,carolina.ribeiro.correia2615@email.com,Feminino,BR
2616,Wagner Fonseca Morais,wagner.fonseca.morais2616@email.com,Masculino,BR
2617,Jessica Guimaraes Freitas,jessica.guimaraes.freitas2617@email.com,Feminino,BR
2618,Leandro Teixeira Torres,leandro.teixeira.torres2618@email.com,Masculino,BR
2619,Renata Correia Coelho,renata.correia.coelho2619@email.com,Feminino,BR
2620,Marcelo Ferreira Coelho,marcelo.ferreira.coelho2620@email.com,Masculino,BR
2621,Bruna Duarte Souza,bruna.duarte.souza2621@email.com,Feminino,BR
2622,Bruno Torres Fernandes,bruno.torres.fernandes2622@email.com,Masculino,BR
2623,Bruna Alves Azevedo,bruna.alves.azevedo2623@email.com,Feminino,BR
2624,Leandro Brito Vasconcelos,leandro.brito.vasconcelos2624@email.com,Masculino,BR
2625,Bruna Machado Carvalho,bruna.machado.carvalho2625@email.com,Feminino,BR
2626,Eduardo Rocha Guimaraes,eduardo.rocha.guimaraes2626@email.com,Masculino,BR
2627,Adriana Campos Moreira,adriana.campos.moreira2627@email.com,Feminino,BR
2628,Daniel Nascimento Siqueira,daniel.nascimento.siqueira2628@email.com,Masculino,BR
2629,Monica Xavier Cardoso,monica.xavier.cardoso2629@email.com,Feminino,BR
2630,Caio Rezende Santos,caio.rezende.santos2630@email.com,Masculino,BR
2631,Patricia Machado Lima,patricia.machado.lima2631@email.com,Feminino,BR
2632,Paulo Machado Azevedo,paulo.machado.azevedo2632@email.com,Masculino,BR
2633,Mariana Barbosa Macedo,mariana.barbosa.macedo2633@email.com,Feminino,BR
2634,Paulo Tavares Duarte,paulo.tavares.duarte2634@email.com,Masculino,BR
2635,Beatriz Barros Alves,beatriz.barros.alves2635@email.com,Feminino,BR
2636,Leonardo Torres Correia,leonardo.torres.correia2636@email.com,Masculino,BR
2637,Amanda Cardoso Pires,amanda.cardoso.pires2637@email.com,Feminino,BR
2638,Ricardo Xavier Monteiro,ricardo.xavier.monteiro2638@email.com,Masculino,BR
2639,Gisele Azevedo Moreira,gisele.azevedo.moreira2639@email.com,Feminino,BR
2640,Mauricio Cunha Araujo,mauricio.cunha.araujo2640@email.com,Masculino,BR
2641,Andrea Araujo Pires,andrea.araujo.pires2641@email.com,Feminino,BR
2642,Thiago Machado Rodrigues,thiago.machado.rodrigues2642@email.com,Masculino,BR
2643,Patricia Teixeira Dias,patricia.teixeira.dias2643@email.com,Feminino,BR
2644,Mauricio Ramos Xavier,mauricio.ramos.xavier2644@email.com,Masculino,BR
2645,Luciana Duarte Xavier,luciana.duarte.xavier2645@email.com,Feminino,BR
2646,Igor Castro Nascimento,igor.castro.nascimento2646@email.com,Masculino,BR
2647,Priscila Ribeiro Siqueira,priscila.ribeiro.siqueira2647@email.com,Feminino,BR
2648,Ricardo Pinheiro Correia,ricardo.pinheiro.correia2648@email.com,Masculino,BR
2649,Eliane Reis Rezende,eliane.reis.rezende2649@email.com,Feminino,BR
2650,Felipe Fonseca Tavares,felipe.fonseca.tavares2650@email.com,Masculino,BR
2651,Bruna Cardoso Pires,bruna.cardoso.pires2651@email.com,Feminino,BR
2652,Lucas Torres Lopes,lucas.torres.lopes2652@email.com,Masculino,BR
2653,Vanessa Monteiro Moreira,vanessa.monteiro.moreira2653@email.com,Feminino,BR
2654,Ricardo Tavares Alves,ricardo.tavares.alves2654@email.com,Masculino,BR
2655,Claudia Macedo Torres,claudia.macedo.torres2655@email.com,Feminino,BR
2656,Alexandre Cardoso Rezende,alexandre.cardoso.rezende2656@email.com,Masculino,BR
2657,Fernanda Ferreira Dias,fernanda.ferreira.dias2657@email.com,Feminino,BR
2658,Gabriel Fonseca Coelho,gabriel.fonseca.coelho2658@email.com,Masculino,BR
2659,Maria Coelho Rocha,maria.coelho.rocha2659@email.com,Feminino,BR
2660,Rafael Lopes Castro,rafael.lopes.castro2660@email.com,Masculino,BR
2661,Leticia Rodrigues Guimaraes,leticia.rodrigues.guimaraes2661@email.com,Feminino,BR
2662,Sergio Lopes Gomes,sergio.lopes.gomes2662@email.com,Masculino,BR
2663,Tatiana Brito Cardoso,tatiana.brito.cardoso2663@email.com,Feminino,BR
2664,Leandro Duarte Xavier,leandro.duarte.xavier2664@email.com,Masculino,BR
2665,Raquel Ramos Correia,raquel.ramos.correia2665@email.com,Feminino,BR
2666,Paulo Ferreira Fonseca,paulo.ferreira.fonseca2666@email.com,Masculino,BR
2667,Maria Guimaraes Barros,maria.guimaraes.barros2667@email.com,Feminino,BR
2668,Leonardo Melo Souza,leonardo.melo.souza2668@email.com,Masculino,BR
2669,Leticia Costa Campos,leticia.costa.campos2669@email.com,Feminino,BR
2670,Rafael Costa Silva,rafael.costa.silva2670@email.com,Masculino,BR
2671,Tatiane Torres Freitas,tatiane.torres.freitas2671@email.com,Feminino,BR
2672,Felipe Barbosa Santos,felipe.barbosa.santos2672@email.com,Masculino,BR
2673,Priscila Ramos Nascimento,priscila.ramos.nascimento2673@email.com,Feminino,BR
2674,Mauricio Moreira Morais,mauricio.moreira.morais2674@email.com,Masculino,BR
2675,Simone Correia Rodrigues,simone.correia.rodrigues2675@email.com,Feminino,BR
2676,Leonardo Rodrigues Ramos,leonardo.rodrigues.ramos2676@email.com,Masculino,BR
2677,Gisele Dias Siqueira,gisele.dias.siqueira2677@email.com,Feminino,BR
2678,Daniel Machado Souza,daniel.machado.souza2678@email.com,Masculino,BR
2679,Renata Pires Rodrigues,renata.pires.rodrigues2679@email.com,Feminino,BR
2680,Fabio Reis Cunha,fabio.reis.cunha2680@email.com,Masculino,BR
2681,Isabela Barbosa Siqueira,isabela.barbosa.siqueira2681@email.com,Feminino,BR
2682,Gabriel Souza Silva,gabriel.souza.silva2682@email.com,Masculino,BR
2683,Patricia Vasconcelos Santos,patricia.vasconcelos.santos2683@email.com,Feminino,BR
2684,Rafael Matos Rezende,rafael.matos.rezende2684@email.com,Masculino,BR
2685,Luciana Souza Ferreira,luciana.souza.ferreira2685@email.com,Feminino,BR
2686,Gabriel Vasconcelos Fernandes,gabriel.vasconcelos.fernandes2686@email.com,Masculino,BR
2687,Bianca Azevedo Xavier,bianca.azevedo.xavier2687@email.com,Feminino,BR
2688,Wagner Ramos Guimaraes,wagner.ramos.guimaraes2688@email.com,Masculino,BR
2689,Vanessa Azevedo Barros,vanessa.azevedo.barros2689@email.com,Feminino,BR
2690,Guilherme Pires Torres,guilherme.pires.torres2690@email.com,Masculino,BR
2691,Jessica Rodrigues Freitas,jessica.rodrigues.freitas2691@email.com,Feminino,BR
2692,Eduardo Ribeiro Ramos,eduardo.ribeiro.ramos2692@email.com,Masculino,BR
2693,Claudia Silva Duarte,claudia.silva.duarte2693@email.com,Feminino,BR
2694,Antonio Melo Matos,antonio.melo.matos2694@email.com,Masculino,BR
2695,Priscila Correia Barros,priscila.correia.barros2695@email.com,Feminino,BR
2696,Vinicius Cunha Castro,vinicius.cunha.castro2696@email.com,Masculino,BR
2697,Eliane Campos Oliveira,eliane.campos.oliveira2697@email.com,Feminino,BR
2698,Carlos Duarte Machado,carlos.duarte.machado2698@email.com,Masculino,BR
2699,Carla Lima Fonseca,carla.lima.fonseca2699@email.com,Feminino,BR
2700,Fernando Nascimento Ferreira,fernando.nascimento.ferreira2700@email.com,Masculino,BR
2701,Isabela Matos Matos,isabela.matos.matos2701@email.com,Feminino,BR
2702,Francisco Melo Coelho,francisco.melo.coelho2702@email.com,Masculino,BR
2703,Sabrina Azevedo Moura,sabrina.azevedo.moura2703@email.com,Feminino,BR
2704,Bruno Moura Guimaraes,bruno.moura.guimaraes2704@email.com,Masculino,BR
2705,Camila Araujo Machado,camila.araujo.machado2705@email.com,Feminino,BR
2706,Ricardo Brito Morais,ricardo.brito.morais2706@email.com,Masculino,BR
2707,Gisele Fernandes Fonseca,gisele.fernandes.fonseca2707@email.com,Feminino,BR
2708,Leandro Guimaraes Costa,leandro.guimaraes.costa2708@email.com,Masculino,BR
2709,Monica Castro Macedo,monica.castro.macedo2709@email.com,Feminino,BR
2710,João Machado Azevedo,joão.machado.azevedo2710@email.com,Masculino,BR
2711,Aline Machado Duarte,aline.machado.duarte2711@email.com,Feminino,BR
2712,Igor Cunha Freitas,igor.cunha.freitas2712@email.com,Masculino,BR
2713,Leticia Barbosa Martins,leticia.barbosa.martins2713@email.com,Feminino,BR
2714,Carlos Nascimento Tavares,carlos.nascimento.tavares2714@email.com,Masculino,BR
2715,Raquel Matos Xavier,raquel.matos.xavier2715@email.com,Feminino,BR
2716,Sergio Mendes Costa,sergio.mendes.costa2716@email.com,Masculino,BR
2717,Thais Fonseca Martins,thais.fonseca.martins2717@email.com,Feminino,BR
2718,Sergio Costa Siqueira,sergio.costa.siqueira2718@email.com,Masculino,BR
2719,Leticia Fernandes Pinheiro,leticia.fernandes.pinheiro2719@email.com,Feminino,BR
2720,Cesar Santos Barbosa,cesar.santos.barbosa2720@email.com,Masculino,BR
2721,Pamela Ferreira Souza,pamela.ferreira.souza2721@email.com,Feminino,BR
2722,Jose Pereira Melo,jose.pereira.melo2722@email.com,Masculino,BR
2723,Sabrina Mendes Souza,sabrina.mendes.souza2723@email.com,Feminino,BR
2724,Cesar Nunes Nunes,cesar.nunes.nunes2724@email.com,Masculino,BR
2725,Adriana Silva Pinheiro,adriana.silva.pinheiro2725@email.com,Feminino,BR
2726,Felipe Tavares Ribeiro,felipe.tavares.ribeiro2726@email.com,Masculino,BR
2727,Rosana Pinheiro Rocha,rosana.pinheiro.rocha2727@email.com,Feminino,BR
2728,Renato Campos Fernandes,renato.campos.fernandes2728@email.com,Masculino,BR
2729,Vanessa Mendes Xavier,vanessa.mendes.xavier2729@email.com,Feminino,BR
2730,Gustavo Rezende Ribeiro,gustavo.rezende.ribeiro2730@email.com,Masculino,BR
2731,Fabiana Oliveira Teixeira,fabiana.oliveira.teixeira2731@email.com,Feminino,BR
2732,Bruno Rocha Tavares,bruno.rocha.tavares2732@email.com,Masculino,BR
2733,Isabela Reis Rezende,isabela.reis.rezende2733@email.com,Feminino,BR
2734,Matheus Macedo Rodrigues,matheus.macedo.rodrigues2734@email.com,Masculino,BR
2735,Priscila Siqueira Lopes,priscila.siqueira.lopes2735@email.com,Feminino,BR
2736,Thiago Dias Duarte,thiago.dias.duarte2736@email.com,Masculino,BR
2737,Sandra Costa Vasconcelos,sandra.costa.vasconcelos2737@email.com,Feminino,BR
2738,Henrique Coelho Torres,henrique.coelho.torres2738@email.com,Masculino,BR
2739,Larissa Costa Martins,larissa.costa.martins2739@email.com,Feminino,BR
2740,Caio Moreira Machado,caio.moreira.machado2740@email.com,Masculino,BR
2741,Raquel Machado Pinheiro,raquel.machado.pinheiro2741@email.com,Feminino,BR
2742,Marcelo Carvalho Rodrigues,marcelo.carvalho.rodrigues2742@email.com,Masculino,BR
2743,Daniela Machado Mendes,daniela.machado.mendes2743@email.com,Feminino,BR
2744,Rafael Moura Ramos,rafael.moura.ramos2744@email.com,Masculino,BR
2745,Maria Barbosa Fernandes,maria.barbosa.fernandes2745@email.com,Feminino,BR
2746,Renato Rodrigues Brito,renato.rodrigues.brito2746@email.com,Masculino,BR
2747,Simone Moura Brito,simone.moura.brito2747@email.com,Feminino,BR
2748,Carlos Alves Castro,carlos.alves.castro2748@email.com,Masculino,BR
2749,Sandra Melo Ramos,sandra.melo.ramos2749@email.com,Feminino,BR
2750,Cesar Vasconcelos Melo,cesar.vasconcelos.melo2750@email.com,Masculino,BR
2751,Sabrina Teixeira Nunes,sabrina.teixeira.nunes2751@email.com,Feminino,BR
2752,Vinicius Fernandes Alves,vinicius.fernandes.alves2752@email.com,Masculino,BR
2753,Adriana Vasconcelos Fonseca,adriana.vasconcelos.fonseca2753@email.com,Feminino,BR
2754,Leonardo Azevedo Macedo,leonardo.azevedo.macedo2754@email.com,Masculino,BR
2755,Priscila Matos Brito,priscila.matos.brito2755@email.com,Feminino,BR
2756,Mauricio Macedo Gomes,mauricio.macedo.gomes2756@email.com,Masculino,BR
2757,Fabiana Teixeira Brito,fabiana.teixeira.brito2757@email.com,Feminino,BR
2758,Daniel Cardoso Pires,daniel.cardoso.pires2758@email.com,Masculino,BR
2759,Maria Brito Silva,maria.brito.silva2759@email.com,Feminino,BR
2760,Ricardo Silva Cunha,ricardo.silva.cunha2760@email.com,Masculino,BR
2761,Amanda Moura Alves,amanda.moura.alves2761@email.com,Feminino,BR
2762,Renato Freitas Carvalho,renato.freitas.carvalho2762@email.com,Masculino,BR
2763,Leticia Mendes Gomes,leticia.mendes.gomes2763@email.com,Feminino,BR
2764,Carlos Santos Guimaraes,carlos.santos.guimaraes2764@email.com,Masculino,BR
2765,Camila Costa Tavares,camila.costa.tavares2765@email.com,Feminino,BR
2766,Marcos Tavares Morais,marcos.tavares.morais2766@email.com,Masculino,BR
2767,Larissa Correia Lima,larissa.correia.lima2767@email.com,Feminino,BR
2768,Bruno Melo Tavares,bruno.melo.tavares2768@email.com,Masculino,BR
2769,Beatriz Rodrigues Siqueira,beatriz.rodrigues.siqueira2769@email.com,Feminino,BR
2770,Sergio Fernandes Ribeiro,sergio.fernandes.ribeiro2770@email.com,Masculino,BR
2771,Larissa Nascimento Ribeiro,larissa.nascimento.ribeiro2771@email.com,Feminino,BR
2772,Henrique Barbosa Azevedo,henrique.barbosa.azevedo2772@email.com,Masculino,BR
2773,Patricia Morais Azevedo,patricia.morais.azevedo2773@email.com,Feminino,BR
2774,Vinicius Macedo Ramos,vinicius.macedo.ramos2774@email.com,Masculino,BR
2775,Simone Mendes Martins,simone.mendes.martins2775@email.com,Feminino,BR
2776,Ricardo Nunes Macedo,ricardo.nunes.macedo2776@email.com,Masculino,BR
2777,Fernanda Rodrigues Rodrigues,fernanda.rodrigues.rodrigues2777@email.com,Feminino,BR
2778,Igor Costa Mendes,igor.costa.mendes2778@email.com,Masculino,BR
2779,Adriana Ribeiro Lopes,adriana.ribeiro.lopes2779@email.com,Feminino,BR
2780,Ricardo Rezende Gomes,ricardo.rezende.gomes2780@email.com,Masculino,BR
2781,Andrea Moreira Ribeiro,andrea.moreira.ribeiro2781@email.com,Feminino,BR
2782,Antonio Alves Rocha,antonio.alves.rocha2782@email.com,Masculino,BR
2783,Gisele Macedo Ramos,gisele.macedo.ramos2783@email.com,Feminino,BR
2784,Marcos Guimaraes Vasconcelos,marcos.guimaraes.vasconcelos2784@email.com,Masculino,BR
2785,Amanda Lopes Correia,amanda.lopes.correia2785@email.com,Feminino,BR
2786,Henrique Alves Oliveira,henrique.alves.oliveira2786@email.com,Masculino,BR
2787,Patricia Pereira Duarte,patricia.pereira.duarte2787@email.com,Feminino,BR
2788,Henrique Macedo Lopes,henrique.macedo.lopes2788@email.com,Masculino,BR
2789,Ana Rezende Rocha,ana.rezende.rocha2789@email.com,Feminino,BR
2790,João Oliveira Siqueira,joão.oliveira.siqueira2790@email.com,Masculino,BR
2791,Daniela Nunes Rocha,daniela.nunes.rocha2791@email.com,Feminino,BR
2792,Igor Moreira Duarte,igor.moreira.duarte2792@email.com,Masculino,BR
2793,Maria Barros Correia,maria.barros.correia2793@email.com,Feminino,BR
2794,Antonio Machado Ramos,antonio.machado.ramos2794@email.com,Masculino,BR
2795,Carolina Melo Matos,carolina.melo.matos2795@email.com,Feminino,BR
2796,Ricardo Castro Carvalho,ricardo.castro.carvalho2796@email.com,Masculino,BR
2797,Maria Rodrigues Nascimento,maria.rodrigues.nascimento2797@email.com,Feminino,BR
2798,Fernando Lima Duarte,fernando.lima.duarte2798@email.com,Masculino,BR
2799,Gisele Freitas Teixeira,gisele.freitas.teixeira2799@email.com,Feminino,BR
2800,Leandro Moreira Costa,leandro.moreira.costa2800@email.com,Masculino,BR
2801,Camila Campos Castro,camila.campos.castro2801@email.com,Feminino,BR
2802,Igor Ferreira Reis,igor.ferreira.reis2802@email.com,Masculino,BR
2803,Bruna Coelho Macedo,bruna.coelho.macedo2803@email.com,Feminino,BR
2804,Rodrigo Vasconcelos Gomes,rodrigo.vasconcelos.gomes2804@email.com,Masculino,BR
2805,Vanessa Pires Oliveira,vanessa.pires.oliveira2805@email.com,Feminino,BR
2806,Alexandre Siqueira Gomes,alexandre.siqueira.gomes2806@email.com,Masculino,BR
2807,Raquel Nascimento Rodrigues,raquel.nascimento.rodrigues2807@email.com,Feminino,BR
2808,Lucas Morais Nascimento,lucas.morais.nascimento2808@email.com,Masculino,BR
2809,Sandra Rezende Ferreira,sandra.rezende.ferreira2809@email.com,Feminino,BR
2810,Renato Pinheiro Gomes,renato.pinheiro.gomes2810@email.com,Masculino,BR
2811,Beatriz Oliveira Gomes,beatriz.oliveira.gomes2811@email.com,Feminino,BR
2812,Pedro Matos Fonseca,pedro.matos.fonseca2812@email.com,Masculino,BR
2813,Priscila Rezende Rodrigues,priscila.rezende.rodrigues2813@email.com,Feminino,BR
2814,Ricardo Xavier Castro,ricardo.xavier.castro2814@email.com,Masculino,BR
2815,Raquel Rezende Castro,raquel.rezende.castro2815@email.com,Feminino,BR
2816,Renato Santos Oliveira,renato.santos.oliveira2816@email.com,Masculino,BR
2817,Monica Costa Teixeira,monica.costa.teixeira2817@email.com,Feminino,BR
2818,Carlos Moreira Lima,carlos.moreira.lima2818@email.com,Masculino,BR
2819,Tatiana Fernandes Vasconcelos,tatiana.fernandes.vasconcelos2819@email.com,Feminino,BR
2820,Francisco Azevedo Brito,francisco.azevedo.brito2820@email.com,Masculino,BR
2821,Gisele Rocha Pinheiro,gisele.rocha.pinheiro2821@email.com,Feminino,BR
2822,Mauricio Carvalho Pereira,mauricio.carvalho.pereira2822@email.com,Masculino,BR
2823,Juliana Pinheiro Rocha,juliana.pinheiro.rocha2823@email.com,Feminino,BR
2824,Antonio Vasconcelos Santos,antonio.vasconcelos.santos2824@email.com,Masculino,BR
2825,Thais Guimaraes Oliveira,thais.guimaraes.oliveira2825@email.com,Feminino,BR
2826,Gustavo Nascimento Vasconcelos,gustavo.nascimento.vasconcelos2826@email.com,Masculino,BR
2827,Beatriz Silva Ribeiro,beatriz.silva.ribeiro2827@email.com,Feminino,BR
2828,Roberto Monteiro Torres,roberto.monteiro.torres2828@email.com,Masculino,BR
2829,Amanda Azevedo Guimaraes,amanda.azevedo.guimaraes2829@email.com,Feminino,BR
2830,Thiago Reis Fonseca,thiago.reis.fonseca2830@email.com,Masculino,BR
2831,Patricia Torres Torres,patricia.torres.torres2831@email.com,Feminino,BR
2832,Lucas Lima Rezende,lucas.lima.rezende2832@email.com,Masculino,BR
2833,Claudia Fernandes Guimaraes,claudia.fernandes.guimaraes2833@email.com,Feminino,BR
2834,Eduardo Pereira Fernandes,eduardo.pereira.fernandes2834@email.com,Masculino,BR
2835,Renata Ramos Teixeira,renata.ramos.teixeira2835@email.com,Feminino,BR
2836,Leonardo Cardoso Lima,leonardo.cardoso.lima2836@email.com,Masculino,BR
2837,Eliane Castro Souza,eliane.castro.souza2837@email.com,Feminino,BR
2838,Diego Reis Xavier,diego.reis.xavier2838@email.com,Masculino,BR
2839,Tatiana Coelho Oliveira,tatiana.coelho.oliveira2839@email.com,Feminino,BR
2840,Mauricio Ribeiro Teixeira,mauricio.ribeiro.teixeira2840@email.com,Masculino,BR
2841,Patricia Lima Nunes,patricia.lima.nunes2841@email.com,Feminino,BR
2842,Rafael Coelho Cunha,rafael.coelho.cunha2842@email.com,Masculino,BR
2843,Mariana Nascimento Campos,mariana.nascimento.campos2843@email.com,Feminino,BR
2844,Rafael Martins Lopes,rafael.martins.lopes2844@email.com,Masculino,BR
2845,Priscila Fonseca Oliveira,priscila.fonseca.oliveira2845@email.com,Feminino,BR
2846,Gabriel Alves Xavier,gabriel.alves.xavier2846@email.com,Masculino,BR
2847,Andrea Rodrigues Macedo,andrea.rodrigues.macedo2847@email.com,Feminino,BR
2848,Thiago Santos Rezende,thiago.santos.rezende2848@email.com,Masculino,BR
2849,Camila Silva Silva,camila.silva.silva2849@email.com,Feminino,BR
2850,Daniel Ferreira Correia,daniel.ferreira.correia2850@email.com,Masculino,BR
2851,Rosana Barbosa Cunha,rosana.barbosa.cunha2851@email.com,Feminino,BR
2852,Fernando Nascimento Souza,fernando.nascimento.souza2852@email.com,Masculino,BR
2853,Tatiana Rocha Morais,tatiana.rocha.morais2853@email.com,Feminino,BR
2854,Vinicius Moura Lopes,vinicius.moura.lopes2854@email.com,Masculino,BR
2855,Bianca Araujo Ribeiro,bianca.araujo.ribeiro2855@email.com,Feminino,BR
2856,Cesar Nascimento Oliveira,cesar.nascimento.oliveira2856@email.com,Masculino,BR
2857,Claudia Ribeiro Correia,claudia.ribeiro.correia2857@email.com,Feminino,BR
2858,Antonio Guimaraes Ferreira,antonio.guimaraes.ferreira2858@email.com,Masculino,BR
2859,Raquel Freitas Cunha,raquel.freitas.cunha2859@email.com,Feminino,BR
2860,João Pires Araujo,joão.pires.araujo2860@email.com,Masculino,BR
2861,Renata Lima Moura,renata.lima.moura2861@email.com,Feminino,BR
2862,Lucas Guimaraes Campos,lucas.guimaraes.campos2862@email.com,Masculino,BR
2863,Gisele Barros Carvalho,gisele.barros.carvalho2863@email.com,Feminino,BR
2864,Caio Macedo Morais,caio.macedo.morais2864@email.com,Masculino,BR
2865,Tatiana Nunes Costa,tatiana.nunes.costa2865@email.com,Feminino,BR
2866,André Lima Xavier,andré.lima.xavier2866@email.com,Masculino,BR
2867,Isabela Brito Melo,isabela.brito.melo2867@email.com,Feminino,BR
2868,Fernando Rezende Ribeiro,fernando.rezende.ribeiro2868@email.com,Masculino,BR
2869,Mariana Siqueira Oliveira,mariana.siqueira.oliveira2869@email.com,Feminino,BR
2870,Roberto Vasconcelos Campos,roberto.vasconcelos.campos2870@email.com,Masculino,BR
2871,Leticia Dias Ramos,leticia.dias.ramos2871@email.com,Feminino,BR
2872,Henrique Teixeira Guimaraes,henrique.teixeira.guimaraes2872@email.com,Masculino,BR
2873,Bruna Oliveira Alves,bruna.oliveira.alves2873@email.com,Feminino,BR
2874,Roberto Castro Ribeiro,roberto.castro.ribeiro2874@email.com,Masculino,BR
2875,Mariana Xavier Santos,mariana.xavier.santos2875@email.com,Feminino,BR
2876,Antonio Barros Lima,antonio.barros.lima2876@email.com,Masculino,BR
2877,Patricia Araujo Matos,patricia.araujo.matos2877@email.com,Feminino,BR
2878,Renato Fonseca Fonseca,renato.fonseca.fonseca2878@email.com,Masculino,BR
2879,Simone Cunha Gomes,simone.cunha.gomes2879@email.com,Feminino,BR
2880,Diego Carvalho Macedo,diego.carvalho.macedo2880@email.com,Masculino,BR
2881,Larissa Cardoso Carvalho,larissa.cardoso.carvalho2881@email.com,Feminino,BR
2882,Lucas Araujo Pinheiro,lucas.araujo.pinheiro2882@email.com,Masculino,BR
2883,Bianca Gomes Rodrigues,bianca.gomes.rodrigues2883@email.com,Feminino,BR
2884,Eduardo Pereira Machado,eduardo.pereira.machado2884@email.com,Masculino,BR
2885,Rosana Rezende Costa,rosana.rezende.costa2885@email.com,Feminino,BR
2886,Guilherme Rocha Dias,guilherme.rocha.dias2886@email.com,Masculino,BR
2887,Andrea Azevedo Ribeiro,andrea.azevedo.ribeiro2887@email.com,Feminino,BR
2888,Alexandre Campos Souza,alexandre.campos.souza2888@email.com,Masculino,BR
2889,Bruna Matos Gomes,bruna.matos.gomes2889@email.com,Feminino,BR
2890,Paulo Nunes Gomes,paulo.nunes.gomes2890@email.com,Masculino,BR
2891,Monica Souza Oliveira,monica.souza.oliveira2891@email.com,Feminino,BR
2892,Sergio Costa Nunes,sergio.costa.nunes2892@email.com,Masculino,BR
2893,Beatriz Lima Melo,beatriz.lima.melo2893@email.com,Feminino,BR
2894,Caio Azevedo Cunha,caio.azevedo.cunha2894@email.com,Masculino,BR
2895,Mariana Coelho Teixeira,mariana.coelho.teixeira2895@email.com,Feminino,BR
2896,Eduardo Barbosa Tavares,eduardo.barbosa.tavares2896@email.com,Masculino,BR
2897,Mariana Xavier Xavier,mariana.xavier.xavier2897@email.com,Feminino,BR
2898,Cesar Martins Duarte,cesar.martins.duarte2898@email.com,Masculino,BR
2899,Tatiane Melo Carvalho,tatiane.melo.carvalho2899@email.com,Feminino,BR
2900,Bruno Cunha Melo,bruno.cunha.melo2900@email.com,Masculino,BR
2901,Fabiana Rezende Dias,fabiana.rezende.dias2901@email.com,Feminino,BR
2902,Mauricio Machado Reis,mauricio.machado.reis2902@email.com,Masculino,BR
2903,Bruna Nunes Silva,bruna.nunes.silva2903@email.com,Feminino,BR
2904,Guilherme Pinheiro Araujo,guilherme.pinheiro.araujo2904@email.com,Masculino,BR
2905,Priscila Cardoso Ramos,priscila.cardoso.ramos2905@email.com,Feminino,BR
2906,Mauricio Carvalho Fonseca,mauricio.carvalho.fonseca2906@email.com,Masculino,BR
2907,Isabela Duarte Silva,isabela.duarte.silva2907@email.com,Feminino,BR
2908,Matheus Oliveira Oliveira,matheus.oliveira.oliveira2908@email.com,Masculino,BR
2909,Thais Matos Macedo,thais.matos.macedo2909@email.com,Feminino,BR
2910,Jose Oliveira Ramos,jose.oliveira.ramos2910@email.com,Masculino,BR
2911,Fabiana Moreira Machado,fabiana.moreira.machado2911@email.com,Feminino,BR
2912,Lucas Lopes Rezende,lucas.lopes.rezende2912@email.com,Masculino,BR
2913,Priscila Ferreira Pires,priscila.ferreira.pires2913@email.com,Feminino,BR
2914,João Nascimento Matos,joão.nascimento.matos2914@email.com,Masculino,BR
2915,Bianca Dias Souza,bianca.dias.souza2915@email.com,Feminino,BR
2916,Paulo Barbosa Araujo,paulo.barbosa.araujo2916@email.com,Masculino,BR
2917,Camila Santos Machado,camila.santos.machado2917@email.com,Feminino,BR
2918,Leandro Martins Correia,leandro.martins.correia2918@email.com,Masculino,BR
2919,Bruna Melo Duarte,bruna.melo.duarte2919@email.com,Feminino,BR
2920,Mauricio Santos Azevedo,mauricio.santos.azevedo2920@email.com,Masculino,BR
2921,Bruna Macedo Souza,bruna.macedo.souza2921@email.com,Feminino,BR
2922,Leonardo Ribeiro Xavier,leonardo.ribeiro.xavier2922@email.com,Masculino,BR
2923,Carla Morais Azevedo,carla.morais.azevedo2923@email.com,Feminino,BR
2924,João Morais Pereira,joão.morais.pereira2924@email.com,Masculino,BR
2925,Daniela Nascimento Teixeira,daniela.nascimento.teixeira2925@email.com,Feminino,BR
2926,Francisco Oliveira Barbosa,francisco.oliveira.barbosa2926@email.com,Masculino,BR
2927,Luciana Coelho Nunes,luciana.coelho.nunes2927@email.com,Feminino,BR
2928,Cesar Castro Duarte,cesar.castro.duarte2928@email.com,Masculino,BR
2929,Tatiana Xavier Brito,tatiana.xavier.brito2929@email.com,Feminino,BR
2930,Bruno Guimaraes Teixeira,bruno.guimaraes.teixeira2930@email.com,Masculino,BR
2931,Fernanda Barros Brito,fernanda.barros.brito2931@email.com,Feminino,BR
2932,Fabio Costa Lima,fabio.costa.lima2932@email.com,Masculino,BR
2933,Daniela Campos Azevedo,daniela.campos.azevedo2933@email.com,Feminino,BR
2934,Cesar Oliveira Campos,cesar.oliveira.campos2934@email.com,Masculino,BR
2935,Carla Ribeiro Vasconcelos,carla.ribeiro.vasconcelos2935@email.com,Feminino,BR
2936,Rafael Correia Pereira,rafael.correia.pereira2936@email.com,Masculino,BR
2937,Tatiane Correia Macedo,tatiane.correia.macedo2937@email.com,Feminino,BR
2938,Marcos Souza Teixeira,marcos.souza.teixeira2938@email.com,Masculino,BR
2939,Priscila Castro Lima,priscila.castro.lima2939@email.com,Feminino,BR
2940,Fernando Pinheiro Coelho,fernando.pinheiro.coelho2940@email.com,Masculino,BR
2941,Rosana Nascimento Dias,rosana.nascimento.dias2941@email.com,Feminino,BR
2942,Eduardo Cardoso Freitas,eduardo.cardoso.freitas2942@email.com,Masculino,BR
2943,Sabrina Barros Brito,sabrina.barros.brito2943@email.com,Feminino,BR
2944,Guilherme Nunes Costa,guilherme.nunes.costa2944@email.com,Masculino,BR
2945,Patricia Campos Freitas,patricia.campos.freitas2945@email.com,Feminino,BR
2946,Renato Rezende Barros,renato.rezende.barros2946@email.com,Masculino,BR
2947,Fabiana Reis Lima,fabiana.reis.lima2947@email.com,Feminino,BR
2948,Fernando Correia Castro,fernando.correia.castro2948@email.com,Masculino,BR
2949,Gisele Barbosa Lopes,gisele.barbosa.lopes2949@email.com,Feminino,BR
2950,Cesar Campos Fernandes,cesar.campos.fernandes2950@email.com,Masculino,BR
2951,Patricia Gomes Azevedo,patricia.gomes.azevedo2951@email.com,Feminino,BR
2952,Bruno Ferreira Moreira,bruno.ferreira.moreira2952@email.com,Masculino,BR
2953,Vanessa Barbosa Pereira,vanessa.barbosa.pereira2953@email.com,Feminino,BR
2954,Lucas Martins Nunes,lucas.martins.nunes2954@email.com,Masculino,BR
2955,Larissa Nascimento Rocha,larissa.nascimento.rocha2955@email.com,Feminino,BR
2956,Antonio Rocha Dias,antonio.rocha.dias2956@email.com,Masculino,BR
2957,Fabiana Morais Santos,fabiana.morais.santos2957@email.com,Feminino,BR
2958,Rodrigo Cunha Brito,rodrigo.cunha.brito2958@email.com,Masculino,BR
2959,Gisele Souza Machado,gisele.souza.machado2959@email.com,Feminino,BR
2960,Paulo Cunha Lopes,paulo.cunha.lopes2960@email.com,Masculino,BR
2961,Ana Barbosa Gomes,ana.barbosa.gomes2961@email.com,Feminino,BR
2962,Ricardo Santos Fernandes,ricardo.santos.fernandes2962@email.com,Masculino,BR
2963,Cristina Reis Moura,cristina.reis.moura2963@email.com,Feminino,BR
2964,Igor Cunha Fonseca,igor.cunha.fonseca2964@email.com,Masculino,BR
2965,Monica Vasconcelos Vasconcelos,monica.vasconcelos.vasconcelos2965@email.com,Feminino,BR
2966,Diego Rezende Fonseca,diego.rezende.fonseca2966@email.com,Masculino,BR
2967,Fabiana Reis Pires,fabiana.reis.pires2967@email.com,Feminino,BR
2968,Renato Azevedo Monteiro,renato.azevedo.monteiro2968@email.com,Masculino,BR
2969,Eliane Souza Xavier,eliane.souza.xavier2969@email.com,Feminino,BR
2970,Leandro Martins Xavier,leandro.martins.xavier2970@email.com,Masculino,BR
2971,Adriana Carvalho Machado,adriana.carvalho.machado2971@email.com,Feminino,BR
2972,Fabio Barbosa Macedo,fabio.barbosa.macedo2972@email.com,Masculino,BR
2973,Fernanda Rocha Freitas,fernanda.rocha.freitas2973@email.com,Feminino,BR
2974,Rodrigo Azevedo Martins,rodrigo.azevedo.martins2974@email.com,Masculino,BR
2975,Andrea Martins Correia,andrea.martins.correia2975@email.com,Feminino,BR
2976,Marcelo Barbosa Ribeiro,marcelo.barbosa.ribeiro2976@email.com,Masculino,BR
2977,Vanessa Reis Correia,vanessa.reis.correia2977@email.com,Feminino,BR
2978,Rafael Martins Araujo,rafael.martins.araujo2978@email.com,Masculino,BR
2979,Larissa Oliveira Cardoso,larissa.oliveira.cardoso2979@email.com,Feminino,BR
2980,Sergio Souza Lopes,sergio.souza.lopes2980@email.com,Masculino,BR
2981,Adriana Campos Ribeiro,adriana.campos.ribeiro2981@email.com,Feminino,BR
2982,Marcos Pires Correia,marcos.pires.correia2982@email.com,Masculino,BR
2983,Juliana Siqueira Cardoso,juliana.siqueira.cardoso2983@email.com,Feminino,BR
2984,Paulo Rocha Campos,paulo.rocha.campos2984@email.com,Masculino,BR
2985,Jessica Castro Martins,jessica.castro.martins2985@email.com,Feminino,BR
2986,Marcelo Monteiro Lima,marcelo.monteiro.lima2986@email.com,Masculino,BR
2987,Ana Moreira Rezende,ana.moreira.rezende2987@email.com,Feminino,BR
2988,Rafael Azevedo Cardoso,rafael.azevedo.cardoso2988@email.com,Masculino,BR
2989,Isabela Silva Pinheiro,isabela.silva.pinheiro2989@email.com,Feminino,BR
2990,Marcelo Barros Teixeira,marcelo.barros.teixeira2990@email.com,Masculino,BR
2991,Leticia Machado Barbosa,leticia.machado.barbosa2991@email.com,Feminino,BR
2992,Sergio Siqueira Rocha,sergio.siqueira.rocha2992@email.com,Masculino,BR
2993,Eliane Matos Lopes,eliane.matos.lopes2993@email.com,Feminino,BR
2994,Igor Nascimento Lima,igor.nascimento.lima2994@email.com,Masculino,BR
2995,Thais Oliveira Souza,thais.oliveira.souza2995@email.com,Feminino,BR
2996,Rafael Lima Monteiro,rafael.lima.monteiro2996@email.com,Masculino,BR
2997,Ana Moreira Guimaraes,ana.moreira.guimaraes2997@email.com,Feminino,BR
2998,Eduardo Lopes Freitas,eduardo.lopes.freitas2998@email.com,Masculino,BR
2999,Camila Cardoso Costa,camila.cardoso.costa2999@email.com,Feminino,BR
3000,Wagner Vasconcelos Gomes,wagner.vasconcelos.gomes3000@email.com,Masculino,BR
3001,Rosana Moura Carvalho,rosana.moura.carvalho3001@email.com,Feminino,BR
3002,Vinicius Gomes Santos,vinicius.gomes.santos3002@email.com,Masculino,BR
3003,Camila Castro Melo,camila.castro.melo3003@email.com,Feminino,BR
3004,Renato Brito Siqueira,renato.brito.siqueira3004@email.com,Masculino,BR
3005,Camila Barros Moreira,camila.barros.moreira3005@email.com,Feminino,BR
3006,André Rezende Cardoso,andré.rezende.cardoso3006@email.com,Masculino,BR
3007,Claudia Tavares Barros,claudia.tavares.barros3007@email.com,Feminino,BR
3008,Roberto Siqueira Campos,roberto.siqueira.campos3008@email.com,Masculino,BR
3009,Carolina Rocha Correia,carolina.rocha.correia3009@email.com,Feminino,BR
3010,Guilherme Campos Rodrigues,guilherme.campos.rodrigues3010@email.com,Masculino,BR
3011,Carla Silva Barbosa,carla.silva.barbosa3011@email.com,Feminino,BR
3012,Paulo Freitas Monteiro,paulo.freitas.monteiro3012@email.com,Masculino,BR
3013,Jessica Pires Ferreira,jessica.pires.ferreira3013@email.com,Feminino,BR
3014,Marcos Matos Lopes,marcos.matos.lopes3014@email.com,Masculino,BR
3015,Bianca Fernandes Lopes,bianca.fernandes.lopes3015@email.com,Feminino,BR
3016,Rodrigo Martins Fernandes,rodrigo.martins.fernandes3016@email.com,Masculino,BR
3017,Luciana Matos Cunha,luciana.matos.cunha3017@email.com,Feminino,BR
3018,Gabriel Reis Fonseca,gabriel.reis.fonseca3018@email.com,Masculino,BR
3019,Claudia Ferreira Rocha,claudia.ferreira.rocha3019@email.com,Feminino,BR
3020,Marcos Monteiro Machado,marcos.monteiro.machado3020@email.com,Masculino,BR
3021,Fabiana Teixeira Pereira,fabiana.teixeira.pereira3021@email.com,Feminino,BR
3022,Mauricio Coelho Rodrigues,mauricio.coelho.rodrigues3022@email.com,Masculino,BR
3023,Camila Silva Cunha,camila.silva.cunha3023@email.com,Feminino,BR
3024,Vinicius Cunha Ribeiro,vinicius.cunha.ribeiro3024@email.com,Masculino,BR
3025,Tatiane Azevedo Correia,tatiane.azevedo.correia3025@email.com,Feminino,BR
3026,Sergio Coelho Souza,sergio.coelho.souza3026@email.com,Masculino,BR
3027,Renata Ribeiro Reis,renata.ribeiro.reis3027@email.com,Feminino,BR
3028,Alexandre Barbosa Pires,alexandre.barbosa.pires3028@email.com,Masculino,BR
3029,Pamela Oliveira Torres,pamela.oliveira.torres3029@email.com,Feminino,BR
3030,Leandro Reis Fonseca,leandro.reis.fonseca3030@email.com,Masculino,BR
3031,Raquel Rezende Pires,raquel.rezende.pires3031@email.com,Feminino,BR
3032,Caio Carvalho Santos,caio.carvalho.santos3032@email.com,Masculino,BR
3033,Maria Rocha Mendes,maria.rocha.mendes3033@email.com,Feminino,BR
3034,Leandro Morais Reis,leandro.morais.reis3034@email.com,Masculino,BR
3035,Thais Lima Vasconcelos,thais.lima.vasconcelos3035@email.com,Feminino,BR
3036,Rodrigo Cunha Ribeiro,rodrigo.cunha.ribeiro3036@email.com,Masculino,BR
3037,Pamela Nascimento Vasconcelos,pamela.nascimento.vasconcelos3037@email.com,Feminino,BR
3038,Gustavo Santos Lima,gustavo.santos.lima3038@email.com,Masculino,BR
3039,Sabrina Rezende Pereira,sabrina.rezende.pereira3039@email.com,Feminino,BR
3040,Wagner Pinheiro Campos,wagner.pinheiro.campos3040@email.com,Masculino,BR
3041,Rosana Machado Duarte,rosana.machado.duarte3041@email.com,Feminino,BR
3042,Guilherme Mendes Morais,guilherme.mendes.morais3042@email.com,Masculino,BR
3043,Thais Nascimento Torres,thais.nascimento.torres3043@email.com,Feminino,BR
3044,Felipe Campos Barros,felipe.campos.barros3044@email.com,Masculino,BR
3045,Eliane Santos Melo,eliane.santos.melo3045@email.com,Feminino,BR
3046,Henrique Martins Fonseca,henrique.martins.fonseca3046@email.com,Masculino,BR
3047,Fernanda Rocha Cardoso,fernanda.rocha.cardoso3047@email.com,Feminino,BR
3048,Caio Nascimento Souza,caio.nascimento.souza3048@email.com,Masculino,BR
3049,Sandra Martins Costa,sandra.martins.costa3049@email.com,Feminino,BR
3050,Vinicius Campos Cunha,vinicius.campos.cunha3050@email.com,Masculino,BR
3051,Sandra Costa Barbosa,sandra.costa.barbosa3051@email.com,Feminino,BR
3052,Rodrigo Moura Morais,rodrigo.moura.morais3052@email.com,Masculino,BR
3053,Patricia Barros Gomes,patricia.barros.gomes3053@email.com,Feminino,BR
3054,Daniel Coelho Alves,daniel.coelho.alves3054@email.com,Masculino,BR
3055,Claudia Coelho Martins,claudia.coelho.martins3055@email.com,Feminino,BR
3056,Marcelo Cardoso Cardoso,marcelo.cardoso.cardoso3056@email.com,Masculino,BR
3057,Raquel Nunes Brito,raquel.nunes.brito3057@email.com,Feminino,BR
3058,Fabio Alves Castro,fabio.alves.castro3058@email.com,Masculino,BR
3059,Rosana Freitas Torres,rosana.freitas.torres3059@email.com,Feminino,BR
3060,Rafael Silva Souza,rafael.silva.souza3060@email.com,Masculino,BR
3061,Fabiana Barbosa Campos,fabiana.barbosa.campos3061@email.com,Feminino,BR
3062,Antonio Cunha Teixeira,antonio.cunha.teixeira3062@email.com,Masculino,BR
3063,Mariana Alves Dias,mariana.alves.dias3063@email.com,Feminino,BR
3064,Rafael Barros Carvalho,rafael.barros.carvalho3064@email.com,Masculino,BR
3065,Renata Xavier Pires,renata.xavier.pires3065@email.com,Feminino,BR
3066,Cesar Nascimento Reis,cesar.nascimento.reis3066@email.com,Masculino,BR
3067,Fabiana Melo Castro,fabiana.melo.castro3067@email.com,Feminino,BR
3068,Rafael Nascimento Coelho,rafael.nascimento.coelho3068@email.com,Masculino,BR
3069,Larissa Cunha Azevedo,larissa.cunha.azevedo3069@email.com,Feminino,BR
3070,Ricardo Lima Torres,ricardo.lima.torres3070@email.com,Masculino,BR
3071,Beatriz Santos Machado,beatriz.santos.machado3071@email.com,Feminino,BR
3072,Paulo Monteiro Nascimento,paulo.monteiro.nascimento3072@email.com,Masculino,BR
3073,Carla Souza Torres,carla.souza.torres3073@email.com,Feminino,BR
3074,Renato Tavares Moura,renato.tavares.moura3074@email.com,Masculino,BR
3075,Monica Ribeiro Correia,monica.ribeiro.correia3075@email.com,Feminino,BR
3076,Leandro Santos Pinheiro,leandro.santos.pinheiro3076@email.com,Masculino,BR
3077,Larissa Carvalho Souza,larissa.carvalho.souza3077@email.com,Feminino,BR
3078,Rafael Nascimento Carvalho,rafael.nascimento.carvalho3078@email.com,Masculino,BR
3079,Raquel Souza Dias,raquel.souza.dias3079@email.com,Feminino,BR
3080,Gabriel Ferreira Ramos,gabriel.ferreira.ramos3080@email.com,Masculino,BR
3081,Larissa Pereira Santos,larissa.pereira.santos3081@email.com,Feminino,BR
3082,Fernando Coelho Ramos,fernando.coelho.ramos3082@email.com,Masculino,BR
3083,Juliana Gomes Alves,juliana.gomes.alves3083@email.com,Feminino,BR
3084,Carlos Xavier Siqueira,carlos.xavier.siqueira3084@email.com,Masculino,BR
3085,Aline Fonseca Costa,aline.fonseca.costa3085@email.com,Feminino,BR
3086,Fernando Lima Mendes,fernando.lima.mendes3086@email.com,Masculino,BR
3087,Juliana Pereira Monteiro,juliana.pereira.monteiro3087@email.com,Feminino,BR
3088,João Coelho Alves,joão.coelho.alves3088@email.com,Masculino,BR
3089,Larissa Tavares Dias,larissa.tavares.dias3089@email.com,Feminino,BR
3090,Mauricio Gomes Ribeiro,mauricio.gomes.ribeiro3090@email.com,Masculino,BR
3091,Sandra Santos Ferreira,sandra.santos.ferreira3091@email.com,Feminino,BR
3092,Rafael Melo Pinheiro,rafael.melo.pinheiro3092@email.com,Masculino,BR
3093,Sabrina Fonseca Freitas,sabrina.fonseca.freitas3093@email.com,Feminino,BR
3094,Paulo Martins Melo,paulo.martins.melo3094@email.com,Masculino,BR
3095,Aline Macedo Matos,aline.macedo.matos3095@email.com,Feminino,BR
3096,Cesar Araujo Barros,cesar.araujo.barros3096@email.com,Masculino,BR
3097,Eliane Pereira Alves,eliane.pereira.alves3097@email.com,Feminino,BR
3098,Mauricio Coelho Silva,mauricio.coelho.silva3098@email.com,Masculino,BR
3099,Fabiana Dias Correia,fabiana.dias.correia3099@email.com,Feminino,BR
3100,André Barbosa Martins,andré.barbosa.martins3100@email.com,Masculino,BR
3101,Gisele Silva Matos,gisele.silva.matos3101@email.com,Feminino,BR
3102,Lucas Dias Barros,lucas.dias.barros3102@email.com,Masculino,BR
3103,Thais Campos Nascimento,thais.campos.nascimento3103@email.com,Feminino,BR
3104,Mauricio Ribeiro Lopes,mauricio.ribeiro.lopes3104@email.com,Masculino,BR
3105,Amanda Ribeiro Reis,amanda.ribeiro.reis3105@email.com,Feminino,BR
3106,Paulo Rodrigues Ramos,paulo.rodrigues.ramos3106@email.com,Masculino,BR
3107,Tatiana Barros Carvalho,tatiana.barros.carvalho3107@email.com,Feminino,BR
3108,Matheus Lima Coelho,matheus.lima.coelho3108@email.com,Masculino,BR
3109,Simone Lima Azevedo,simone.lima.azevedo3109@email.com,Feminino,BR
3110,Felipe Moura Souza,felipe.moura.souza3110@email.com,Masculino,BR
3111,Pamela Coelho Campos,pamela.coelho.campos3111@email.com,Feminino,BR
3112,Rodrigo Pires Matos,rodrigo.pires.matos3112@email.com,Masculino,BR
3113,Juliana Ferreira Cardoso,juliana.ferreira.cardoso3113@email.com,Feminino,BR
3114,Antonio Lima Rodrigues,antonio.lima.rodrigues3114@email.com,Masculino,BR
3115,Leticia Azevedo Tavares,leticia.azevedo.tavares3115@email.com,Feminino,BR
3116,Leandro Brito Reis,leandro.brito.reis3116@email.com,Masculino,BR
3117,Jessica Carvalho Pires,jessica.carvalho.pires3117@email.com,Feminino,BR
3118,Matheus Barbosa Melo,matheus.barbosa.melo3118@email.com,Masculino,BR
3119,Luciana Gomes Melo,luciana.gomes.melo3119@email.com,Feminino,BR
3120,Ricardo Reis Fernandes,ricardo.reis.fernandes3120@email.com,Masculino,BR
3121,Thais Brito Campos,thais.brito.campos3121@email.com,Feminino,BR
3122,Daniel Silva Brito,daniel.silva.brito3122@email.com,Masculino,BR
3123,Pamela Brito Alves,pamela.brito.alves3123@email.com,Feminino,BR
3124,Leonardo Lopes Moura,leonardo.lopes.moura3124@email.com,Masculino,BR
3125,Camila Lima Rocha,camila.lima.rocha3125@email.com,Feminino,BR
3126,Leonardo Moreira Nascimento,leonardo.moreira.nascimento3126@email.com,Masculino,BR
3127,Rosana Alves Pinheiro,rosana.alves.pinheiro3127@email.com,Feminino,BR
3128,Thiago Pereira Campos,thiago.pereira.campos3128@email.com,Masculino,BR
3129,Renata Teixeira Gomes,renata.teixeira.gomes3129@email.com,Feminino,BR
3130,Wagner Melo Moreira,wagner.melo.moreira3130@email.com,Masculino,BR
3131,Larissa Carvalho Reis,larissa.carvalho.reis3131@email.com,Feminino,BR
3132,Guilherme Matos Rezende,guilherme.matos.rezende3132@email.com,Masculino,BR
3133,Sabrina Coelho Correia,sabrina.coelho.correia3133@email.com,Feminino,BR
3134,Mauricio Fonseca Nunes,mauricio.fonseca.nunes3134@email.com,Masculino,BR
3135,Carolina Freitas Machado,carolina.freitas.machado3135@email.com,Feminino,BR
3136,Wagner Moreira Rezende,wagner.moreira.rezende3136@email.com,Masculino,BR
3137,Aline Nunes Rocha,aline.nunes.rocha3137@email.com,Feminino,BR
3138,Caio Alves Lima,caio.alves.lima3138@email.com,Masculino,BR
3139,Adriana Rezende Rezende,adriana.rezende.rezende3139@email.com,Feminino,BR
3140,Eduardo Morais Souza,eduardo.morais.souza3140@email.com,Masculino,BR
3141,Ana Alves Pinheiro,ana.alves.pinheiro3141@email.com,Feminino,BR
3142,Roberto Reis Pereira,roberto.reis.pereira3142@email.com,Masculino,BR
3143,Pamela Brito Santos,pamela.brito.santos3143@email.com,Feminino,BR
3144,Daniel Rodrigues Tavares,daniel.rodrigues.tavares3144@email.com,Masculino,BR
3145,Simone Rocha Monteiro,simone.rocha.monteiro3145@email.com,Feminino,BR
3146,Cesar Guimaraes Alves,cesar.guimaraes.alves3146@email.com,Masculino,BR
3147,Patricia Siqueira Coelho,patricia.siqueira.coelho3147@email.com,Feminino,BR
3148,Francisco Macedo Rezende,francisco.macedo.rezende3148@email.com,Masculino,BR
3149,Bruna Gomes Barbosa,bruna.gomes.barbosa3149@email.com,Feminino,BR
3150,Antonio Rezende Barros,antonio.rezende.barros3150@email.com,Masculino,BR
3151,Adriana Castro Teixeira,adriana.castro.teixeira3151@email.com,Feminino,BR
3152,Marcelo Castro Santos,marcelo.castro.santos3152@email.com,Masculino,BR
3153,Juliana Ramos Lima,juliana.ramos.lima3153@email.com,Feminino,BR
3154,Alexandre Lopes Cardoso,alexandre.lopes.cardoso3154@email.com,Masculino,BR
3155,Daniela Lopes Azevedo,daniela.lopes.azevedo3155@email.com,Feminino,BR
3156,Carlos Oliveira Ribeiro,carlos.oliveira.ribeiro3156@email.com,Masculino,BR
3157,Tatiane Siqueira Macedo,tatiane.siqueira.macedo3157@email.com,Feminino,BR
3158,Leandro Correia Martins,leandro.correia.martins3158@email.com,Masculino,BR
3159,Pamela Ramos Souza,pamela.ramos.souza3159@email.com,Feminino,BR
3160,Leandro Correia Rodrigues,leandro.correia.rodrigues3160@email.com,Masculino,BR
3161,Pamela Coelho Lima,pamela.coelho.lima3161@email.com,Feminino,BR
3162,Sergio Brito Rezende,sergio.brito.rezende3162@email.com,Masculino,BR
3163,Tatiane Brito Castro,tatiane.brito.castro3163@email.com,Feminino,BR
3164,Sergio Machado Machado,sergio.machado.machado3164@email.com,Masculino,BR
3165,Tatiane Melo Martins,tatiane.melo.martins3165@email.com,Feminino,BR
3166,Jose Costa Moreira,jose.costa.moreira3166@email.com,Masculino,BR
3167,Adriana Rezende Fonseca,adriana.rezende.fonseca3167@email.com,Feminino,BR
3168,Alexandre Guimaraes Brito,alexandre.guimaraes.brito3168@email.com,Masculino,BR
3169,Sandra Macedo Barbosa,sandra.macedo.barbosa3169@email.com,Feminino,BR
3170,Diego Costa Santos,diego.costa.santos3170@email.com,Masculino,BR
3171,Rosana Oliveira Souza,rosana.oliveira.souza3171@email.com,Feminino,BR
3172,Fabio Freitas Fernandes,fabio.freitas.fernandes3172@email.com,Masculino,BR
3173,Rosana Santos Coelho,rosana.santos.coelho3173@email.com,Feminino,BR
3174,Igor Rodrigues Alves,igor.rodrigues.alves3174@email.com,Masculino,BR
3175,Luciana Freitas Freitas,luciana.freitas.freitas3175@email.com,Feminino,BR
3176,Matheus Freitas Costa,matheus.freitas.costa3176@email.com,Masculino,BR
3177,Priscila Araujo Araujo,priscila.araujo.araujo3177@email.com,Feminino,BR
3178,Leandro Fonseca Ferreira,leandro.fonseca.ferreira3178@email.com,Masculino,BR
3179,Patricia Monteiro Lima,patricia.monteiro.lima3179@email.com,Feminino,BR
3180,Igor Martins Santos,igor.martins.santos3180@email.com,Masculino,BR
3181,Gisele Cardoso Oliveira,gisele.cardoso.oliveira3181@email.com,Feminino,BR
3182,Caio Siqueira Ramos,caio.siqueira.ramos3182@email.com,Masculino,BR
3183,Eliane Barros Cunha,eliane.barros.cunha3183@email.com,Feminino,BR
3184,Vinicius Santos Nascimento,vinicius.santos.nascimento3184@email.com,Masculino,BR
3185,Thais Fonseca Santos,thais.fonseca.santos3185@email.com,Feminino,BR
3186,Diego Rodrigues Duarte,diego.rodrigues.duarte3186@email.com,Masculino,BR
3187,Daniela Cardoso Duarte,daniela.cardoso.duarte3187@email.com,Feminino,BR
3188,Lucas Fernandes Rezende,lucas.fernandes.rezende3188@email.com,Masculino,BR
3189,Amanda Nascimento Brito,amanda.nascimento.brito3189@email.com,Feminino,BR
3190,Marcos Teixeira Rezende,marcos.teixeira.rezende3190@email.com,Masculino,BR
3191,Aline Fernandes Coelho,aline.fernandes.coelho3191@email.com,Feminino,BR
3192,Igor Martins Guimaraes,igor.martins.guimaraes3192@email.com,Masculino,BR
3193,Raquel Campos Ramos,raquel.campos.ramos3193@email.com,Feminino,BR
3194,André Rezende Morais,andré.rezende.morais3194@email.com,Masculino,BR
3195,Patricia Reis Melo,patricia.reis.melo3195@email.com,Feminino,BR
3196,Marcelo Dias Barbosa,marcelo.dias.barbosa3196@email.com,Masculino,BR
3197,Adriana Costa Monteiro,adriana.costa.monteiro3197@email.com,Feminino,BR
3198,Sergio Moreira Fernandes,sergio.moreira.fernandes3198@email.com,Masculino,BR
3199,Cristina Guimaraes Pinheiro,cristina.guimaraes.pinheiro3199@email.com,Feminino,BR
3200,Bruno Correia Melo,bruno.correia.melo3200@email.com,Masculino,BR
3201,Rosana Alves Fonseca,rosana.alves.fonseca3201@email.com,Feminino,BR
3202,Igor Nunes Pereira,igor.nunes.pereira3202@email.com,Masculino,BR
3203,Eliane Fernandes Moura,eliane.fernandes.moura3203@email.com,Feminino,BR
3204,Fernando Ramos Dias,fernando.ramos.dias3204@email.com,Masculino,BR
3205,Sandra Xavier Pereira,sandra.xavier.pereira3205@email.com,Feminino,BR
3206,Leandro Barros Fernandes,leandro.barros.fernandes3206@email.com,Masculino,BR
3207,Raquel Ramos Siqueira,raquel.ramos.siqueira3207@email.com,Feminino,BR
3208,Marcelo Cardoso Gomes,marcelo.cardoso.gomes3208@email.com,Masculino,BR
3209,Bianca Moreira Mendes,bianca.moreira.mendes3209@email.com,Feminino,BR
3210,Cesar Barros Azevedo,cesar.barros.azevedo3210@email.com,Masculino,BR
3211,Tatiane Ribeiro Santos,tatiane.ribeiro.santos3211@email.com,Feminino,BR
3212,Francisco Ribeiro Duarte,francisco.ribeiro.duarte3212@email.com,Masculino,BR
3213,Pamela Dias Siqueira,pamela.dias.siqueira3213@email.com,Feminino,BR
3214,Caio Nunes Morais,caio.nunes.morais3214@email.com,Masculino,BR
3215,Gisele Fernandes Guimaraes,gisele.fernandes.guimaraes3215@email.com,Feminino,BR
3216,Guilherme Duarte Matos,guilherme.duarte.matos3216@email.com,Masculino,BR
3217,Fernanda Moura Gomes,fernanda.moura.gomes3217@email.com,Feminino,BR
3218,Fabio Azevedo Rocha,fabio.azevedo.rocha3218@email.com,Masculino,BR
3219,Priscila Rocha Pinheiro,priscila.rocha.pinheiro3219@email.com,Feminino,BR
3220,Leandro Melo Ramos,leandro.melo.ramos3220@email.com,Masculino,BR
3221,Bianca Cardoso Reis,bianca.cardoso.reis3221@email.com,Feminino,BR
3222,Ricardo Morais Dias,ricardo.morais.dias3222@email.com,Masculino,BR
3223,Bianca Nunes Torres,bianca.nunes.torres3223@email.com,Feminino,BR
3224,Rodrigo Vasconcelos Martins,rodrigo.vasconcelos.martins3224@email.com,Masculino,BR
3225,Adriana Brito Tavares,adriana.brito.tavares3225@email.com,Feminino,BR
3226,Gustavo Moreira Araujo,gustavo.moreira.araujo3226@email.com,Masculino,BR
3227,Larissa Rocha Gomes,larissa.rocha.gomes3227@email.com,Feminino,BR
3228,Pedro Araujo Fernandes,pedro.araujo.fernandes3228@email.com,Masculino,BR
3229,Raquel Azevedo Rezende,raquel.azevedo.rezende3229@email.com,Feminino,BR
3230,Rafael Ramos Ramos,rafael.ramos.ramos3230@email.com,Masculino,BR
3231,Juliana Gomes Martins,juliana.gomes.martins3231@email.com,Feminino,BR
3232,Vinicius Souza Santos,vinicius.souza.santos3232@email.com,Masculino,BR
3233,Adriana Xavier Fernandes,adriana.xavier.fernandes3233@email.com,Feminino,BR
3234,Vinicius Siqueira Pires,vinicius.siqueira.pires3234@email.com,Masculino,BR
3235,Vanessa Vasconcelos Melo,vanessa.vasconcelos.melo3235@email.com,Feminino,BR
3236,Carlos Matos Rezende,carlos.matos.rezende3236@email.com,Masculino,BR
3237,Ana Costa Ferreira,ana.costa.ferreira3237@email.com,Feminino,BR
3238,Diego Tavares Monteiro,diego.tavares.monteiro3238@email.com,Masculino,BR
3239,Patricia Cunha Campos,patricia.cunha.campos3239@email.com,Feminino,BR
3240,Bruno Moreira Reis,bruno.moreira.reis3240@email.com,Masculino,BR
3241,Beatriz Araujo Lima,beatriz.araujo.lima3241@email.com,Feminino,BR
3242,Sergio Pinheiro Barros,sergio.pinheiro.barros3242@email.com,Masculino,BR
3243,Larissa Moura Siqueira,larissa.moura.siqueira3243@email.com,Feminino,BR
3244,Mauricio Macedo Moura,mauricio.macedo.moura3244@email.com,Masculino,BR
3245,Adriana Rezende Ferreira,adriana.rezende.ferreira3245@email.com,Feminino,BR
3246,Gustavo Tavares Lima,gustavo.tavares.lima3246@email.com,Masculino,BR
3247,Simone Teixeira Reis,simone.teixeira.reis3247@email.com,Feminino,BR
3248,Mauricio Pinheiro Rodrigues,mauricio.pinheiro.rodrigues3248@email.com,Masculino,BR
3249,Priscila Ramos Dias,priscila.ramos.dias3249@email.com,Feminino,BR
3250,Rafael Alves Ribeiro,rafael.alves.ribeiro3250@email.com,Masculino,BR
3251,Tatiana Nunes Lopes,tatiana.nunes.lopes3251@email.com,Feminino,BR
3252,Matheus Mendes Fonseca,matheus.mendes.fonseca3252@email.com,Masculino,BR
3253,Fernanda Rezende Castro,fernanda.rezende.castro3253@email.com,Feminino,BR
3254,Fabio Nascimento Lima,fabio.nascimento.lima3254@email.com,Masculino,BR
3255,Simone Castro Ramos,simone.castro.ramos3255@email.com,Feminino,BR
3256,Fernando Brito Araujo,fernando.brito.araujo3256@email.com,Masculino,BR
3257,Sabrina Xavier Rocha,sabrina.xavier.rocha3257@email.com,Feminino,BR
3258,Fabio Machado Correia,fabio.machado.correia3258@email.com,Masculino,BR
3259,Carla Torres Monteiro,carla.torres.monteiro3259@email.com,Feminino,BR
3260,Pedro Vasconcelos Tavares,pedro.vasconcelos.tavares3260@email.com,Masculino,BR
3261,Juliana Reis Pinheiro,juliana.reis.pinheiro3261@email.com,Feminino,BR
3262,Roberto Nascimento Xavier,roberto.nascimento.xavier3262@email.com,Masculino,BR
3263,Priscila Mendes Pires,priscila.mendes.pires3263@email.com,Feminino,BR
3264,Alexandre Monteiro Morais,alexandre.monteiro.morais3264@email.com,Masculino,BR
3265,Carla Fernandes Brito,carla.fernandes.brito3265@email.com,Feminino,BR
3266,Felipe Castro Araujo,felipe.castro.araujo3266@email.com,Masculino,BR
3267,Jessica Rodrigues Silva,jessica.rodrigues.silva3267@email.com,Feminino,BR
3268,Leonardo Mendes Monteiro,leonardo.mendes.monteiro3268@email.com,Masculino,BR
3269,Camila Torres Coelho,camila.torres.coelho3269@email.com,Feminino,BR
3270,Gustavo Monteiro Dias,gustavo.monteiro.dias3270@email.com,Masculino,BR
3271,Mariana Lopes Morais,mariana.lopes.morais3271@email.com,Feminino,BR
3272,Diego Fernandes Macedo,diego.fernandes.macedo3272@email.com,Masculino,BR
3273,Bianca Xavier Oliveira,bianca.xavier.oliveira3273@email.com,Feminino,BR
3274,Vinicius Ferreira Torres,vinicius.ferreira.torres3274@email.com,Masculino,BR
3275,Pamela Machado Pinheiro,pamela.machado.pinheiro3275@email.com,Feminino,BR
3276,Matheus Reis Teixeira,matheus.reis.teixeira3276@email.com,Masculino,BR
3277,Luciana Torres Alves,luciana.torres.alves3277@email.com,Feminino,BR
3278,Thiago Nascimento Mendes,thiago.nascimento.mendes3278@email.com,Masculino,BR
3279,Aline Pereira Freitas,aline.pereira.freitas3279@email.com,Feminino,BR
3280,Matheus Tavares Matos,matheus.tavares.matos3280@email.com,Masculino,BR
3281,Tatiane Pinheiro Cardoso,tatiane.pinheiro.cardoso3281@email.com,Feminino,BR
3282,Caio Nascimento Santos,caio.nascimento.santos3282@email.com,Masculino,BR
3283,Fernanda Vasconcelos Vasconcelos,fernanda.vasconcelos.vasconcelos3283@email.com,Feminino,BR
3284,Daniel Morais Lopes,daniel.morais.lopes3284@email.com,Masculino,BR
3285,Beatriz Silva Moreira,beatriz.silva.moreira3285@email.com,Feminino,BR
3286,André Morais Monteiro,andré.morais.monteiro3286@email.com,Masculino,BR
3287,Simone Duarte Ferreira,simone.duarte.ferreira3287@email.com,Feminino,BR
3288,Felipe Martins Araujo,felipe.martins.araujo3288@email.com,Masculino,BR
3289,Fabiana Correia Macedo,fabiana.correia.macedo3289@email.com,Feminino,BR
3290,Gabriel Melo Tavares,gabriel.melo.tavares3290@email.com,Masculino,BR
3291,Bianca Xavier Cardoso,bianca.xavier.cardoso3291@email.com,Feminino,BR
3292,Renato Machado Pinheiro,renato.machado.pinheiro3292@email.com,Masculino,BR
3293,Beatriz Mendes Ribeiro,beatriz.mendes.ribeiro3293@email.com,Feminino,BR
3294,Mauricio Torres Cardoso,mauricio.torres.cardoso3294@email.com,Masculino,BR
3295,Leticia Gomes Ferreira,leticia.gomes.ferreira3295@email.com,Feminino,BR
3296,Matheus Campos Ribeiro,matheus.campos.ribeiro3296@email.com,Masculino,BR
3297,Carolina Rodrigues Reis,carolina.rodrigues.reis3297@email.com,Feminino,BR
3298,Sergio Carvalho Santos,sergio.carvalho.santos3298@email.com,Masculino,BR
3299,Ana Pires Vasconcelos,ana.pires.vasconcelos3299@email.com,Feminino,BR
3300,Cesar Morais Carvalho,cesar.morais.carvalho3300@email.com,Masculino,BR
3301,Camila Azevedo Gomes,camila.azevedo.gomes3301@email.com,Feminino,BR
3302,Henrique Nascimento Melo,henrique.nascimento.melo3302@email.com,Masculino,BR
3303,Mariana Costa Moreira,mariana.costa.moreira3303@email.com,Feminino,BR
3304,Cesar Ramos Tavares,cesar.ramos.tavares3304@email.com,Masculino,BR
3305,Adriana Rocha Ferreira,adriana.rocha.ferreira3305@email.com,Feminino,BR
3306,Fabio Martins Duarte,fabio.martins.duarte3306@email.com,Masculino,BR
3307,Larissa Silva Correia,larissa.silva.correia3307@email.com,Feminino,BR
3308,Francisco Ramos Macedo,francisco.ramos.macedo3308@email.com,Masculino,BR
3309,Bruna Torres Brito,bruna.torres.brito3309@email.com,Feminino,BR
3310,Antonio Lima Carvalho,antonio.lima.carvalho3310@email.com,Masculino,BR
3311,Tatiana Gomes Torres,tatiana.gomes.torres3311@email.com,Feminino,BR
3312,Vinicius Barbosa Pinheiro,vinicius.barbosa.pinheiro3312@email.com,Masculino,BR
3313,Pamela Rodrigues Souza,pamela.rodrigues.souza3313@email.com,Feminino,BR
3314,Guilherme Melo Dias,guilherme.melo.dias3314@email.com,Masculino,BR
3315,Claudia Dias Torres,claudia.dias.torres3315@email.com,Feminino,BR
3316,Rodrigo Matos Brito,rodrigo.matos.brito3316@email.com,Masculino,BR
3317,Renata Cunha Ribeiro,renata.cunha.ribeiro3317@email.com,Feminino,BR
3318,Matheus Xavier Rocha,matheus.xavier.rocha3318@email.com,Masculino,BR
3319,Ana Barbosa Mendes,ana.barbosa.mendes3319@email.com,Feminino,BR
3320,Gustavo Guimaraes Lopes,gustavo.guimaraes.lopes3320@email.com,Masculino,BR
3321,Priscila Campos Fonseca,priscila.campos.fonseca3321@email.com,Feminino,BR
3322,Caio Ferreira Silva,caio.ferreira.silva3322@email.com,Masculino,BR
3323,Thais Souza Cardoso,thais.souza.cardoso3323@email.com,Feminino,BR
3324,Leonardo Brito Dias,leonardo.brito.dias3324@email.com,Masculino,BR
3325,Daniela Correia Ramos,daniela.correia.ramos3325@email.com,Feminino,BR
3326,Wagner Mendes Pereira,wagner.mendes.pereira3326@email.com,Masculino,BR
3327,Amanda Pires Costa,amanda.pires.costa3327@email.com,Feminino,BR
3328,Roberto Teixeira Araujo,roberto.teixeira.araujo3328@email.com,Masculino,BR
3329,Thais Freitas Tavares,thais.freitas.tavares3329@email.com,Feminino,BR
3330,Wagner Correia Pinheiro,wagner.correia.pinheiro3330@email.com,Masculino,BR
3331,Juliana Silva Mendes,juliana.silva.mendes3331@email.com,Feminino,BR
3332,Jose Guimaraes Rodrigues,jose.guimaraes.rodrigues3332@email.com,Masculino,BR
3333,Raquel Moreira Siqueira,raquel.moreira.siqueira3333@email.com,Feminino,BR
3334,Fabio Souza Pires,fabio.souza.pires3334@email.com,Masculino,BR
3335,Juliana Fonseca Ribeiro,juliana.fonseca.ribeiro3335@email.com,Feminino,BR
3336,Henrique Martins Barros,henrique.martins.barros3336@email.com,Masculino,BR
3337,Pamela Teixeira Azevedo,pamela.teixeira.azevedo3337@email.com,Feminino,BR
3338,Gabriel Ferreira Cardoso,gabriel.ferreira.cardoso3338@email.com,Masculino,BR
3339,Fabiana Ramos Rocha,fabiana.ramos.rocha3339@email.com,Feminino,BR
3340,Henrique Lima Cardoso,henrique.lima.cardoso3340@email.com,Masculino,BR
3341,Juliana Souza Rezende,juliana.souza.rezende3341@email.com,Feminino,BR
3342,Vinicius Pinheiro Campos,vinicius.pinheiro.campos3342@email.com,Masculino,BR
3343,Luciana Barbosa Mendes,luciana.barbosa.mendes3343@email.com,Feminino,BR
3344,Cesar Reis Coelho,cesar.reis.coelho3344@email.com,Masculino,BR
3345,Adriana Moura Cardoso,adriana.moura.cardoso3345@email.com,Feminino,BR
3346,Guilherme Martins Cardoso,guilherme.martins.cardoso3346@email.com,Masculino,BR
3347,Pamela Coelho Rocha,pamela.coelho.rocha3347@email.com,Feminino,BR
3348,Rafael Melo Siqueira,rafael.melo.siqueira3348@email.com,Masculino,BR
3349,Jessica Costa Gomes,jessica.costa.gomes3349@email.com,Feminino,BR
3350,Rafael Costa Carvalho,rafael.costa.carvalho3350@email.com,Masculino,BR
3351,Vanessa Oliveira Machado,vanessa.oliveira.machado3351@email.com,Feminino,BR
3352,Henrique Martins Correia,henrique.martins.correia3352@email.com,Masculino,BR
3353,Bruna Ramos Lima,bruna.ramos.lima3353@email.com,Feminino,BR
3354,Antonio Oliveira Lopes,antonio.oliveira.lopes3354@email.com,Masculino,BR
3355,Sandra Correia Pires,sandra.correia.pires3355@email.com,Feminino,BR
3356,Antonio Azevedo Rezende,antonio.azevedo.rezende3356@email.com,Masculino,BR
3357,Larissa Melo Matos,larissa.melo.matos3357@email.com,Feminino,BR
3358,Rafael Lima Freitas,rafael.lima.freitas3358@email.com,Masculino,BR
3359,Camila Dias Barbosa,camila.dias.barbosa3359@email.com,Feminino,BR
3360,Daniel Reis Martins,daniel.reis.martins3360@email.com,Masculino,BR
3361,Aline Torres Nunes,aline.torres.nunes3361@email.com,Feminino,BR
3362,Sergio Siqueira Fonseca,sergio.siqueira.fonseca3362@email.com,Masculino,BR
3363,Tatiana Fonseca Silva,tatiana.fonseca.silva3363@email.com,Feminino,BR
3364,Francisco Macedo Duarte,francisco.macedo.duarte3364@email.com,Masculino,BR
3365,Vanessa Cunha Pereira,vanessa.cunha.pereira3365@email.com,Feminino,BR
3366,Gustavo Macedo Rezende,gustavo.macedo.rezende3366@email.com,Masculino,BR
3367,Amanda Teixeira Santos,amanda.teixeira.santos3367@email.com,Feminino,BR
3368,Rodrigo Brito Brito,rodrigo.brito.brito3368@email.com,Masculino,BR
3369,Larissa Moreira Campos,larissa.moreira.campos3369@email.com,Feminino,BR
3370,Mauricio Alves Reis,mauricio.alves.reis3370@email.com,Masculino,BR
3371,Simone Rocha Santos,simone.rocha.santos3371@email.com,Feminino,BR
3372,Bruno Azevedo Reis,bruno.azevedo.reis3372@email.com,Masculino,BR
3373,Thais Azevedo Morais,thais.azevedo.morais3373@email.com,Feminino,BR
3374,Vinicius Tavares Siqueira,vinicius.tavares.siqueira3374@email.com,Masculino,BR
3375,Maria Teixeira Oliveira,maria.teixeira.oliveira3375@email.com,Feminino,BR
3376,Cesar Lopes Cardoso,cesar.lopes.cardoso3376@email.com,Masculino,BR
3377,Eliane Souza Dias,eliane.souza.dias3377@email.com,Feminino,BR
3378,Roberto Fernandes Vasconcelos,roberto.fernandes.vasconcelos3378@email.com,Masculino,BR
3379,Leticia Cardoso Fernandes,leticia.cardoso.fernandes3379@email.com,Feminino,BR
3380,Roberto Pinheiro Pereira,roberto.pinheiro.pereira3380@email.com,Masculino,BR
3381,Tatiane Tavares Rodrigues,tatiane.tavares.rodrigues3381@email.com,Feminino,BR
3382,Bruno Moreira Mendes,bruno.moreira.mendes3382@email.com,Masculino,BR
3383,Vanessa Araujo Macedo,vanessa.araujo.macedo3383@email.com,Feminino,BR
3384,Leonardo Ferreira Santos,leonardo.ferreira.santos3384@email.com,Masculino,BR
3385,Tatiana Martins Rodrigues,tatiana.martins.rodrigues3385@email.com,Feminino,BR
3386,Leonardo Barbosa Vasconcelos,leonardo.barbosa.vasconcelos3386@email.com,Masculino,BR
3387,Isabela Lima Monteiro,isabela.lima.monteiro3387@email.com,Feminino,BR
3388,Antonio Fernandes Ramos,antonio.fernandes.ramos3388@email.com,Masculino,BR
3389,Raquel Brito Tavares,raquel.brito.tavares3389@email.com,Feminino,BR
3390,Gabriel Freitas Siqueira,gabriel.freitas.siqueira3390@email.com,Masculino,BR
3391,Amanda Reis Campos,amanda.reis.campos3391@email.com,Feminino,BR
3392,Jose Gomes Rezende,jose.gomes.rezende3392@email.com,Masculino,BR
3393,Jessica Rodrigues Machado,jessica.rodrigues.machado3393@email.com,Feminino,BR
3394,Vinicius Duarte Tavares,vinicius.duarte.tavares3394@email.com,Masculino,BR
3395,Luciana Ferreira Coelho,luciana.ferreira.coelho3395@email.com,Feminino,BR
3396,Guilherme Fernandes Campos,guilherme.fernandes.campos3396@email.com,Masculino,BR
3397,Andrea Ribeiro Ramos,andrea.ribeiro.ramos3397@email.com,Feminino,BR
3398,Guilherme Ferreira Oliveira,guilherme.ferreira.oliveira3398@email.com,Masculino,BR
3399,Aline Teixeira Azevedo,aline.teixeira.azevedo3399@email.com,Feminino,BR
3400,Eduardo Vasconcelos Brito,eduardo.vasconcelos.brito3400@email.com,Masculino,BR
3401,Isabela Rezende Moura,isabela.rezende.moura3401@email.com,Feminino,BR
3402,Francisco Ferreira Barbosa,francisco.ferreira.barbosa3402@email.com,Masculino,BR
3403,Bruna Ramos Ferreira,bruna.ramos.ferreira3403@email.com,Feminino,BR
3404,Fernando Monteiro Rocha,fernando.monteiro.rocha3404@email.com,Masculino,BR
3405,Beatriz Brito Monteiro,beatriz.brito.monteiro3405@email.com,Feminino,BR
3406,Gustavo Moura Ramos,gustavo.moura.ramos3406@email.com,Masculino,BR
3407,Leticia Duarte Costa,leticia.duarte.costa3407@email.com,Feminino,BR
3408,Rafael Pereira Oliveira,rafael.pereira.oliveira3408@email.com,Masculino,BR
3409,Aline Alves Barros,aline.alves.barros3409@email.com,Feminino,BR
3410,Guilherme Cunha Alves,guilherme.cunha.alves3410@email.com,Masculino,BR
3411,Bruna Siqueira Matos,bruna.siqueira.matos3411@email.com,Feminino,BR
3412,Sergio Torres Mendes,sergio.torres.mendes3412@email.com,Masculino,BR
3413,Sandra Mendes Fonseca,sandra.mendes.fonseca3413@email.com,Feminino,BR
3414,Bruno Macedo Barros,bruno.macedo.barros3414@email.com,Masculino,BR
3415,Ana Lima Pinheiro,ana.lima.pinheiro3415@email.com,Feminino,BR
3416,Caio Ribeiro Xavier,caio.ribeiro.xavier3416@email.com,Masculino,BR
3417,Vanessa Reis Moreira,vanessa.reis.moreira3417@email.com,Feminino,BR
3418,Carlos Ferreira Cunha,carlos.ferreira.cunha3418@email.com,Masculino,BR
3419,Raquel Cardoso Fonseca,raquel.cardoso.fonseca3419@email.com,Feminino,BR
3420,Caio Coelho Siqueira,caio.coelho.siqueira3420@email.com,Masculino,BR
3421,Jessica Guimaraes Fernandes,jessica.guimaraes.fernandes3421@email.com,Feminino,BR
3422,Henrique Teixeira Fernandes,henrique.teixeira.fernandes3422@email.com,Masculino,BR
3423,Vanessa Dias Ribeiro,vanessa.dias.ribeiro3423@email.com,Feminino,BR
3424,Bruno Pinheiro Tavares,bruno.pinheiro.tavares3424@email.com,Masculino,BR
3425,Adriana Brito Alves,adriana.brito.alves3425@email.com,Feminino,BR
3426,Guilherme Castro Santos,guilherme.castro.santos3426@email.com,Masculino,BR
3427,Maria Moreira Lima,maria.moreira.lima3427@email.com,Feminino,BR
3428,João Martins Vasconcelos,joão.martins.vasconcelos3428@email.com,Masculino,BR
3429,Thais Azevedo Nascimento,thais.azevedo.nascimento3429@email.com,Feminino,BR
3430,Leonardo Siqueira Pinheiro,leonardo.siqueira.pinheiro3430@email.com,Masculino,BR
3431,Claudia Matos Rezende,claudia.matos.rezende3431@email.com,Feminino,BR
3432,Leandro Guimaraes Torres,leandro.guimaraes.torres3432@email.com,Masculino,BR
3433,Andrea Campos Nascimento,andrea.campos.nascimento3433@email.com,Feminino,BR
3434,Leonardo Fernandes Monteiro,leonardo.fernandes.monteiro3434@email.com,Masculino,BR
3435,Camila Souza Souza,camila.souza.souza3435@email.com,Feminino,BR
3436,João Gomes Lima,joão.gomes.lima3436@email.com,Masculino,BR
3437,Ana Nascimento Gomes,ana.nascimento.gomes3437@email.com,Feminino,BR
3438,Pedro Dias Machado,pedro.dias.machado3438@email.com,Masculino,BR
3439,Isabela Vasconcelos Araujo,isabela.vasconcelos.araujo3439@email.com,Feminino,BR
3440,Guilherme Reis Morais,guilherme.reis.morais3440@email.com,Masculino,BR
3441,Gisele Gomes Ferreira,gisele.gomes.ferreira3441@email.com,Feminino,BR
3442,Leandro Macedo Azevedo,leandro.macedo.azevedo3442@email.com,Masculino,BR
3443,Isabela Machado Ramos,isabela.machado.ramos3443@email.com,Feminino,BR
3444,Pedro Lima Martins,pedro.lima.martins3444@email.com,Masculino,BR
3445,Isabela Pinheiro Nascimento,isabela.pinheiro.nascimento3445@email.com,Feminino,BR
3446,Renato Rezende Machado,renato.rezende.machado3446@email.com,Masculino,BR
3447,Ana Lopes Fonseca,ana.lopes.fonseca3447@email.com,Feminino,BR
3448,Gustavo Gomes Barbosa,gustavo.gomes.barbosa3448@email.com,Masculino,BR
3449,Eliane Reis Reis,eliane.reis.reis3449@email.com,Feminino,BR
3450,Leonardo Costa Teixeira,leonardo.costa.teixeira3450@email.com,Masculino,BR
3451,Maria Alves Morais,maria.alves.morais3451@email.com,Feminino,BR
3452,Guilherme Cunha Melo,guilherme.cunha.melo3452@email.com,Masculino,BR
3453,Pamela Pinheiro Fonseca,pamela.pinheiro.fonseca3453@email.com,Feminino,BR
3454,Wagner Matos Pires,wagner.matos.pires3454@email.com,Masculino,BR
3455,Leticia Oliveira Rezende,leticia.oliveira.rezende3455@email.com,Feminino,BR
3456,Leonardo Rezende Barros,leonardo.rezende.barros3456@email.com,Masculino,BR
3457,Rosana Matos Guimaraes,rosana.matos.guimaraes3457@email.com,Feminino,BR
3458,Antonio Carvalho Correia,antonio.carvalho.correia3458@email.com,Masculino,BR
3459,Fernanda Moura Santos,fernanda.moura.santos3459@email.com,Feminino,BR
3460,Guilherme Duarte Cardoso,guilherme.duarte.cardoso3460@email.com,Masculino,BR
3461,Tatiane Pereira Nunes,tatiane.pereira.nunes3461@email.com,Feminino,BR
3462,Matheus Machado Lima,matheus.machado.lima3462@email.com,Masculino,BR
3463,Pamela Guimaraes Vasconcelos,pamela.guimaraes.vasconcelos3463@email.com,Feminino,BR
3464,Paulo Lopes Nascimento,paulo.lopes.nascimento3464@email.com,Masculino,BR
3465,Luciana Santos Martins,luciana.santos.martins3465@email.com,Feminino,BR
3466,Rodrigo Matos Gomes,rodrigo.matos.gomes3466@email.com,Masculino,BR
3467,Thais Freitas Lopes,thais.freitas.lopes3467@email.com,Feminino,BR
3468,Eduardo Barros Carvalho,eduardo.barros.carvalho3468@email.com,Masculino,BR
3469,Rosana Brito Teixeira,rosana.brito.teixeira3469@email.com,Feminino,BR
3470,Wagner Melo Reis,wagner.melo.reis3470@email.com,Masculino,BR
3471,Bruna Souza Barbosa,bruna.souza.barbosa3471@email.com,Feminino,BR
3472,Alexandre Cunha Reis,alexandre.cunha.reis3472@email.com,Masculino,BR
3473,Carla Xavier Machado,carla.xavier.machado3473@email.com,Feminino,BR
3474,Thiago Guimaraes Dias,thiago.guimaraes.dias3474@email.com,Masculino,BR
3475,Leticia Nascimento Pinheiro,leticia.nascimento.pinheiro3475@email.com,Feminino,BR
3476,Bruno Siqueira Machado,bruno.siqueira.machado3476@email.com,Masculino,BR
3477,Beatriz Ribeiro Gomes,beatriz.ribeiro.gomes3477@email.com,Feminino,BR
3478,Thiago Tavares Rezende,thiago.tavares.rezende3478@email.com,Masculino,BR
3479,Amanda Xavier Cunha,amanda.xavier.cunha3479@email.com,Feminino,BR
3480,Antonio Monteiro Araujo,antonio.monteiro.araujo3480@email.com,Masculino,BR
3481,Tatiana Pires Costa,tatiana.pires.costa3481@email.com,Feminino,BR
3482,Pedro Freitas Mendes,pedro.freitas.mendes3482@email.com,Masculino,BR
3483,Sandra Brito Martins,sandra.brito.martins3483@email.com,Feminino,BR
3484,Daniel Torres Barros,daniel.torres.barros3484@email.com,Masculino,BR
3485,Juliana Fernandes Pereira,juliana.fernandes.pereira3485@email.com,Feminino,BR
3486,Igor Ramos Lima,igor.ramos.lima3486@email.com,Masculino,BR
3487,Andrea Carvalho Lima,andrea.carvalho.lima3487@email.com,Feminino,BR
3488,Rafael Carvalho Rezende,rafael.carvalho.rezende3488@email.com,Masculino,BR
3489,Adriana Teixeira Xavier,adriana.teixeira.xavier3489@email.com,Feminino,BR
3490,Paulo Macedo Oliveira,paulo.macedo.oliveira3490@email.com,Masculino,BR
3491,Tatiane Nunes Rocha,tatiane.nunes.rocha3491@email.com,Feminino,BR
3492,Jose Tavares Siqueira,jose.tavares.siqueira3492@email.com,Masculino,BR
3493,Amanda Correia Costa,amanda.correia.costa3493@email.com,Feminino,BR
3494,Renato Fernandes Azevedo,renato.fernandes.azevedo3494@email.com,Masculino,BR
3495,Larissa Alves Xavier,larissa.alves.xavier3495@email.com,Feminino,BR
3496,Cesar Guimaraes Xavier,cesar.guimaraes.xavier3496@email.com,Masculino,BR
3497,Amanda Torres Pires,amanda.torres.pires3497@email.com,Feminino,BR
3498,Carlos Barros Alves,carlos.barros.alves3498@email.com,Masculino,BR
3499,Mariana Morais Lima,mariana.morais.lima3499@email.com,Feminino,BR
3500,Marcos Campos Martins,marcos.campos.martins3500@email.com,Masculino,BR
3501,Leticia Correia Lopes,leticia.correia.lopes3501@email.com,Feminino,BR
3502,Jose Rezende Matos,jose.rezende.matos3502@email.com,Masculino,BR
3503,Amanda Rocha Vasconcelos,amanda.rocha.vasconcelos3503@email.com,Feminino,BR
3504,Fabio Teixeira Torres,fabio.teixeira.torres3504@email.com,Masculino,BR
3505,Beatriz Lima Melo,beatriz.lima.melo3505@email.com,Feminino,BR
3506,André Lopes Cunha,andré.lopes.cunha3506@email.com,Masculino,BR
3507,Maria Araujo Reis,maria.araujo.reis3507@email.com,Feminino,BR
3508,Fernando Teixeira Barbosa,fernando.teixeira.barbosa3508@email.com,Masculino,BR
3509,Aline Martins Ferreira,aline.martins.ferreira3509@email.com,Feminino,BR
3510,Vinicius Campos Correia,vinicius.campos.correia3510@email.com,Masculino,BR
3511,Bianca Campos Morais,bianca.campos.morais3511@email.com,Feminino,BR
3512,Gustavo Rocha Coelho,gustavo.rocha.coelho3512@email.com,Masculino,BR
3513,Fabiana Cunha Xavier,fabiana.cunha.xavier3513@email.com,Feminino,BR
3514,Eduardo Souza Fernandes,eduardo.souza.fernandes3514@email.com,Masculino,BR
3515,Luciana Cunha Cunha,luciana.cunha.cunha3515@email.com,Feminino,BR
3516,Caio Melo Moura,caio.melo.moura3516@email.com,Masculino,BR
3517,Carla Santos Lopes,carla.santos.lopes3517@email.com,Feminino,BR
3518,Rafael Macedo Silva,rafael.macedo.silva3518@email.com,Masculino,BR
3519,Fabiana Pereira Ferreira,fabiana.pereira.ferreira3519@email.com,Feminino,BR
3520,Igor Cardoso Moreira,igor.cardoso.moreira3520@email.com,Masculino,BR
3521,Mariana Ramos Costa,mariana.ramos.costa3521@email.com,Feminino,BR
3522,Leonardo Coelho Oliveira,leonardo.coelho.oliveira3522@email.com,Masculino,BR
3523,Isabela Duarte Costa,isabela.duarte.costa3523@email.com,Feminino,BR
3524,Francisco Barbosa Cunha,francisco.barbosa.cunha3524@email.com,Masculino,BR
3525,Carolina Brito Nascimento,carolina.brito.nascimento3525@email.com,Feminino,BR
3526,Rafael Monteiro Matos,rafael.monteiro.matos3526@email.com,Masculino,BR
3527,Simone Freitas Silva,simone.freitas.silva3527@email.com,Feminino,BR
3528,Vinicius Moura Guimaraes,vinicius.moura.guimaraes3528@email.com,Masculino,BR
3529,Isabela Nascimento Moreira,isabela.nascimento.moreira3529@email.com,Feminino,BR
3530,Renato Vasconcelos Dias,renato.vasconcelos.dias3530@email.com,Masculino,BR
3531,Gisele Guimaraes Xavier,gisele.guimaraes.xavier3531@email.com,Feminino,BR
3532,Cesar Vasconcelos Lopes,cesar.vasconcelos.lopes3532@email.com,Masculino,BR
3533,Sandra Fernandes Xavier,sandra.fernandes.xavier3533@email.com,Feminino,BR
3534,Leonardo Macedo Gomes,leonardo.macedo.gomes3534@email.com,Masculino,BR
3535,Raquel Ferreira Oliveira,raquel.ferreira.oliveira3535@email.com,Feminino,BR
3536,Marcelo Teixeira Rodrigues,marcelo.teixeira.rodrigues3536@email.com,Masculino,BR
3537,Beatriz Moura Castro,beatriz.moura.castro3537@email.com,Feminino,BR
3538,Rodrigo Dias Ferreira,rodrigo.dias.ferreira3538@email.com,Masculino,BR
3539,Aline Pires Monteiro,aline.pires.monteiro3539@email.com,Feminino,BR
3540,Francisco Teixeira Coelho,francisco.teixeira.coelho3540@email.com,Masculino,BR
3541,Mariana Santos Santos,mariana.santos.santos3541@email.com,Feminino,BR
3542,Marcelo Fonseca Mendes,marcelo.fonseca.mendes3542@email.com,Masculino,BR
3543,Priscila Reis Macedo,priscila.reis.macedo3543@email.com,Feminino,BR
3544,Leandro Matos Ramos,leandro.matos.ramos3544@email.com,Masculino,BR
3545,Aline Lima Matos,aline.lima.matos3545@email.com,Feminino,BR
3546,Roberto Reis Campos,roberto.reis.campos3546@email.com,Masculino,BR
3547,Adriana Morais Barros,adriana.morais.barros3547@email.com,Feminino,BR
3548,Paulo Lima Costa,paulo.lima.costa3548@email.com,Masculino,BR
3549,Larissa Lopes Monteiro,larissa.lopes.monteiro3549@email.com,Feminino,BR
3550,Sergio Pinheiro Silva,sergio.pinheiro.silva3550@email.com,Masculino,BR
3551,Bruna Teixeira Araujo,bruna.teixeira.araujo3551@email.com,Feminino,BR
3552,Mauricio Duarte Correia,mauricio.duarte.correia3552@email.com,Masculino,BR
3553,Gisele Melo Tavares,gisele.melo.tavares3553@email.com,Feminino,BR
3554,Eduardo Freitas Monteiro,eduardo.freitas.monteiro3554@email.com,Masculino,BR
3555,Leticia Siqueira Xavier,leticia.siqueira.xavier3555@email.com,Feminino,BR
3556,Sergio Brito Souza,sergio.brito.souza3556@email.com,Masculino,BR
3557,Daniela Moura Pinheiro,daniela.moura.pinheiro3557@email.com,Feminino,BR
3558,Gustavo Alves Cardoso,gustavo.alves.cardoso3558@email.com,Masculino,BR
3559,Fabiana Fonseca Gomes,fabiana.fonseca.gomes3559@email.com,Feminino,BR
3560,Fabio Azevedo Alves,fabio.azevedo.alves3560@email.com,Masculino,BR
3561,Isabela Correia Ramos,isabela.correia.ramos3561@email.com,Feminino,BR
3562,Matheus Ferreira Ferreira,matheus.ferreira.ferreira3562@email.com,Masculino,BR
3563,Fernanda Ramos Souza,fernanda.ramos.souza3563@email.com,Feminino,BR
3564,Fernando Dias Lopes,fernando.dias.lopes3564@email.com,Masculino,BR
3565,Patricia Campos Brito,patricia.campos.brito3565@email.com,Feminino,BR
3566,Francisco Moreira Fonseca,francisco.moreira.fonseca3566@email.com,Masculino,BR
3567,Tatiane Moura Macedo,tatiane.moura.macedo3567@email.com,Feminino,BR
3568,Leonardo Mendes Fonseca,leonardo.mendes.fonseca3568@email.com,Masculino,BR
3569,Pamela Morais Ramos,pamela.morais.ramos3569@email.com,Feminino,BR
3570,Renato Nascimento Rezende,renato.nascimento.rezende3570@email.com,Masculino,BR
3571,Bianca Torres Martins,bianca.torres.martins3571@email.com,Feminino,BR
3572,Rafael Barros Souza,rafael.barros.souza3572@email.com,Masculino,BR
3573,Pamela Correia Azevedo,pamela.correia.azevedo3573@email.com,Feminino,BR
3574,Gabriel Correia Barros,gabriel.correia.barros3574@email.com,Masculino,BR
3575,Fabiana Lima Nascimento,fabiana.lima.nascimento3575@email.com,Feminino,BR
3576,Marcos Azevedo Machado,marcos.azevedo.machado3576@email.com,Masculino,BR
3577,Juliana Pinheiro Martins,juliana.pinheiro.martins3577@email.com,Feminino,BR
3578,Rafael Campos Lima,rafael.campos.lima3578@email.com,Masculino,BR
3579,Claudia Melo Cunha,claudia.melo.cunha3579@email.com,Feminino,BR
3580,Felipe Lima Campos,felipe.lima.campos3580@email.com,Masculino,BR
3581,Eliane Barbosa Oliveira,eliane.barbosa.oliveira3581@email.com,Feminino,BR
3582,Francisco Rocha Lima,francisco.rocha.lima3582@email.com,Masculino,BR
3583,Carla Monteiro Campos,carla.monteiro.campos3583@email.com,Feminino,BR
3584,Leandro Barbosa Rezende,leandro.barbosa.rezende3584@email.com,Masculino,BR
3585,Ana Xavier Rocha,ana.xavier.rocha3585@email.com,Feminino,BR
3586,Rafael Xavier Fonseca,rafael.xavier.fonseca3586@email.com,Masculino,BR
3587,Bianca Costa Monteiro,bianca.costa.monteiro3587@email.com,Feminino,BR
3588,Rodrigo Dias Ribeiro,rodrigo.dias.ribeiro3588@email.com,Masculino,BR
3589,Pamela Silva Lima,pamela.silva.lima3589@email.com,Feminino,BR
3590,Rafael Freitas Pereira,rafael.freitas.pereira3590@email.com,Masculino,BR
3591,Juliana Cunha Machado,juliana.cunha.machado3591@email.com,Feminino,BR
3592,Sergio Monteiro Duarte,sergio.monteiro.duarte3592@email.com,Masculino,BR
3593,Jessica Teixeira Xavier,jessica.teixeira.xavier3593@email.com,Feminino,BR
3594,Alexandre Machado Reis,alexandre.machado.reis3594@email.com,Masculino,BR
3595,Claudia Souza Coelho,claudia.souza.coelho3595@email.com,Feminino,BR
3596,Gabriel Barros Morais,gabriel.barros.morais3596@email.com,Masculino,BR
3597,Bruna Coelho Lopes,bruna.coelho.lopes3597@email.com,Feminino,BR
3598,Renato Rocha Matos,renato.rocha.matos3598@email.com,Masculino,BR
3599,Simone Ferreira Fernandes,simone.ferreira.fernandes3599@email.com,Feminino,BR
3600,Cesar Siqueira Guimaraes,cesar.siqueira.guimaraes3600@email.com,Masculino,BR
3601,Bianca Rodrigues Carvalho,bianca.rodrigues.carvalho3601@email.com,Feminino,BR
3602,Leonardo Teixeira Castro,leonardo.teixeira.castro3602@email.com,Masculino,BR
3603,Juliana Siqueira Lopes,juliana.siqueira.lopes3603@email.com,Feminino,BR
3604,Vinicius Vasconcelos Ferreira,vinicius.vasconcelos.ferreira3604@email.com,Masculino,BR
3605,Mariana Correia Santos,mariana.correia.santos3605@email.com,Feminino,BR
3606,Sergio Morais Xavier,sergio.morais.xavier3606@email.com,Masculino,BR
3607,Raquel Pires Vasconcelos,raquel.pires.vasconcelos3607@email.com,Feminino,BR
3608,Felipe Vasconcelos Pires,felipe.vasconcelos.pires3608@email.com,Masculino,BR
3609,Camila Gomes Guimaraes,camila.gomes.guimaraes3609@email.com,Feminino,BR
3610,Marcelo Duarte Coelho,marcelo.duarte.coelho3610@email.com,Masculino,BR
3611,Fernanda Duarte Moura,fernanda.duarte.moura3611@email.com,Feminino,BR
3612,André Coelho Machado,andré.coelho.machado3612@email.com,Masculino,BR
3613,Aline Santos Lima,aline.santos.lima3613@email.com,Feminino,BR
3614,Marcelo Ribeiro Santos,marcelo.ribeiro.santos3614@email.com,Masculino,BR
3615,Sabrina Xavier Dias,sabrina.xavier.dias3615@email.com,Feminino,BR
3616,Gustavo Reis Correia,gustavo.reis.correia3616@email.com,Masculino,BR
3617,Rosana Lopes Ferreira,rosana.lopes.ferreira3617@email.com,Feminino,BR
3618,Marcelo Tavares Cardoso,marcelo.tavares.cardoso3618@email.com,Masculino,BR
3619,Carolina Fonseca Oliveira,carolina.fonseca.oliveira3619@email.com,Feminino,BR
3620,Antonio Santos Teixeira,antonio.santos.teixeira3620@email.com,Masculino,BR
3621,Luciana Ribeiro Cunha,luciana.ribeiro.cunha3621@email.com,Feminino,BR
3622,Pedro Moura Cardoso,pedro.moura.cardoso3622@email.com,Masculino,BR
3623,Daniela Mendes Ferreira,daniela.mendes.ferreira3623@email.com,Feminino,BR
3624,Felipe Alves Castro,felipe.alves.castro3624@email.com,Masculino,BR
3625,Mariana Barbosa Rocha,mariana.barbosa.rocha3625@email.com,Feminino,BR
3626,Daniel Mendes Macedo,daniel.mendes.macedo3626@email.com,Masculino,BR
3627,Camila Rocha Monteiro,camila.rocha.monteiro3627@email.com,Feminino,BR
3628,Matheus Brito Martins,matheus.brito.martins3628@email.com,Masculino,BR
3629,Fernanda Guimaraes Cardoso,fernanda.guimaraes.cardoso3629@email.com,Feminino,BR
3630,Daniel Santos Correia,daniel.santos.correia3630@email.com,Masculino,BR
3631,Fernanda Monteiro Rodrigues,fernanda.monteiro.rodrigues3631@email.com,Feminino,BR
3632,Lucas Cardoso Rocha,lucas.cardoso.rocha3632@email.com,Masculino,BR
3633,Bianca Cardoso Mendes,bianca.cardoso.mendes3633@email.com,Feminino,BR
3634,Alexandre Torres Lima,alexandre.torres.lima3634@email.com,Masculino,BR
3635,Fernanda Gomes Araujo,fernanda.gomes.araujo3635@email.com,Feminino,BR
3636,Wagner Fonseca Araujo,wagner.fonseca.araujo3636@email.com,Masculino,BR
3637,Pamela Barros Coelho,pamela.barros.coelho3637@email.com,Feminino,BR
3638,Jose Rodrigues Lima,jose.rodrigues.lima3638@email.com,Masculino,BR
3639,Sabrina Costa Cardoso,sabrina.costa.cardoso3639@email.com,Feminino,BR
3640,Caio Pires Cunha,caio.pires.cunha3640@email.com,Masculino,BR
3641,Patricia Machado Santos,patricia.machado.santos3641@email.com,Feminino,BR
3642,Matheus Morais Carvalho,matheus.morais.carvalho3642@email.com,Masculino,BR
3643,Ana Nunes Pires,ana.nunes.pires3643@email.com,Feminino,BR
3644,Mauricio Brito Alves,mauricio.brito.alves3644@email.com,Masculino,BR
3645,Priscila Coelho Pires,priscila.coelho.pires3645@email.com,Feminino,BR
3646,Gabriel Monteiro Duarte,gabriel.monteiro.duarte3646@email.com,Masculino,BR
3647,Bianca Lopes Ferreira,bianca.lopes.ferreira3647@email.com,Feminino,BR
3648,Jose Dias Xavier,jose.dias.xavier3648@email.com,Masculino,BR
3649,Isabela Campos Castro,isabela.campos.castro3649@email.com,Feminino,BR
3650,Thiago Xavier Araujo,thiago.xavier.araujo3650@email.com,Masculino,BR
3651,Gisele Ramos Pires,gisele.ramos.pires3651@email.com,Feminino,BR
3652,Renato Oliveira Silva,renato.oliveira.silva3652@email.com,Masculino,BR
3653,Bruna Reis Guimaraes,bruna.reis.guimaraes3653@email.com,Feminino,BR
3654,Rodrigo Vasconcelos Martins,rodrigo.vasconcelos.martins3654@email.com,Masculino,BR
3655,Maria Costa Machado,maria.costa.machado3655@email.com,Feminino,BR
3656,Vinicius Tavares Mendes,vinicius.tavares.mendes3656@email.com,Masculino,BR
3657,Daniela Freitas Reis,daniela.freitas.reis3657@email.com,Feminino,BR
3658,Marcos Fonseca Reis,marcos.fonseca.reis3658@email.com,Masculino,BR
3659,Aline Barbosa Oliveira,aline.barbosa.oliveira3659@email.com,Feminino,BR
3660,Thiago Pinheiro Castro,thiago.pinheiro.castro3660@email.com,Masculino,BR
3661,Eliane Pereira Monteiro,eliane.pereira.monteiro3661@email.com,Feminino,BR
3662,Bruno Moreira Nascimento,bruno.moreira.nascimento3662@email.com,Masculino,BR
3663,Larissa Reis Souza,larissa.reis.souza3663@email.com,Feminino,BR
3664,Rafael Nunes Ramos,rafael.nunes.ramos3664@email.com,Masculino,BR
3665,Tatiana Guimaraes Barros,tatiana.guimaraes.barros3665@email.com,Feminino,BR
3666,Diego Brito Teixeira,diego.brito.teixeira3666@email.com,Masculino,BR
3667,Adriana Coelho Correia,adriana.coelho.correia3667@email.com,Feminino,BR
3668,Renato Nunes Araujo,renato.nunes.araujo3668@email.com,Masculino,BR
3669,Simone Teixeira Dias,simone.teixeira.dias3669@email.com,Feminino,BR
3670,Caio Tavares Teixeira,caio.tavares.teixeira3670@email.com,Masculino,BR
3671,Ana Nascimento Souza,ana.nascimento.souza3671@email.com,Feminino,BR
3672,João Tavares Machado,joão.tavares.machado3672@email.com,Masculino,BR
3673,Maria Silva Brito,maria.silva.brito3673@email.com,Feminino,BR
3674,Daniel Cunha Pires,daniel.cunha.pires3674@email.com,Masculino,BR
3675,Pamela Coelho Moreira,pamela.coelho.moreira3675@email.com,Feminino,BR
3676,Marcelo Ferreira Xavier,marcelo.ferreira.xavier3676@email.com,Masculino,BR
3677,Patricia Castro Santos,patricia.castro.santos3677@email.com,Feminino,BR
3678,Renato Brito Lima,renato.brito.lima3678@email.com,Masculino,BR
3679,Sandra Torres Rodrigues,sandra.torres.rodrigues3679@email.com,Feminino,BR
3680,Wagner Freitas Rodrigues,wagner.freitas.rodrigues3680@email.com,Masculino,BR
3681,Vanessa Reis Macedo,vanessa.reis.macedo3681@email.com,Feminino,BR
3682,João Lima Azevedo,joão.lima.azevedo3682@email.com,Masculino,BR
3683,Carla Gomes Lopes,carla.gomes.lopes3683@email.com,Feminino,BR
3684,João Carvalho Pinheiro,joão.carvalho.pinheiro3684@email.com,Masculino,BR
3685,Ana Coelho Nunes,ana.coelho.nunes3685@email.com,Feminino,BR
3686,Paulo Gomes Ferreira,paulo.gomes.ferreira3686@email.com,Masculino,BR
3687,Andrea Morais Monteiro,andrea.morais.monteiro3687@email.com,Feminino,BR
3688,Eduardo Carvalho Rezende,eduardo.carvalho.rezende3688@email.com,Masculino,BR
3689,Carla Oliveira Nunes,carla.oliveira.nunes3689@email.com,Feminino,BR
3690,Antonio Correia Correia,antonio.correia.correia3690@email.com,Masculino,BR
3691,Claudia Dias Silva,claudia.dias.silva3691@email.com,Feminino,BR
3692,André Torres Morais,andré.torres.morais3692@email.com,Masculino,BR
3693,Carolina Lima Nunes,carolina.lima.nunes3693@email.com,Feminino,BR
3694,Sergio Barros Rezende,sergio.barros.rezende3694@email.com,Masculino,BR
3695,Mariana Pires Gomes,mariana.pires.gomes3695@email.com,Feminino,BR
3696,Sergio Brito Brito,sergio.brito.brito3696@email.com,Masculino,BR
3697,Claudia Duarte Ribeiro,claudia.duarte.ribeiro3697@email.com,Feminino,BR
3698,Ricardo Fonseca Souza,ricardo.fonseca.souza3698@email.com,Masculino,BR
3699,Patricia Souza Mendes,patricia.souza.mendes3699@email.com,Feminino,BR
3700,Sergio Melo Carvalho,sergio.melo.carvalho3700@email.com,Masculino,BR
3701,Fabiana Matos Xavier,fabiana.matos.xavier3701@email.com,Feminino,BR
3702,Vinicius Gomes Melo,vinicius.gomes.melo3702@email.com,Masculino,BR
3703,Ana Nascimento Brito,ana.nascimento.brito3703@email.com,Feminino,BR
3704,Marcelo Guimaraes Mendes,marcelo.guimaraes.mendes3704@email.com,Masculino,BR
3705,Tatiane Azevedo Silva,tatiane.azevedo.silva3705@email.com,Feminino,BR
3706,Guilherme Vasconcelos Brito,guilherme.vasconcelos.brito3706@email.com,Masculino,BR
3707,Fernanda Melo Cardoso,fernanda.melo.cardoso3707@email.com,Feminino,BR
3708,Guilherme Melo Cunha,guilherme.melo.cunha3708@email.com,Masculino,BR
3709,Sabrina Lima Brito,sabrina.lima.brito3709@email.com,Feminino,BR
3710,Francisco Azevedo Rezende,francisco.azevedo.rezende3710@email.com,Masculino,BR
3711,Carla Moura Coelho,carla.moura.coelho3711@email.com,Feminino,BR
3712,Carlos Matos Carvalho,carlos.matos.carvalho3712@email.com,Masculino,BR
3713,Fernanda Nunes Cunha,fernanda.nunes.cunha3713@email.com,Feminino,BR
3714,Marcelo Lopes Cardoso,marcelo.lopes.cardoso3714@email.com,Masculino,BR
3715,Maria Moreira Gomes,maria.moreira.gomes3715@email.com,Feminino,BR
3716,Igor Ferreira Duarte,igor.ferreira.duarte3716@email.com,Masculino,BR
3717,Ana Pinheiro Carvalho,ana.pinheiro.carvalho3717@email.com,Feminino,BR
3718,Guilherme Pereira Araujo,guilherme.pereira.araujo3718@email.com,Masculino,BR
3719,Renata Martins Teixeira,renata.martins.teixeira3719@email.com,Feminino,BR
3720,Leandro Pereira Morais,leandro.pereira.morais3720@email.com,Masculino,BR
3721,Amanda Santos Machado,amanda.santos.machado3721@email.com,Feminino,BR
3722,Guilherme Fernandes Santos,guilherme.fernandes.santos3722@email.com,Masculino,BR
3723,Rosana Fernandes Morais,rosana.fernandes.morais3723@email.com,Feminino,BR
3724,Igor Reis Mendes,igor.reis.mendes3724@email.com,Masculino,BR
3725,Priscila Alves Machado,priscila.alves.machado3725@email.com,Feminino,BR
3726,Gustavo Teixeira Reis,gustavo.teixeira.reis3726@email.com,Masculino,BR
3727,Fernanda Torres Teixeira,fernanda.torres.teixeira3727@email.com,Feminino,BR
3728,Francisco Xavier Araujo,francisco.xavier.araujo3728@email.com,Masculino,BR
3729,Patricia Macedo Tavares,patricia.macedo.tavares3729@email.com,Feminino,BR
3730,Cesar Lopes Coelho,cesar.lopes.coelho3730@email.com,Masculino,BR
3731,Amanda Morais Lopes,amanda.morais.lopes3731@email.com,Feminino,BR
3732,Mauricio Lima Ferreira,mauricio.lima.ferreira3732@email.com,Masculino,BR
3733,Fernanda Oliveira Rodrigues,fernanda.oliveira.rodrigues3733@email.com,Feminino,BR
3734,Diego Melo Nascimento,diego.melo.nascimento3734@email.com,Masculino,BR
3735,Patricia Xavier Souza,patricia.xavier.souza3735@email.com,Feminino,BR
3736,Roberto Fernandes Lopes,roberto.fernandes.lopes3736@email.com,Masculino,BR
3737,Fernanda Monteiro Guimaraes,fernanda.monteiro.guimaraes3737@email.com,Feminino,BR
3738,Guilherme Pereira Alves,guilherme.pereira.alves3738@email.com,Masculino,BR
3739,Fernanda Pires Costa,fernanda.pires.costa3739@email.com,Feminino,BR
3740,Rodrigo Melo Rodrigues,rodrigo.melo.rodrigues3740@email.com,Masculino,BR
3741,Carolina Alves Guimaraes,carolina.alves.guimaraes3741@email.com,Feminino,BR
3742,Matheus Carvalho Tavares,matheus.carvalho.tavares3742@email.com,Masculino,BR
3743,Andrea Silva Azevedo,andrea.silva.azevedo3743@email.com,Feminino,BR
3744,Alexandre Azevedo Xavier,alexandre.azevedo.xavier3744@email.com,Masculino,BR
3745,Luciana Guimaraes Guimaraes,luciana.guimaraes.guimaraes3745@email.com,Feminino,BR
3746,Lucas Teixeira Vasconcelos,lucas.teixeira.vasconcelos3746@email.com,Masculino,BR
3747,Ana Azevedo Moura,ana.azevedo.moura3747@email.com,Feminino,BR
3748,Igor Fonseca Gomes,igor.fonseca.gomes3748@email.com,Masculino,BR
3749,Amanda Alves Silva,amanda.alves.silva3749@email.com,Feminino,BR
3750,Wagner Correia Pereira,wagner.correia.pereira3750@email.com,Masculino,BR
3751,Rosana Xavier Reis,rosana.xavier.reis3751@email.com,Feminino,BR
3752,André Duarte Souza,andré.duarte.souza3752@email.com,Masculino,BR
3753,Aline Mendes Freitas,aline.mendes.freitas3753@email.com,Feminino,BR
3754,Matheus Machado Matos,matheus.machado.matos3754@email.com,Masculino,BR
3755,Andrea Lopes Ribeiro,andrea.lopes.ribeiro3755@email.com,Feminino,BR
3756,Gustavo Souza Fernandes,gustavo.souza.fernandes3756@email.com,Masculino,BR
3757,Juliana Costa Souza,juliana.costa.souza3757@email.com,Feminino,BR
3758,Leandro Fonseca Ramos,leandro.fonseca.ramos3758@email.com,Masculino,BR
3759,Aline Vasconcelos Coelho,aline.vasconcelos.coelho3759@email.com,Feminino,BR
3760,Paulo Monteiro Fonseca,paulo.monteiro.fonseca3760@email.com,Masculino,BR
3761,Gisele Macedo Rocha,gisele.macedo.rocha3761@email.com,Feminino,BR
3762,Rafael Machado Monteiro,rafael.machado.monteiro3762@email.com,Masculino,BR
3763,Claudia Teixeira Barbosa,claudia.teixeira.barbosa3763@email.com,Feminino,BR
3764,Fabio Silva Moura,fabio.silva.moura3764@email.com,Masculino,BR
3765,Rosana Siqueira Brito,rosana.siqueira.brito3765@email.com,Feminino,BR
3766,Rafael Costa Araujo,rafael.costa.araujo3766@email.com,Masculino,BR
3767,Aline Torres Reis,aline.torres.reis3767@email.com,Feminino,BR
3768,Rafael Melo Costa,rafael.melo.costa3768@email.com,Masculino,BR
3769,Luciana Freitas Gomes,luciana.freitas.gomes3769@email.com,Feminino,BR
3770,André Morais Gomes,andré.morais.gomes3770@email.com,Masculino,BR
3771,Patricia Teixeira Gomes,patricia.teixeira.gomes3771@email.com,Feminino,BR
3772,Fernando Nascimento Nascimento,fernando.nascimento.nascimento3772@email.com,Masculino,BR
3773,Bruna Tavares Nascimento,bruna.tavares.nascimento3773@email.com,Feminino,BR
3774,Igor Melo Fonseca,igor.melo.fonseca3774@email.com,Masculino,BR
3775,Eliane Teixeira Guimaraes,eliane.teixeira.guimaraes3775@email.com,Feminino,BR
3776,Leandro Cunha Teixeira,leandro.cunha.teixeira3776@email.com,Masculino,BR
3777,Mariana Alves Azevedo,mariana.alves.azevedo3777@email.com,Feminino,BR
3778,Carlos Rezende Carvalho,carlos.rezende.carvalho3778@email.com,Masculino,BR
3779,Maria Morais Carvalho,maria.morais.carvalho3779@email.com,Feminino,BR
3780,Eduardo Azevedo Guimaraes,eduardo.azevedo.guimaraes3780@email.com,Masculino,BR
3781,Tatiana Araujo Machado,tatiana.araujo.machado3781@email.com,Feminino,BR
3782,Igor Fernandes Pinheiro,igor.fernandes.pinheiro3782@email.com,Masculino,BR
3783,Daniela Dias Moreira,daniela.dias.moreira3783@email.com,Feminino,BR
3784,Daniel Torres Silva,daniel.torres.silva3784@email.com,Masculino,BR
3785,Carla Silva Pereira,carla.silva.pereira3785@email.com,Feminino,BR
3786,Paulo Santos Pires,paulo.santos.pires3786@email.com,Masculino,BR
3787,Larissa Rocha Barbosa,larissa.rocha.barbosa3787@email.com,Feminino,BR
3788,Renato Gomes Morais,renato.gomes.morais3788@email.com,Masculino,BR
3789,Rosana Coelho Campos,rosana.coelho.campos3789@email.com,Feminino,BR
3790,Carlos Santos Gomes,carlos.santos.gomes3790@email.com,Masculino,BR
3791,Renata Barbosa Ribeiro,renata.barbosa.ribeiro3791@email.com,Feminino,BR
3792,Eduardo Mendes Matos,eduardo.mendes.matos3792@email.com,Masculino,BR
3793,Vanessa Teixeira Melo,vanessa.teixeira.melo3793@email.com,Feminino,BR
3794,Rafael Araujo Ribeiro,rafael.araujo.ribeiro3794@email.com,Masculino,BR
3795,Renata Santos Ribeiro,renata.santos.ribeiro3795@email.com,Feminino,BR
3796,Henrique Alves Santos,henrique.alves.santos3796@email.com,Masculino,BR
3797,Beatriz Rodrigues Vasconcelos,beatriz.rodrigues.vasconcelos3797@email.com,Feminino,BR
3798,Felipe Teixeira Dias,felipe.teixeira.dias3798@email.com,Masculino,BR
3799,Raquel Azevedo Araujo,raquel.azevedo.araujo3799@email.com,Feminino,BR
3800,Fabio Fernandes Campos,fabio.fernandes.campos3800@email.com,Masculino,BR
3801,Mariana Moura Fernandes,mariana.moura.fernandes3801@email.com,Feminino,BR
3802,Cesar Ramos Correia,cesar.ramos.correia3802@email.com,Masculino,BR
3803,Patricia Lima Rocha,patricia.lima.rocha3803@email.com,Feminino,BR
3804,Gabriel Xavier Gomes,gabriel.xavier.gomes3804@email.com,Masculino,BR
3805,Renata Castro Rodrigues,renata.castro.rodrigues3805@email.com,Feminino,BR
3806,Fabio Cardoso Tavares,fabio.cardoso.tavares3806@email.com,Masculino,BR
3807,Luciana Morais Araujo,luciana.morais.araujo3807@email.com,Feminino,BR
3808,Carlos Coelho Guimaraes,carlos.coelho.guimaraes3808@email.com,Masculino,BR
3809,Rosana Gomes Melo,rosana.gomes.melo3809@email.com,Feminino,BR
3810,Marcelo Barbosa Xavier,marcelo.barbosa.xavier3810@email.com,Masculino,BR
3811,Isabela Cardoso Araujo,isabela.cardoso.araujo3811@email.com,Feminino,BR
3812,Roberto Morais Xavier,roberto.morais.xavier3812@email.com,Masculino,BR
3813,Sabrina Souza Melo,sabrina.souza.melo3813@email.com,Feminino,BR
3814,Jose Fonseca Rezende,jose.fonseca.rezende3814@email.com,Masculino,BR
3815,Tatiana Matos Ferreira,tatiana.matos.ferreira3815@email.com,Feminino,BR
3816,Fernando Xavier Siqueira,fernando.xavier.siqueira3816@email.com,Masculino,BR
3817,Andrea Pereira Martins,andrea.pereira.martins3817@email.com,Feminino,BR
3818,Jose Rodrigues Coelho,jose.rodrigues.coelho3818@email.com,Masculino,BR
3819,Aline Campos Rezende,aline.campos.rezende3819@email.com,Feminino,BR
3820,Francisco Azevedo Ribeiro,francisco.azevedo.ribeiro3820@email.com,Masculino,BR
3821,Simone Correia Campos,simone.correia.campos3821@email.com,Feminino,BR
3822,Francisco Nascimento Machado,francisco.nascimento.machado3822@email.com,Masculino,BR
3823,Pamela Machado Nunes,pamela.machado.nunes3823@email.com,Feminino,BR
3824,Mauricio Moreira Morais,mauricio.moreira.morais3824@email.com,Masculino,BR
3825,Rosana Vasconcelos Oliveira,rosana.vasconcelos.oliveira3825@email.com,Feminino,BR
3826,Marcos Carvalho Gomes,marcos.carvalho.gomes3826@email.com,Masculino,BR
3827,Jessica Araujo Moreira,jessica.araujo.moreira3827@email.com,Feminino,BR
3828,Marcos Monteiro Ramos,marcos.monteiro.ramos3828@email.com,Masculino,BR
3829,Daniela Duarte Martins,daniela.duarte.martins3829@email.com,Feminino,BR
3830,Fabio Mendes Pires,fabio.mendes.pires3830@email.com,Masculino,BR
3831,Camila Souza Coelho,camila.souza.coelho3831@email.com,Feminino,BR
3832,Bruno Barbosa Lopes,bruno.barbosa.lopes3832@email.com,Masculino,BR
3833,Fabiana Freitas Carvalho,fabiana.freitas.carvalho3833@email.com,Feminino,BR
3834,Mauricio Oliveira Azevedo,mauricio.oliveira.azevedo3834@email.com,Masculino,BR
3835,Aline Guimaraes Teixeira,aline.guimaraes.teixeira3835@email.com,Feminino,BR
3836,Guilherme Lopes Azevedo,guilherme.lopes.azevedo3836@email.com,Masculino,BR
3837,Luciana Cunha Campos,luciana.cunha.campos3837@email.com,Feminino,BR
3838,Antonio Cardoso Nunes,antonio.cardoso.nunes3838@email.com,Masculino,BR
3839,Daniela Santos Ribeiro,daniela.santos.ribeiro3839@email.com,Feminino,BR
3840,Renato Carvalho Mendes,renato.carvalho.mendes3840@email.com,Masculino,BR
3841,Patricia Freitas Ferreira,patricia.freitas.ferreira3841@email.com,Feminino,BR
3842,Rodrigo Reis Barros,rodrigo.reis.barros3842@email.com,Masculino,BR
3843,Aline Castro Vasconcelos,aline.castro.vasconcelos3843@email.com,Feminino,BR
3844,Bruno Xavier Nunes,bruno.xavier.nunes3844@email.com,Masculino,BR
3845,Cristina Alves Lima,cristina.alves.lima3845@email.com,Feminino,BR
3846,Ricardo Campos Oliveira,ricardo.campos.oliveira3846@email.com,Masculino,BR
3847,Gisele Gomes Teixeira,gisele.gomes.teixeira3847@email.com,Feminino,BR
3848,André Brito Teixeira,andré.brito.teixeira3848@email.com,Masculino,BR
3849,Adriana Monteiro Pinheiro,adriana.monteiro.pinheiro3849@email.com,Feminino,BR
3850,Vinicius Gomes Correia,vinicius.gomes.correia3850@email.com,Masculino,BR
3851,Claudia Souza Melo,claudia.souza.melo3851@email.com,Feminino,BR
3852,Marcelo Mendes Silva,marcelo.mendes.silva3852@email.com,Masculino,BR
3853,Raquel Barbosa Torres,raquel.barbosa.torres3853@email.com,Feminino,BR
3854,Paulo Xavier Moreira,paulo.xavier.moreira3854@email.com,Masculino,BR
3855,Carolina Torres Fonseca,carolina.torres.fonseca3855@email.com,Feminino,BR
3856,João Machado Vasconcelos,joão.machado.vasconcelos3856@email.com,Masculino,BR
3857,Aline Coelho Rocha,aline.coelho.rocha3857@email.com,Feminino,BR
3858,Leonardo Carvalho Carvalho,leonardo.carvalho.carvalho3858@email.com,Masculino,BR
3859,Tatiana Machado Carvalho,tatiana.machado.carvalho3859@email.com,Feminino,BR
3860,Francisco Fonseca Xavier,francisco.fonseca.xavier3860@email.com,Masculino,BR
3861,Tatiane Coelho Azevedo,tatiane.coelho.azevedo3861@email.com,Feminino,BR
3862,Caio Teixeira Xavier,caio.teixeira.xavier3862@email.com,Masculino,BR
3863,Camila Cardoso Melo,camila.cardoso.melo3863@email.com,Feminino,BR
3864,André Ramos Macedo,andré.ramos.macedo3864@email.com,Masculino,BR
3865,Bianca Dias Lopes,bianca.dias.lopes3865@email.com,Feminino,BR
3866,Renato Melo Pires,renato.melo.pires3866@email.com,Masculino,BR
3867,Ana Campos Souza,ana.campos.souza3867@email.com,Feminino,BR
3868,Sergio Souza Monteiro,sergio.souza.monteiro3868@email.com,Masculino,BR
3869,Maria Rezende Fernandes,maria.rezende.fernandes3869@email.com,Feminino,BR
3870,Paulo Teixeira Carvalho,paulo.teixeira.carvalho3870@email.com,Masculino,BR
3871,Bianca Ramos Brito,bianca.ramos.brito3871@email.com,Feminino,BR
3872,Leonardo Coelho Macedo,leonardo.coelho.macedo3872@email.com,Masculino,BR
3873,Gisele Monteiro Cardoso,gisele.monteiro.cardoso3873@email.com,Feminino,BR
3874,Mauricio Santos Duarte,mauricio.santos.duarte3874@email.com,Masculino,BR
3875,Juliana Souza Rocha,juliana.souza.rocha3875@email.com,Feminino,BR
3876,Igor Duarte Morais,igor.duarte.morais3876@email.com,Masculino,BR
3877,Claudia Tavares Duarte,claudia.tavares.duarte3877@email.com,Feminino,BR
3878,Leonardo Rodrigues Dias,leonardo.rodrigues.dias3878@email.com,Masculino,BR
3879,Carolina Pereira Castro,carolina.pereira.castro3879@email.com,Feminino,BR
3880,Alexandre Gomes Machado,alexandre.gomes.machado3880@email.com,Masculino,BR
3881,Amanda Teixeira Duarte,amanda.teixeira.duarte3881@email.com,Feminino,BR
3882,Renato Morais Monteiro,renato.morais.monteiro3882@email.com,Masculino,BR
3883,Camila Martins Alves,camila.martins.alves3883@email.com,Feminino,BR
3884,Rafael Ribeiro Oliveira,rafael.ribeiro.oliveira3884@email.com,Masculino,BR
3885,Claudia Rezende Santos,claudia.rezende.santos3885@email.com,Feminino,BR
3886,Daniel Gomes Pereira,daniel.gomes.pereira3886@email.com,Masculino,BR
3887,Daniela Barbosa Dias,daniela.barbosa.dias3887@email.com,Feminino,BR
3888,Eduardo Barbosa Siqueira,eduardo.barbosa.siqueira3888@email.com,Masculino,BR
3889,Fabiana Pereira Azevedo,fabiana.pereira.azevedo3889@email.com,Feminino,BR
3890,Roberto Campos Moura,roberto.campos.moura3890@email.com,Masculino,BR
3891,Maria Martins Cardoso,maria.martins.cardoso3891@email.com,Feminino,BR
3892,Matheus Moreira Martins,matheus.moreira.martins3892@email.com,Masculino,BR
3893,Larissa Souza Castro,larissa.souza.castro3893@email.com,Feminino,BR
3894,Matheus Machado Pinheiro,matheus.machado.pinheiro3894@email.com,Masculino,BR
3895,Patricia Rodrigues Dias,patricia.rodrigues.dias3895@email.com,Feminino,BR
3896,Gabriel Dias Monteiro,gabriel.dias.monteiro3896@email.com,Masculino,BR
3897,Luciana Torres Correia,luciana.torres.correia3897@email.com,Feminino,BR
3898,Fernando Martins Tavares,fernando.martins.tavares3898@email.com,Masculino,BR
3899,Eliane Monteiro Fonseca,eliane.monteiro.fonseca3899@email.com,Feminino,BR
3900,André Barros Correia,andré.barros.correia3900@email.com,Masculino,BR
3901,Bruna Nunes Gomes,bruna.nunes.gomes3901@email.com,Feminino,BR
3902,João Rocha Lopes,joão.rocha.lopes3902@email.com,Masculino,BR
3903,Patricia Torres Moreira,patricia.torres.moreira3903@email.com,Feminino,BR
3904,Wagner Fernandes Araujo,wagner.fernandes.araujo3904@email.com,Masculino,BR
3905,Fabiana Teixeira Duarte,fabiana.teixeira.duarte3905@email.com,Feminino,BR
3906,Antonio Azevedo Azevedo,antonio.azevedo.azevedo3906@email.com,Masculino,BR
3907,Eliane Oliveira Pinheiro,eliane.oliveira.pinheiro3907@email.com,Feminino,BR
3908,Bruno Barbosa Vasconcelos,bruno.barbosa.vasconcelos3908@email.com,Masculino,BR
3909,Bruna Freitas Nascimento,bruna.freitas.nascimento3909@email.com,Feminino,BR
3910,Leandro Moreira Guimaraes,leandro.moreira.guimaraes3910@email.com,Masculino,BR
3911,Vanessa Cunha Araujo,vanessa.cunha.araujo3911@email.com,Feminino,BR
3912,Daniel Guimaraes Matos,daniel.guimaraes.matos3912@email.com,Masculino,BR
3913,Luciana Azevedo Rodrigues,luciana.azevedo.rodrigues3913@email.com,Feminino,BR
3914,Daniel Nascimento Duarte,daniel.nascimento.duarte3914@email.com,Masculino,BR
3915,Amanda Moreira Nascimento,amanda.moreira.nascimento3915@email.com,Feminino,BR
3916,Carlos Araujo Martins,carlos.araujo.martins3916@email.com,Masculino,BR
3917,Sabrina Morais Castro,sabrina.morais.castro3917@email.com,Feminino,BR
3918,Rodrigo Siqueira Pereira,rodrigo.siqueira.pereira3918@email.com,Masculino,BR
3919,Tatiana Rezende Cunha,tatiana.rezende.cunha3919@email.com,Feminino,BR
3920,Rafael Lima Campos,rafael.lima.campos3920@email.com,Masculino,BR
3921,Patricia Coelho Alves,patricia.coelho.alves3921@email.com,Feminino,BR
3922,Jose Macedo Macedo,jose.macedo.macedo3922@email.com,Masculino,BR
3923,Simone Cunha Lopes,simone.cunha.lopes3923@email.com,Feminino,BR
3924,Thiago Mendes Dias,thiago.mendes.dias3924@email.com,Masculino,BR
3925,Aline Oliveira Azevedo,aline.oliveira.azevedo3925@email.com,Feminino,BR
3926,Pedro Pereira Morais,pedro.pereira.morais3926@email.com,Masculino,BR
3927,Bruna Rodrigues Teixeira,bruna.rodrigues.teixeira3927@email.com,Feminino,BR
3928,Leonardo Melo Gomes,leonardo.melo.gomes3928@email.com,Masculino,BR
3929,Carolina Oliveira Silva,carolina.oliveira.silva3929@email.com,Feminino,BR
3930,Henrique Lima Correia,henrique.lima.correia3930@email.com,Masculino,BR
3931,Beatriz Cardoso Siqueira,beatriz.cardoso.siqueira3931@email.com,Feminino,BR
3932,Caio Rezende Azevedo,caio.rezende.azevedo3932@email.com,Masculino,BR
3933,Patricia Ferreira Pires,patricia.ferreira.pires3933@email.com,Feminino,BR
3934,Gustavo Correia Lopes,gustavo.correia.lopes3934@email.com,Masculino,BR
3935,Beatriz Machado Torres,beatriz.machado.torres3935@email.com,Feminino,BR
3936,Vinicius Reis Martins,vinicius.reis.martins3936@email.com,Masculino,BR
3937,Mariana Reis Santos,mariana.reis.santos3937@email.com,Feminino,BR
3938,Wagner Alves Ribeiro,wagner.alves.ribeiro3938@email.com,Masculino,BR
3939,Leticia Lima Castro,leticia.lima.castro3939@email.com,Feminino,BR
3940,Leonardo Martins Pereira,leonardo.martins.pereira3940@email.com,Masculino,BR
3941,Maria Brito Nunes,maria.brito.nunes3941@email.com,Feminino,BR
3942,Rafael Lopes Freitas,rafael.lopes.freitas3942@email.com,Masculino,BR
3943,Vanessa Dias Correia,vanessa.dias.correia3943@email.com,Feminino,BR
3944,Carlos Brito Castro,carlos.brito.castro3944@email.com,Masculino,BR
3945,Tatiana Lopes Nascimento,tatiana.lopes.nascimento3945@email.com,Feminino,BR
3946,Roberto Reis Morais,roberto.reis.morais3946@email.com,Masculino,BR
3947,Fabiana Vasconcelos Siqueira,fabiana.vasconcelos.siqueira3947@email.com,Feminino,BR
3948,Lucas Rodrigues Nascimento,lucas.rodrigues.nascimento3948@email.com,Masculino,BR
3949,Raquel Lopes Costa,raquel.lopes.costa3949@email.com,Feminino,BR
3950,Wagner Silva Costa,wagner.silva.costa3950@email.com,Masculino,BR
3951,Daniela Macedo Gomes,daniela.macedo.gomes3951@email.com,Feminino,BR
3952,Gustavo Campos Araujo,gustavo.campos.araujo3952@email.com,Masculino,BR
3953,Renata Ferreira Santos,renata.ferreira.santos3953@email.com,Feminino,BR
3954,Matheus Santos Silva,matheus.santos.silva3954@email.com,Masculino,BR
3955,Monica Torres Gomes,monica.torres.gomes3955@email.com,Feminino,BR
3956,Ricardo Carvalho Alves,ricardo.carvalho.alves3956@email.com,Masculino,BR
3957,Mariana Matos Martins,mariana.matos.martins3957@email.com,Feminino,BR
3958,Carlos Cunha Barros,carlos.cunha.barros3958@email.com,Masculino,BR
3959,Amanda Torres Cardoso,amanda.torres.cardoso3959@email.com,Feminino,BR
3960,Diego Pires Morais,diego.pires.morais3960@email.com,Masculino,BR
3961,Renata Guimaraes Dias,renata.guimaraes.dias3961@email.com,Feminino,BR
3962,Marcelo Moreira Ramos,marcelo.moreira.ramos3962@email.com,Masculino,BR
3963,Larissa Carvalho Dias,larissa.carvalho.dias3963@email.com,Feminino,BR
3964,Lucas Freitas Cardoso,lucas.freitas.cardoso3964@email.com,Masculino,BR
3965,Vanessa Silva Moreira,vanessa.silva.moreira3965@email.com,Feminino,BR
3966,Diego Silva Rodrigues,diego.silva.rodrigues3966@email.com,Masculino,BR
3967,Tatiana Azevedo Carvalho,tatiana.azevedo.carvalho3967@email.com,Feminino,BR
3968,Ricardo Siqueira Torres,ricardo.siqueira.torres3968@email.com,Masculino,BR
3969,Sabrina Vasconcelos Guimaraes,sabrina.vasconcelos.guimaraes3969@email.com,Feminino,BR
3970,Fabio Oliveira Pereira,fabio.oliveira.pereira3970@email.com,Masculino,BR
3971,Tatiana Cunha Monteiro,tatiana.cunha.monteiro3971@email.com,Feminino,BR
3972,Wagner Rezende Alves,wagner.rezende.alves3972@email.com,Masculino,BR
3973,Gisele Xavier Melo,gisele.xavier.melo3973@email.com,Feminino,BR
3974,Sergio Martins Mendes,sergio.martins.mendes3974@email.com,Masculino,BR
3975,Amanda Tavares Cardoso,amanda.tavares.cardoso3975@email.com,Feminino,BR
3976,Alexandre Brito Macedo,alexandre.brito.macedo3976@email.com,Masculino,BR
3977,Beatriz Teixeira Ribeiro,beatriz.teixeira.ribeiro3977@email.com,Feminino,BR
3978,Diego Melo Siqueira,diego.melo.siqueira3978@email.com,Masculino,BR
3979,Thais Pereira Teixeira,thais.pereira.teixeira3979@email.com,Feminino,BR
3980,Pedro Tavares Fonseca,pedro.tavares.fonseca3980@email.com,Masculino,BR
3981,Jessica Rodrigues Barros,jessica.rodrigues.barros3981@email.com,Feminino,BR
3982,Eduardo Barros Fonseca,eduardo.barros.fonseca3982@email.com,Masculino,BR
3983,Maria Carvalho Santos,maria.carvalho.santos3983@email.com,Feminino,BR
3984,Cesar Coelho Lima,cesar.coelho.lima3984@email.com,Masculino,BR
3985,Raquel Araujo Pinheiro,raquel.araujo.pinheiro3985@email.com,Feminino,BR
3986,Guilherme Coelho Araujo,guilherme.coelho.araujo3986@email.com,Masculino,BR
3987,Andrea Ferreira Costa,andrea.ferreira.costa3987@email.com,Feminino,BR
3988,Gabriel Campos Rezende,gabriel.campos.rezende3988@email.com,Masculino,BR
3989,Leticia Gomes Rocha,leticia.gomes.rocha3989@email.com,Feminino,BR
3990,Alexandre Dias Vasconcelos,alexandre.dias.vasconcelos3990@email.com,Masculino,BR
3991,Juliana Araujo Matos,juliana.araujo.matos3991@email.com,Feminino,BR
3992,Wagner Lopes Pinheiro,wagner.lopes.pinheiro3992@email.com,Masculino,BR
3993,Monica Souza Nunes,monica.souza.nunes3993@email.com,Feminino,BR
3994,Diego Vasconcelos Xavier,diego.vasconcelos.xavier3994@email.com,Masculino,BR
3995,Juliana Moura Xavier,juliana.moura.xavier3995@email.com,Feminino,BR
3996,Matheus Vasconcelos Torres,matheus.vasconcelos.torres3996@email.com,Masculino,BR
3997,Leticia Coelho Santos,leticia.coelho.santos3997@email.com,Feminino,BR
3998,Eduardo Melo Matos,eduardo.melo.matos3998@email.com,Masculino,BR
3999,Monica Teixeira Araujo,monica.teixeira.araujo3999@email.com,Feminino,BR
4000,Marcos Castro Costa,marcos.castro.costa4000@email.com,Masculino,BR
4001,Priscila Fernandes Brito,priscila.fernandes.brito4001@email.com,Feminino,BR
4002,Eduardo Tavares Rodrigues,eduardo.tavares.rodrigues4002@email.com,Masculino,BR
4003,Fabiana Cardoso Ribeiro,fabiana.cardoso.ribeiro4003@email.com,Feminino,BR
4004,Renato Morais Silva,renato.morais.silva4004@email.com,Masculino,BR
4005,Patricia Rezende Pereira,patricia.rezende.pereira4005@email.com,Feminino,BR
4006,André Costa Morais,andré.costa.morais4006@email.com,Masculino,BR
4007,Isabela Dias Souza,isabela.dias.souza4007@email.com,Feminino,BR
4008,Bruno Ribeiro Fonseca,bruno.ribeiro.fonseca4008@email.com,Masculino,BR
4009,Tatiane Reis Xavier,tatiane.reis.xavier4009@email.com,Feminino,BR
4010,Marcos Araujo Barros,marcos.araujo.barros4010@email.com,Masculino,BR
4011,Camila Ramos Matos,camila.ramos.matos4011@email.com,Feminino,BR
4012,Caio Monteiro Martins,caio.monteiro.martins4012@email.com,Masculino,BR
4013,Renata Araujo Ramos,renata.araujo.ramos4013@email.com,Feminino,BR
4014,Daniel Tavares Araujo,daniel.tavares.araujo4014@email.com,Masculino,BR
4015,Raquel Barbosa Duarte,raquel.barbosa.duarte4015@email.com,Feminino,BR
4016,Renato Morais Gomes,renato.morais.gomes4016@email.com,Masculino,BR
4017,Sabrina Xavier Machado,sabrina.xavier.machado4017@email.com,Feminino,BR
4018,Bruno Campos Moreira,bruno.campos.moreira4018@email.com,Masculino,BR
4019,Daniela Martins Machado,daniela.martins.machado4019@email.com,Feminino,BR
4020,Renato Ramos Barros,renato.ramos.barros4020@email.com,Masculino,BR
4021,Andrea Pinheiro Ramos,andrea.pinheiro.ramos4021@email.com,Feminino,BR
4022,Rafael Torres Xavier,rafael.torres.xavier4022@email.com,Masculino,BR
4023,Thais Santos Coelho,thais.santos.coelho4023@email.com,Feminino,BR
4024,Alexandre Ramos Melo,alexandre.ramos.melo4024@email.com,Masculino,BR
4025,Camila Coelho Monteiro,camila.coelho.monteiro4025@email.com,Feminino,BR
4026,Wagner Castro Rocha,wagner.castro.rocha4026@email.com,Masculino,BR
4027,Tatiane Matos Ribeiro,tatiane.matos.ribeiro4027@email.com,Feminino,BR
4028,Henrique Rodrigues Azevedo,henrique.rodrigues.azevedo4028@email.com,Masculino,BR
4029,Raquel Azevedo Barbosa,raquel.azevedo.barbosa4029@email.com,Feminino,BR
4030,Alexandre Pires Tavares,alexandre.pires.tavares4030@email.com,Masculino,BR
4031,Thais Pereira Teixeira,thais.pereira.teixeira4031@email.com,Feminino,BR
4032,Gabriel Correia Machado,gabriel.correia.machado4032@email.com,Masculino,BR
4033,Renata Rocha Gomes,renata.rocha.gomes4033@email.com,Feminino,BR
4034,João Silva Barros,joão.silva.barros4034@email.com,Masculino,BR
4035,Carla Rezende Moreira,carla.rezende.moreira4035@email.com,Feminino,BR
4036,Matheus Moreira Pinheiro,matheus.moreira.pinheiro4036@email.com,Masculino,BR
4037,Carla Rodrigues Rezende,carla.rodrigues.rezende4037@email.com,Feminino,BR
4038,Leandro Vasconcelos Fonseca,leandro.vasconcelos.fonseca4038@email.com,Masculino,BR
4039,Patricia Cunha Oliveira,patricia.cunha.oliveira4039@email.com,Feminino,BR
4040,Felipe Rodrigues Duarte,felipe.rodrigues.duarte4040@email.com,Masculino,BR
4041,Mariana Gomes Coelho,mariana.gomes.coelho4041@email.com,Feminino,BR
4042,Guilherme Mendes Macedo,guilherme.mendes.macedo4042@email.com,Masculino,BR
4043,Sandra Barros Correia,sandra.barros.correia4043@email.com,Feminino,BR
4044,Antonio Morais Nascimento,antonio.morais.nascimento4044@email.com,Masculino,BR
4045,Carla Nascimento Costa,carla.nascimento.costa4045@email.com,Feminino,BR
4046,Alexandre Ramos Pinheiro,alexandre.ramos.pinheiro4046@email.com,Masculino,BR
4047,Priscila Araujo Machado,priscila.araujo.machado4047@email.com,Feminino,BR
4048,Carlos Torres Campos,carlos.torres.campos4048@email.com,Masculino,BR
4049,Ana Nascimento Siqueira,ana.nascimento.siqueira4049@email.com,Feminino,BR
4050,Rafael Mendes Tavares,rafael.mendes.tavares4050@email.com,Masculino,BR
4051,Bruna Brito Rocha,bruna.brito.rocha4051@email.com,Feminino,BR
4052,Henrique Araujo Tavares,henrique.araujo.tavares4052@email.com,Masculino,BR
4053,Rosana Siqueira Reis,rosana.siqueira.reis4053@email.com,Feminino,BR
4054,Thiago Silva Lima,thiago.silva.lima4054@email.com,Masculino,BR
4055,Camila Vasconcelos Correia,camila.vasconcelos.correia4055@email.com,Feminino,BR
4056,Alexandre Moreira Correia,alexandre.moreira.correia4056@email.com,Masculino,BR
4057,Rosana Ferreira Moura,rosana.ferreira.moura4057@email.com,Feminino,BR
4058,André Ramos Martins,andré.ramos.martins4058@email.com,Masculino,BR
4059,Luciana Mendes Nascimento,luciana.mendes.nascimento4059@email.com,Feminino,BR
4060,Leandro Barros Castro,leandro.barros.castro4060@email.com,Masculino,BR
4061,Daniela Fonseca Monteiro,daniela.fonseca.monteiro4061@email.com,Feminino,BR
4062,Matheus Coelho Matos,matheus.coelho.matos4062@email.com,Masculino,BR
4063,Camila Alves Morais,camila.alves.morais4063@email.com,Feminino,BR
4064,Sergio Macedo Fernandes,sergio.macedo.fernandes4064@email.com,Masculino,BR
4065,Sandra Torres Rocha,sandra.torres.rocha4065@email.com,Feminino,BR
4066,Vinicius Pinheiro Dias,vinicius.pinheiro.dias4066@email.com,Masculino,BR
4067,Carolina Nascimento Monteiro,carolina.nascimento.monteiro4067@email.com,Feminino,BR
4068,João Martins Torres,joão.martins.torres4068@email.com,Masculino,BR
4069,Pamela Silva Alves,pamela.silva.alves4069@email.com,Feminino,BR
4070,Ricardo Macedo Nascimento,ricardo.macedo.nascimento4070@email.com,Masculino,BR
4071,Bianca Moura Cunha,bianca.moura.cunha4071@email.com,Feminino,BR
4072,Rodrigo Matos Ramos,rodrigo.matos.ramos4072@email.com,Masculino,BR
4073,Mariana Ribeiro Campos,mariana.ribeiro.campos4073@email.com,Feminino,BR
4074,Daniel Correia Souza,daniel.correia.souza4074@email.com,Masculino,BR
4075,Renata Rezende Ribeiro,renata.rezende.ribeiro4075@email.com,Feminino,BR
4076,Jose Lima Lopes,jose.lima.lopes4076@email.com,Masculino,BR
4077,Eliane Torres Dias,eliane.torres.dias4077@email.com,Feminino,BR
4078,Daniel Gomes Costa,daniel.gomes.costa4078@email.com,Masculino,BR
4079,Vanessa Fernandes Coelho,vanessa.fernandes.coelho4079@email.com,Feminino,BR
4080,André Mendes Cunha,andré.mendes.cunha4080@email.com,Masculino,BR
4081,Jessica Morais Guimaraes,jessica.morais.guimaraes4081@email.com,Feminino,BR
4082,Lucas Morais Martins,lucas.morais.martins4082@email.com,Masculino,BR
4083,Camila Barbosa Ferreira,camila.barbosa.ferreira4083@email.com,Feminino,BR
4084,Alexandre Lima Nunes,alexandre.lima.nunes4084@email.com,Masculino,BR
4085,Patricia Teixeira Santos,patricia.teixeira.santos4085@email.com,Feminino,BR
4086,Mauricio Araujo Machado,mauricio.araujo.machado4086@email.com,Masculino,BR
4087,Pamela Brito Coelho,pamela.brito.coelho4087@email.com,Feminino,BR
4088,Lucas Silva Costa,lucas.silva.costa4088@email.com,Masculino,BR
4089,Sabrina Coelho Silva,sabrina.coelho.silva4089@email.com,Feminino,BR
4090,Mauricio Xavier Oliveira,mauricio.xavier.oliveira4090@email.com,Masculino,BR
4091,Amanda Dias Moura,amanda.dias.moura4091@email.com,Feminino,BR
4092,João Rodrigues Tavares,joão.rodrigues.tavares4092@email.com,Masculino,BR
4093,Fabiana Coelho Nunes,fabiana.coelho.nunes4093@email.com,Feminino,BR
4094,Antonio Machado Coelho,antonio.machado.coelho4094@email.com,Masculino,BR
4095,Monica Tavares Ramos,monica.tavares.ramos4095@email.com,Feminino,BR
4096,Igor Campos Brito,igor.campos.brito4096@email.com,Masculino,BR
4097,Monica Cardoso Torres,monica.cardoso.torres4097@email.com,Feminino,BR
4098,Gustavo Campos Siqueira,gustavo.campos.siqueira4098@email.com,Masculino,BR
4099,Carolina Rodrigues Guimaraes,carolina.rodrigues.guimaraes4099@email.com,Feminino,BR
4100,Roberto Freitas Teixeira,roberto.freitas.teixeira4100@email.com,Masculino,BR
4101,Amanda Silva Azevedo,amanda.silva.azevedo4101@email.com,Feminino,BR
4102,Leonardo Matos Reis,leonardo.matos.reis4102@email.com,Masculino,BR
4103,Beatriz Santos Tavares,beatriz.santos.tavares4103@email.com,Feminino,BR
4104,Felipe Moura Nunes,felipe.moura.nunes4104@email.com,Masculino,BR
4105,Priscila Campos Lopes,priscila.campos.lopes4105@email.com,Feminino,BR
4106,Cesar Brito Siqueira,cesar.brito.siqueira4106@email.com,Masculino,BR
4107,Thais Barros Cunha,thais.barros.cunha4107@email.com,Feminino,BR
4108,André Silva Morais,andré.silva.morais4108@email.com,Masculino,BR
4109,Simone Santos Morais,simone.santos.morais4109@email.com,Feminino,BR
4110,Fabio Oliveira Fernandes,fabio.oliveira.fernandes4110@email.com,Masculino,BR
4111,Simone Brito Lopes,simone.brito.lopes4111@email.com,Feminino,BR
4112,Eduardo Tavares Rezende,eduardo.tavares.rezende4112@email.com,Masculino,BR
4113,Carolina Pinheiro Guimaraes,carolina.pinheiro.guimaraes4113@email.com,Feminino,BR
4114,Bruno Freitas Ramos,bruno.freitas.ramos4114@email.com,Masculino,BR
4115,Thais Siqueira Melo,thais.siqueira.melo4115@email.com,Feminino,BR
4116,Lucas Matos Rodrigues,lucas.matos.rodrigues4116@email.com,Masculino,BR
4117,Leticia Tavares Gomes,leticia.tavares.gomes4117@email.com,Feminino,BR
4118,Rafael Moura Duarte,rafael.moura.duarte4118@email.com,Masculino,BR
4119,Aline Oliveira Souza,aline.oliveira.souza4119@email.com,Feminino,BR
4120,Antonio Xavier Ferreira,antonio.xavier.ferreira4120@email.com,Masculino,BR
4121,Raquel Reis Brito,raquel.reis.brito4121@email.com,Feminino,BR
4122,Rafael Azevedo Martins,rafael.azevedo.martins4122@email.com,Masculino,BR
4123,Jessica Lima Machado,jessica.lima.machado4123@email.com,Feminino,BR
4124,Marcelo Araujo Araujo,marcelo.araujo.araujo4124@email.com,Masculino,BR
4125,Tatiana Martins Coelho,tatiana.martins.coelho4125@email.com,Feminino,BR
4126,Bruno Alves Ramos,bruno.alves.ramos4126@email.com,Masculino,BR
4127,Ana Martins Cardoso,ana.martins.cardoso4127@email.com,Feminino,BR
4128,Alexandre Macedo Nunes,alexandre.macedo.nunes4128@email.com,Masculino,BR
4129,Cristina Matos Mendes,cristina.matos.mendes4129@email.com,Feminino,BR
4130,Fernando Siqueira Lima,fernando.siqueira.lima4130@email.com,Masculino,BR
4131,Beatriz Castro Morais,beatriz.castro.morais4131@email.com,Feminino,BR
4132,Antonio Ferreira Xavier,antonio.ferreira.xavier4132@email.com,Masculino,BR
4133,Monica Carvalho Duarte,monica.carvalho.duarte4133@email.com,Feminino,BR
4134,Wagner Pereira Vasconcelos,wagner.pereira.vasconcelos4134@email.com,Masculino,BR
4135,Monica Rodrigues Correia,monica.rodrigues.correia4135@email.com,Feminino,BR
4136,Alexandre Vasconcelos Vasconcelos,alexandre.vasconcelos.vasconcelos4136@email.com,Masculino,BR
4137,Tatiane Melo Ramos,tatiane.melo.ramos4137@email.com,Feminino,BR
4138,Eduardo Carvalho Mendes,eduardo.carvalho.mendes4138@email.com,Masculino,BR
4139,Larissa Barbosa Ferreira,larissa.barbosa.ferreira4139@email.com,Feminino,BR
4140,Felipe Ferreira Teixeira,felipe.ferreira.teixeira4140@email.com,Masculino,BR
4141,Rosana Gomes Pinheiro,rosana.gomes.pinheiro4141@email.com,Feminino,BR
4142,Felipe Duarte Campos,felipe.duarte.campos4142@email.com,Masculino,BR
4143,Beatriz Melo Cardoso,beatriz.melo.cardoso4143@email.com,Feminino,BR
4144,Alexandre Duarte Pinheiro,alexandre.duarte.pinheiro4144@email.com,Masculino,BR
4145,Maria Monteiro Costa,maria.monteiro.costa4145@email.com,Feminino,BR
4146,Mauricio Castro Gomes,mauricio.castro.gomes4146@email.com,Masculino,BR
4147,Daniela Ramos Cardoso,daniela.ramos.cardoso4147@email.com,Feminino,BR
4148,Fabio Fernandes Brito,fabio.fernandes.brito4148@email.com,Masculino,BR
4149,Beatriz Moura Siqueira,beatriz.moura.siqueira4149@email.com,Feminino,BR
4150,Wagner Fonseca Carvalho,wagner.fonseca.carvalho4150@email.com,Masculino,BR
4151,Amanda Moreira Silva,amanda.moreira.silva4151@email.com,Feminino,BR
4152,Marcelo Melo Azevedo,marcelo.melo.azevedo4152@email.com,Masculino,BR
4153,Simone Rocha Torres,simone.rocha.torres4153@email.com,Feminino,BR
4154,Rodrigo Reis Carvalho,rodrigo.reis.carvalho4154@email.com,Masculino,BR
4155,Pamela Brito Azevedo,pamela.brito.azevedo4155@email.com,Feminino,BR
4156,Rafael Tavares Barbosa,rafael.tavares.barbosa4156@email.com,Masculino,BR
4157,Isabela Pinheiro Siqueira,isabela.pinheiro.siqueira4157@email.com,Feminino,BR
4158,Carlos Tavares Cardoso,carlos.tavares.cardoso4158@email.com,Masculino,BR
4159,Raquel Barros Nascimento,raquel.barros.nascimento4159@email.com,Feminino,BR
4160,Felipe Nunes Melo,felipe.nunes.melo4160@email.com,Masculino,BR
4161,Eliane Machado Morais,eliane.machado.morais4161@email.com,Feminino,BR
4162,Marcos Rezende Barbosa,marcos.rezende.barbosa4162@email.com,Masculino,BR
4163,Daniela Costa Fernandes,daniela.costa.fernandes4163@email.com,Feminino,BR
4164,Igor Rocha Torres,igor.rocha.torres4164@email.com,Masculino,BR
4165,Tatiana Melo Matos,tatiana.melo.matos4165@email.com,Feminino,BR
4166,Eduardo Nascimento Pinheiro,eduardo.nascimento.pinheiro4166@email.com,Masculino,BR
4167,Fernanda Macedo Ribeiro,fernanda.macedo.ribeiro4167@email.com,Feminino,BR
4168,Antonio Matos Moreira,antonio.matos.moreira4168@email.com,Masculino,BR
4169,Raquel Torres Siqueira,raquel.torres.siqueira4169@email.com,Feminino,BR
4170,Thiago Santos Pires,thiago.santos.pires4170@email.com,Masculino,BR
4171,Carolina Teixeira Ramos,carolina.teixeira.ramos4171@email.com,Feminino,BR
4172,Fernando Freitas Coelho,fernando.freitas.coelho4172@email.com,Masculino,BR
4173,Carolina Moreira Pereira,carolina.moreira.pereira4173@email.com,Feminino,BR
4174,Francisco Matos Barbosa,francisco.matos.barbosa4174@email.com,Masculino,BR
4175,Leticia Nascimento Gomes,leticia.nascimento.gomes4175@email.com,Feminino,BR
4176,Rafael Moreira Alves,rafael.moreira.alves4176@email.com,Masculino,BR
4177,Beatriz Cardoso Coelho,beatriz.cardoso.coelho4177@email.com,Feminino,BR
4178,Mauricio Fernandes Costa,mauricio.fernandes.costa4178@email.com,Masculino,BR
4179,Raquel Azevedo Vasconcelos,raquel.azevedo.vasconcelos4179@email.com,Feminino,BR
4180,Thiago Duarte Souza,thiago.duarte.souza4180@email.com,Masculino,BR
4181,Jessica Nascimento Machado,jessica.nascimento.machado4181@email.com,Feminino,BR
4182,Rodrigo Rocha Dias,rodrigo.rocha.dias4182@email.com,Masculino,BR
4183,Tatiana Fernandes Pinheiro,tatiana.fernandes.pinheiro4183@email.com,Feminino,BR
4184,André Pinheiro Vasconcelos,andré.pinheiro.vasconcelos4184@email.com,Masculino,BR
4185,Maria Campos Matos,maria.campos.matos4185@email.com,Feminino,BR
4186,Sergio Alves Brito,sergio.alves.brito4186@email.com,Masculino,BR
4187,Isabela Rodrigues Ramos,isabela.rodrigues.ramos4187@email.com,Feminino,BR
4188,Thiago Costa Alves,thiago.costa.alves4188@email.com,Masculino,BR
4189,Sandra Machado Ribeiro,sandra.machado.ribeiro4189@email.com,Feminino,BR
4190,Roberto Lima Barros,roberto.lima.barros4190@email.com,Masculino,BR
4191,Monica Fonseca Ramos,monica.fonseca.ramos4191@email.com,Feminino,BR
4192,Rafael Morais Matos,rafael.morais.matos4192@email.com,Masculino,BR
4193,Carolina Araujo Oliveira,carolina.araujo.oliveira4193@email.com,Feminino,BR
4194,Felipe Araujo Moreira,felipe.araujo.moreira4194@email.com,Masculino,BR
4195,Pamela Monteiro Nascimento,pamela.monteiro.nascimento4195@email.com,Feminino,BR
4196,Wagner Ribeiro Vasconcelos,wagner.ribeiro.vasconcelos4196@email.com,Masculino,BR
4197,Daniela Macedo Nascimento,daniela.macedo.nascimento4197@email.com,Feminino,BR
4198,Bruno Macedo Azevedo,bruno.macedo.azevedo4198@email.com,Masculino,BR
4199,Daniela Nunes Morais,daniela.nunes.morais4199@email.com,Feminino,BR
4200,Renato Campos Silva,renato.campos.silva4200@email.com,Masculino,BR
4201,Larissa Lima Ferreira,larissa.lima.ferreira4201@email.com,Feminino,BR
4202,Felipe Rezende Vasconcelos,felipe.rezende.vasconcelos4202@email.com,Masculino,BR
4203,Aline Carvalho Santos,aline.carvalho.santos4203@email.com,Feminino,BR
4204,Mauricio Duarte Duarte,mauricio.duarte.duarte4204@email.com,Masculino,BR
4205,Thais Nunes Nascimento,thais.nunes.nascimento4205@email.com,Feminino,BR
4206,Lucas Xavier Fonseca,lucas.xavier.fonseca4206@email.com,Masculino,BR
4207,Vanessa Rodrigues Machado,vanessa.rodrigues.machado4207@email.com,Feminino,BR
4208,Guilherme Monteiro Duarte,guilherme.monteiro.duarte4208@email.com,Masculino,BR
4209,Beatriz Alves Cardoso,beatriz.alves.cardoso4209@email.com,Feminino,BR
4210,Ricardo Correia Xavier,ricardo.correia.xavier4210@email.com,Masculino,BR
4211,Gisele Ribeiro Moreira,gisele.ribeiro.moreira4211@email.com,Feminino,BR
4212,Pedro Moreira Pires,pedro.moreira.pires4212@email.com,Masculino,BR
4213,Gisele Xavier Fernandes,gisele.xavier.fernandes4213@email.com,Feminino,BR
4214,Francisco Rezende Pereira,francisco.rezende.pereira4214@email.com,Masculino,BR
4215,Fabiana Reis Fonseca,fabiana.reis.fonseca4215@email.com,Feminino,BR
4216,Marcelo Correia Torres,marcelo.correia.torres4216@email.com,Masculino,BR
4217,Larissa Coelho Coelho,larissa.coelho.coelho4217@email.com,Feminino,BR
4218,Marcos Siqueira Lima,marcos.siqueira.lima4218@email.com,Masculino,BR
4219,Vanessa Tavares Nascimento,vanessa.tavares.nascimento4219@email.com,Feminino,BR
4220,Daniel Silva Pires,daniel.silva.pires4220@email.com,Masculino,BR
4221,Jessica Fernandes Cardoso,jessica.fernandes.cardoso4221@email.com,Feminino,BR
4222,Felipe Oliveira Souza,felipe.oliveira.souza4222@email.com,Masculino,BR
4223,Eliane Dias Vasconcelos,eliane.dias.vasconcelos4223@email.com,Feminino,BR
4224,Thiago Ferreira Pires,thiago.ferreira.pires4224@email.com,Masculino,BR
4225,Adriana Melo Coelho,adriana.melo.coelho4225@email.com,Feminino,BR
4226,Carlos Ferreira Lima,carlos.ferreira.lima4226@email.com,Masculino,BR
4227,Aline Monteiro Campos,aline.monteiro.campos4227@email.com,Feminino,BR
4228,Marcelo Martins Ramos,marcelo.martins.ramos4228@email.com,Masculino,BR
4229,Maria Araujo Monteiro,maria.araujo.monteiro4229@email.com,Feminino,BR
4230,Carlos Moura Xavier,carlos.moura.xavier4230@email.com,Masculino,BR
4231,Leticia Siqueira Castro,leticia.siqueira.castro4231@email.com,Feminino,BR
4232,Renato Souza Duarte,renato.souza.duarte4232@email.com,Masculino,BR
4233,Pamela Nascimento Cardoso,pamela.nascimento.cardoso4233@email.com,Feminino,BR
4234,Francisco Freitas Tavares,francisco.freitas.tavares4234@email.com,Masculino,BR
4235,Gisele Barros Dias,gisele.barros.dias4235@email.com,Feminino,BR
4236,Lucas Siqueira Torres,lucas.siqueira.torres4236@email.com,Masculino,BR
4237,Juliana Araujo Oliveira,juliana.araujo.oliveira4237@email.com,Feminino,BR
4238,André Rocha Monteiro,andré.rocha.monteiro4238@email.com,Masculino,BR
4239,Tatiana Souza Tavares,tatiana.souza.tavares4239@email.com,Feminino,BR
4240,Rafael Dias Fonseca,rafael.dias.fonseca4240@email.com,Masculino,BR
4241,Sandra Nunes Souza,sandra.nunes.souza4241@email.com,Feminino,BR
4242,Cesar Ramos Pereira,cesar.ramos.pereira4242@email.com,Masculino,BR
4243,Tatiane Mendes Mendes,tatiane.mendes.mendes4243@email.com,Feminino,BR
4244,Alexandre Vasconcelos Martins,alexandre.vasconcelos.martins4244@email.com,Masculino,BR
4245,Carolina Azevedo Ferreira,carolina.azevedo.ferreira4245@email.com,Feminino,BR
4246,Henrique Brito Ramos,henrique.brito.ramos4246@email.com,Masculino,BR
4247,Isabela Castro Dias,isabela.castro.dias4247@email.com,Feminino,BR
4248,Ricardo Morais Matos,ricardo.morais.matos4248@email.com,Masculino,BR
4249,Sabrina Morais Nascimento,sabrina.morais.nascimento4249@email.com,Feminino,BR
4250,André Correia Campos,andré.correia.campos4250@email.com,Masculino,BR
4251,Eliane Siqueira Vasconcelos,eliane.siqueira.vasconcelos4251@email.com,Feminino,BR
4252,Jose Tavares Martins,jose.tavares.martins4252@email.com,Masculino,BR
4253,Bianca Torres Rocha,bianca.torres.rocha4253@email.com,Feminino,BR
4254,Diego Xavier Ramos,diego.xavier.ramos4254@email.com,Masculino,BR
4255,Daniela Santos Tavares,daniela.santos.tavares4255@email.com,Feminino,BR
4256,Gustavo Pereira Nunes,gustavo.pereira.nunes4256@email.com,Masculino,BR
4257,Larissa Castro Lima,larissa.castro.lima4257@email.com,Feminino,BR
4258,Rafael Cunha Pereira,rafael.cunha.pereira4258@email.com,Masculino,BR
4259,Monica Morais Ferreira,monica.morais.ferreira4259@email.com,Feminino,BR
4260,Fabio Teixeira Macedo,fabio.teixeira.macedo4260@email.com,Masculino,BR
4261,Sabrina Rocha Fernandes,sabrina.rocha.fernandes4261@email.com,Feminino,BR
4262,Eduardo Nunes Silva,eduardo.nunes.silva4262@email.com,Masculino,BR
4263,Amanda Rodrigues Carvalho,amanda.rodrigues.carvalho4263@email.com,Feminino,BR
4264,Alexandre Alves Xavier,alexandre.alves.xavier4264@email.com,Masculino,BR
4265,Larissa Ribeiro Moura,larissa.ribeiro.moura4265@email.com,Feminino,BR
4266,Leandro Fonseca Torres,leandro.fonseca.torres4266@email.com,Masculino,BR
4267,Pamela Alves Moura,pamela.alves.moura4267@email.com,Feminino,BR
4268,Paulo Nascimento Duarte,paulo.nascimento.duarte4268@email.com,Masculino,BR
4269,Leticia Pires Nunes,leticia.pires.nunes4269@email.com,Feminino,BR
4270,Wagner Alves Costa,wagner.alves.costa4270@email.com,Masculino,BR
4271,Mariana Cardoso Coelho,mariana.cardoso.coelho4271@email.com,Feminino,BR
4272,Alexandre Ribeiro Freitas,alexandre.ribeiro.freitas4272@email.com,Masculino,BR
4273,Gisele Pires Tavares,gisele.pires.tavares4273@email.com,Feminino,BR
4274,Leonardo Machado Fonseca,leonardo.machado.fonseca4274@email.com,Masculino,BR
4275,Beatriz Mendes Silva,beatriz.mendes.silva4275@email.com,Feminino,BR
4276,Jose Correia Rocha,jose.correia.rocha4276@email.com,Masculino,BR
4277,Beatriz Rocha Rodrigues,beatriz.rocha.rodrigues4277@email.com,Feminino,BR
4278,Sergio Pinheiro Nunes,sergio.pinheiro.nunes4278@email.com,Masculino,BR
4279,Fernanda Matos Morais,fernanda.matos.morais4279@email.com,Feminino,BR
4280,Fabio Correia Macedo,fabio.correia.macedo4280@email.com,Masculino,BR
4281,Priscila Brito Tavares,priscila.brito.tavares4281@email.com,Feminino,BR
4282,Matheus Correia Azevedo,matheus.correia.azevedo4282@email.com,Masculino,BR
4283,Vanessa Lopes Freitas,vanessa.lopes.freitas4283@email.com,Feminino,BR
4284,Caio Barros Barbosa,caio.barros.barbosa4284@email.com,Masculino,BR
4285,Sabrina Ramos Moura,sabrina.ramos.moura4285@email.com,Feminino,BR
4286,Eduardo Monteiro Morais,eduardo.monteiro.morais4286@email.com,Masculino,BR
4287,Camila Monteiro Cunha,camila.monteiro.cunha4287@email.com,Feminino,BR
4288,Diego Melo Ferreira,diego.melo.ferreira4288@email.com,Masculino,BR
4289,Camila Pereira Matos,camila.pereira.matos4289@email.com,Feminino,BR
4290,Gustavo Ferreira Martins,gustavo.ferreira.martins4290@email.com,Masculino,BR
4291,Eliane Costa Ferreira,eliane.costa.ferreira4291@email.com,Feminino,BR
4292,Rodrigo Pires Rezende,rodrigo.pires.rezende4292@email.com,Masculino,BR
4293,Maria Ramos Brito,maria.ramos.brito4293@email.com,Feminino,BR
4294,Jose Matos Souza,jose.matos.souza4294@email.com,Masculino,BR
4295,Thais Rezende Barros,thais.rezende.barros4295@email.com,Feminino,BR
4296,Marcelo Nascimento Lima,marcelo.nascimento.lima4296@email.com,Masculino,BR
4297,Carolina Silva Guimaraes,carolina.silva.guimaraes4297@email.com,Feminino,BR
4298,André Reis Pinheiro,andré.reis.pinheiro4298@email.com,Masculino,BR
4299,Maria Correia Ramos,maria.correia.ramos4299@email.com,Feminino,BR
4300,Marcelo Pinheiro Freitas,marcelo.pinheiro.freitas4300@email.com,Masculino,BR
4301,Priscila Pinheiro Siqueira,priscila.pinheiro.siqueira4301@email.com,Feminino,BR
4302,Francisco Brito Tavares,francisco.brito.tavares4302@email.com,Masculino,BR
4303,Juliana Tavares Lopes,juliana.tavares.lopes4303@email.com,Feminino,BR
4304,Thiago Brito Coelho,thiago.brito.coelho4304@email.com,Masculino,BR
4305,Fabiana Carvalho Ribeiro,fabiana.carvalho.ribeiro4305@email.com,Feminino,BR
4306,Ricardo Campos Reis,ricardo.campos.reis4306@email.com,Masculino,BR
4307,Beatriz Barros Freitas,beatriz.barros.freitas4307@email.com,Feminino,BR
4308,Roberto Ramos Rezende,roberto.ramos.rezende4308@email.com,Masculino,BR
4309,Daniela Martins Campos,daniela.martins.campos4309@email.com,Feminino,BR
4310,Felipe Teixeira Brito,felipe.teixeira.brito4310@email.com,Masculino,BR
4311,Priscila Reis Castro,priscila.reis.castro4311@email.com,Feminino,BR
4312,Felipe Barbosa Monteiro,felipe.barbosa.monteiro4312@email.com,Masculino,BR
4313,Thais Barbosa Mendes,thais.barbosa.mendes4313@email.com,Feminino,BR
4314,Marcos Silva Pinheiro,marcos.silva.pinheiro4314@email.com,Masculino,BR
4315,Eliane Moreira Dias,eliane.moreira.dias4315@email.com,Feminino,BR
4316,Leandro Vasconcelos Barros,leandro.vasconcelos.barros4316@email.com,Masculino,BR
4317,Juliana Azevedo Guimaraes,juliana.azevedo.guimaraes4317@email.com,Feminino,BR
4318,Antonio Costa Freitas,antonio.costa.freitas4318@email.com,Masculino,BR
4319,Maria Guimaraes Azevedo,maria.guimaraes.azevedo4319@email.com,Feminino,BR
4320,Igor Monteiro Freitas,igor.monteiro.freitas4320@email.com,Masculino,BR
4321,Amanda Silva Freitas,amanda.silva.freitas4321@email.com,Feminino,BR
4322,Daniel Moreira Freitas,daniel.moreira.freitas4322@email.com,Masculino,BR
4323,Maria Alves Ramos,maria.alves.ramos4323@email.com,Feminino,BR
4324,Antonio Gomes Ferreira,antonio.gomes.ferreira4324@email.com,Masculino,BR
4325,Fabiana Barros Rocha,fabiana.barros.rocha4325@email.com,Feminino,BR
4326,Matheus Lima Rezende,matheus.lima.rezende4326@email.com,Masculino,BR
4327,Maria Rocha Macedo,maria.rocha.macedo4327@email.com,Feminino,BR
4328,Henrique Carvalho Machado,henrique.carvalho.machado4328@email.com,Masculino,BR
4329,Carolina Campos Monteiro,carolina.campos.monteiro4329@email.com,Feminino,BR
4330,Fabio Ramos Ribeiro,fabio.ramos.ribeiro4330@email.com,Masculino,BR
4331,Gisele Fernandes Nunes,gisele.fernandes.nunes4331@email.com,Feminino,BR
4332,Lucas Lopes Siqueira,lucas.lopes.siqueira4332@email.com,Masculino,BR
4333,Jessica Martins Souza,jessica.martins.souza4333@email.com,Feminino,BR
4334,Paulo Pinheiro Ramos,paulo.pinheiro.ramos4334@email.com,Masculino,BR
4335,Maria Freitas Correia,maria.freitas.correia4335@email.com,Feminino,BR
4336,André Lima Gomes,andré.lima.gomes4336@email.com,Masculino,BR
4337,Leticia Oliveira Souza,leticia.oliveira.souza4337@email.com,Feminino,BR
4338,Leonardo Cunha Pinheiro,leonardo.cunha.pinheiro4338@email.com,Masculino,BR
4339,Monica Oliveira Martins,monica.oliveira.martins4339@email.com,Feminino,BR
4340,André Machado Siqueira,andré.machado.siqueira4340@email.com,Masculino,BR
4341,Sabrina Lima Cunha,sabrina.lima.cunha4341@email.com,Feminino,BR
4342,Antonio Pires Rezende,antonio.pires.rezende4342@email.com,Masculino,BR
4343,Beatriz Cardoso Coelho,beatriz.cardoso.coelho4343@email.com,Feminino,BR
4344,Leonardo Barros Matos,leonardo.barros.matos4344@email.com,Masculino,BR
4345,Daniela Souza Lima,daniela.souza.lima4345@email.com,Feminino,BR
4346,Lucas Xavier Santos,lucas.xavier.santos4346@email.com,Masculino,BR
4347,Beatriz Rocha Freitas,beatriz.rocha.freitas4347@email.com,Feminino,BR
4348,Jose Silva Macedo,jose.silva.macedo4348@email.com,Masculino,BR
4349,Priscila Costa Brito,priscila.costa.brito4349@email.com,Feminino,BR
4350,Igor Ramos Tavares,igor.ramos.tavares4350@email.com,Masculino,BR
4351,Maria Ramos Machado,maria.ramos.machado4351@email.com,Feminino,BR
4352,Rodrigo Barbosa Rezende,rodrigo.barbosa.rezende4352@email.com,Masculino,BR
4353,Camila Coelho Ramos,camila.coelho.ramos4353@email.com,Feminino,BR
4354,Gustavo Guimaraes Rocha,gustavo.guimaraes.rocha4354@email.com,Masculino,BR
4355,Aline Ribeiro Araujo,aline.ribeiro.araujo4355@email.com,Feminino,BR
4356,Vinicius Macedo Lima,vinicius.macedo.lima4356@email.com,Masculino,BR
4357,Adriana Nascimento Araujo,adriana.nascimento.araujo4357@email.com,Feminino,BR
4358,Guilherme Gomes Machado,guilherme.gomes.machado4358@email.com,Masculino,BR
4359,Amanda Nascimento Matos,amanda.nascimento.matos4359@email.com,Feminino,BR
4360,Jose Guimaraes Ribeiro,jose.guimaraes.ribeiro4360@email.com,Masculino,BR
4361,Renata Melo Fonseca,renata.melo.fonseca4361@email.com,Feminino,BR
4362,Rafael Carvalho Lima,rafael.carvalho.lima4362@email.com,Masculino,BR
4363,Beatriz Moreira Oliveira,beatriz.moreira.oliveira4363@email.com,Feminino,BR
4364,Vinicius Gomes Rocha,vinicius.gomes.rocha4364@email.com,Masculino,BR
4365,Luciana Santos Guimaraes,luciana.santos.guimaraes4365@email.com,Feminino,BR
4366,André Ferreira Costa,andré.ferreira.costa4366@email.com,Masculino,BR
4367,Daniela Cunha Moura,daniela.cunha.moura4367@email.com,Feminino,BR
4368,Leandro Nascimento Morais,leandro.nascimento.morais4368@email.com,Masculino,BR
4369,Cristina Carvalho Teixeira,cristina.carvalho.teixeira4369@email.com,Feminino,BR
4370,Guilherme Machado Costa,guilherme.machado.costa4370@email.com,Masculino,BR
4371,Aline Ramos Vasconcelos,aline.ramos.vasconcelos4371@email.com,Feminino,BR
4372,Roberto Monteiro Lima,roberto.monteiro.lima4372@email.com,Masculino,BR
4373,Sabrina Campos Nunes,sabrina.campos.nunes4373@email.com,Feminino,BR
4374,Paulo Correia Cunha,paulo.correia.cunha4374@email.com,Masculino,BR
4375,Priscila Cardoso Costa,priscila.cardoso.costa4375@email.com,Feminino,BR
4376,Daniel Oliveira Silva,daniel.oliveira.silva4376@email.com,Masculino,BR
4377,Fernanda Siqueira Pinheiro,fernanda.siqueira.pinheiro4377@email.com,Feminino,BR
4378,Diego Dias Barbosa,diego.dias.barbosa4378@email.com,Masculino,BR
4379,Thais Nunes Tavares,thais.nunes.tavares4379@email.com,Feminino,BR
4380,Lucas Ramos Ribeiro,lucas.ramos.ribeiro4380@email.com,Masculino,BR
4381,Adriana Rezende Campos,adriana.rezende.campos4381@email.com,Feminino,BR
4382,Igor Monteiro Lima,igor.monteiro.lima4382@email.com,Masculino,BR
4383,Amanda Siqueira Silva,amanda.siqueira.silva4383@email.com,Feminino,BR
4384,Rafael Macedo Souza,rafael.macedo.souza4384@email.com,Masculino,BR
4385,Monica Campos Pinheiro,monica.campos.pinheiro4385@email.com,Feminino,BR
4386,Fabio Pinheiro Macedo,fabio.pinheiro.macedo4386@email.com,Masculino,BR
4387,Rosana Moura Tavares,rosana.moura.tavares4387@email.com,Feminino,BR
4388,Fabio Araujo Vasconcelos,fabio.araujo.vasconcelos4388@email.com,Masculino,BR
4389,Sabrina Dias Fonseca,sabrina.dias.fonseca4389@email.com,Feminino,BR
4390,Alexandre Ferreira Alves,alexandre.ferreira.alves4390@email.com,Masculino,BR
4391,Beatriz Morais Pinheiro,beatriz.morais.pinheiro4391@email.com,Feminino,BR
4392,Wagner Lima Oliveira,wagner.lima.oliveira4392@email.com,Masculino,BR
4393,Rosana Vasconcelos Torres,rosana.vasconcelos.torres4393@email.com,Feminino,BR
4394,André Gomes Correia,andré.gomes.correia4394@email.com,Masculino,BR
4395,Jessica Alves Pereira,jessica.alves.pereira4395@email.com,Feminino,BR
4396,Marcelo Guimaraes Teixeira,marcelo.guimaraes.teixeira4396@email.com,Masculino,BR
4397,Raquel Matos Machado,raquel.matos.machado4397@email.com,Feminino,BR
4398,André Castro Matos,andré.castro.matos4398@email.com,Masculino,BR
4399,Isabela Oliveira Souza,isabela.oliveira.souza4399@email.com,Feminino,BR
4400,André Cunha Pires,andré.cunha.pires4400@email.com,Masculino,BR
4401,Adriana Coelho Melo,adriana.coelho.melo4401@email.com,Feminino,BR
4402,Rafael Freitas Campos,rafael.freitas.campos4402@email.com,Masculino,BR
4403,Jessica Morais Correia,jessica.morais.correia4403@email.com,Feminino,BR
4404,Felipe Ramos Pereira,felipe.ramos.pereira4404@email.com,Masculino,BR
4405,Thais Cunha Moura,thais.cunha.moura4405@email.com,Feminino,BR
4406,Jose Xavier Santos,jose.xavier.santos4406@email.com,Masculino,BR
4407,Mariana Tavares Nunes,mariana.tavares.nunes4407@email.com,Feminino,BR
4408,Gabriel Barbosa Oliveira,gabriel.barbosa.oliveira4408@email.com,Masculino,BR
4409,Eliane Costa Xavier,eliane.costa.xavier4409@email.com,Feminino,BR
4410,André Pinheiro Torres,andré.pinheiro.torres4410@email.com,Masculino,BR
4411,Carolina Rezende Brito,carolina.rezende.brito4411@email.com,Feminino,BR
4412,Marcelo Barros Pereira,marcelo.barros.pereira4412@email.com,Masculino,BR
4413,Mariana Lopes Coelho,mariana.lopes.coelho4413@email.com,Feminino,BR
4414,Jose Rodrigues Pires,jose.rodrigues.pires4414@email.com,Masculino,BR
4415,Daniela Moreira Tavares,daniela.moreira.tavares4415@email.com,Feminino,BR
4416,Vinicius Dias Ribeiro,vinicius.dias.ribeiro4416@email.com,Masculino,BR
4417,Maria Martins Duarte,maria.martins.duarte4417@email.com,Feminino,BR
4418,Marcos Fonseca Nascimento,marcos.fonseca.nascimento4418@email.com,Masculino,BR
4419,Maria Xavier Barros,maria.xavier.barros4419@email.com,Feminino,BR
4420,Caio Barros Correia,caio.barros.correia4420@email.com,Masculino,BR
4421,Fabiana Mendes Monteiro,fabiana.mendes.monteiro4421@email.com,Feminino,BR
4422,Eduardo Barbosa Correia,eduardo.barbosa.correia4422@email.com,Masculino,BR
4423,Sabrina Pires Lima,sabrina.pires.lima4423@email.com,Feminino,BR
4424,Thiago Carvalho Oliveira,thiago.carvalho.oliveira4424@email.com,Masculino,BR
4425,Gisele Araujo Barbosa,gisele.araujo.barbosa4425@email.com,Feminino,BR
4426,Carlos Morais Rocha,carlos.morais.rocha4426@email.com,Masculino,BR
4427,Sabrina Souza Nunes,sabrina.souza.nunes4427@email.com,Feminino,BR
4428,Roberto Vasconcelos Araujo,roberto.vasconcelos.araujo4428@email.com,Masculino,BR
4429,Tatiana Castro Lima,tatiana.castro.lima4429@email.com,Feminino,BR
4430,João Vasconcelos Freitas,joão.vasconcelos.freitas4430@email.com,Masculino,BR
4431,Claudia Campos Cardoso,claudia.campos.cardoso4431@email.com,Feminino,BR
4432,Bruno Correia Pires,bruno.correia.pires4432@email.com,Masculino,BR
4433,Adriana Matos Souza,adriana.matos.souza4433@email.com,Feminino,BR
4434,Matheus Guimaraes Barbosa,matheus.guimaraes.barbosa4434@email.com,Masculino,BR
4435,Simone Costa Morais,simone.costa.morais4435@email.com,Feminino,BR
4436,João Torres Freitas,joão.torres.freitas4436@email.com,Masculino,BR
4437,Cristina Matos Nunes,cristina.matos.nunes4437@email.com,Feminino,BR
4438,Daniel Mendes Santos,daniel.mendes.santos4438@email.com,Masculino,BR
4439,Gisele Siqueira Macedo,gisele.siqueira.macedo4439@email.com,Feminino,BR
4440,Mauricio Alves Matos,mauricio.alves.matos4440@email.com,Masculino,BR
4441,Daniela Vasconcelos Mendes,daniela.vasconcelos.mendes4441@email.com,Feminino,BR
4442,Wagner Pires Dias,wagner.pires.dias4442@email.com,Masculino,BR
4443,Jessica Carvalho Cardoso,jessica.carvalho.cardoso4443@email.com,Feminino,BR
4444,Vinicius Dias Fonseca,vinicius.dias.fonseca4444@email.com,Masculino,BR
4445,Carolina Rocha Lopes,carolina.rocha.lopes4445@email.com,Feminino,BR
4446,Eduardo Matos Matos,eduardo.matos.matos4446@email.com,Masculino,BR
4447,Luciana Campos Rocha,luciana.campos.rocha4447@email.com,Feminino,BR
4448,Fernando Ferreira Rezende,fernando.ferreira.rezende4448@email.com,Masculino,BR
4449,Vanessa Azevedo Ribeiro,vanessa.azevedo.ribeiro4449@email.com,Feminino,BR
4450,Daniel Gomes Duarte,daniel.gomes.duarte4450@email.com,Masculino,BR
4451,Pamela Matos Ribeiro,pamela.matos.ribeiro4451@email.com,Feminino,BR
4452,Rodrigo Santos Monteiro,rodrigo.santos.monteiro4452@email.com,Masculino,BR
4453,Mariana Ribeiro Torres,mariana.ribeiro.torres4453@email.com,Feminino,BR
4454,Leonardo Brito Tavares,leonardo.brito.tavares4454@email.com,Masculino,BR
4455,Renata Pereira Rocha,renata.pereira.rocha4455@email.com,Feminino,BR
4456,Ricardo Ramos Araujo,ricardo.ramos.araujo4456@email.com,Masculino,BR
4457,Bruna Vasconcelos Moreira,bruna.vasconcelos.moreira4457@email.com,Feminino,BR
4458,Lucas Matos Moura,lucas.matos.moura4458@email.com,Masculino,BR
4459,Beatriz Matos Coelho,beatriz.matos.coelho4459@email.com,Feminino,BR
4460,João Tavares Alves,joão.tavares.alves4460@email.com,Masculino,BR
4461,Daniela Rodrigues Santos,daniela.rodrigues.santos4461@email.com,Feminino,BR
4462,Felipe Torres Silva,felipe.torres.silva4462@email.com,Masculino,BR
4463,Juliana Souza Araujo,juliana.souza.araujo4463@email.com,Feminino,BR
4464,Bruno Nunes Rocha,bruno.nunes.rocha4464@email.com,Masculino,BR
4465,Claudia Silva Xavier,claudia.silva.xavier4465@email.com,Feminino,BR
4466,João Xavier Alves,joão.xavier.alves4466@email.com,Masculino,BR
4467,Gisele Pinheiro Torres,gisele.pinheiro.torres4467@email.com,Feminino,BR
4468,Igor Melo Correia,igor.melo.correia4468@email.com,Masculino,BR
4469,Camila Gomes Souza,camila.gomes.souza4469@email.com,Feminino,BR
4470,Fernando Coelho Duarte,fernando.coelho.duarte4470@email.com,Masculino,BR
4471,Jessica Torres Martins,jessica.torres.martins4471@email.com,Feminino,BR
4472,Leandro Teixeira Machado,leandro.teixeira.machado4472@email.com,Masculino,BR
4473,Isabela Araujo Costa,isabela.araujo.costa4473@email.com,Feminino,BR
4474,Marcelo Nascimento Nunes,marcelo.nascimento.nunes4474@email.com,Masculino,BR
4475,Gisele Lima Santos,gisele.lima.santos4475@email.com,Feminino,BR
4476,Carlos Alves Castro,carlos.alves.castro4476@email.com,Masculino,BR
4477,Leticia Alves Barros,leticia.alves.barros4477@email.com,Feminino,BR
4478,Matheus Rocha Silva,matheus.rocha.silva4478@email.com,Masculino,BR
4479,Cristina Santos Carvalho,cristina.santos.carvalho4479@email.com,Feminino,BR
4480,Guilherme Rodrigues Rocha,guilherme.rodrigues.rocha4480@email.com,Masculino,BR
4481,Sandra Vasconcelos Barbosa,sandra.vasconcelos.barbosa4481@email.com,Feminino,BR
4482,Eduardo Brito Rodrigues,eduardo.brito.rodrigues4482@email.com,Masculino,BR
4483,Larissa Rezende Martins,larissa.rezende.martins4483@email.com,Feminino,BR
4484,Felipe Carvalho Alves,felipe.carvalho.alves4484@email.com,Masculino,BR
4485,Leticia Freitas Pereira,leticia.freitas.pereira4485@email.com,Feminino,BR
4486,Cesar Teixeira Lima,cesar.teixeira.lima4486@email.com,Masculino,BR
4487,Carla Ferreira Oliveira,carla.ferreira.oliveira4487@email.com,Feminino,BR
4488,Wagner Rocha Ribeiro,wagner.rocha.ribeiro4488@email.com,Masculino,BR
4489,Luciana Moura Teixeira,luciana.moura.teixeira4489@email.com,Feminino,BR
4490,Wagner Ribeiro Brito,wagner.ribeiro.brito4490@email.com,Masculino,BR
4491,Luciana Rocha Siqueira,luciana.rocha.siqueira4491@email.com,Feminino,BR
4492,Leandro Guimaraes Torres,leandro.guimaraes.torres4492@email.com,Masculino,BR
4493,Leticia Freitas Alves,leticia.freitas.alves4493@email.com,Feminino,BR
4494,Vinicius Rezende Siqueira,vinicius.rezende.siqueira4494@email.com,Masculino,BR
4495,Carla Mendes Fernandes,carla.mendes.fernandes4495@email.com,Feminino,BR
4496,Ricardo Xavier Silva,ricardo.xavier.silva4496@email.com,Masculino,BR
4497,Isabela Macedo Vasconcelos,isabela.macedo.vasconcelos4497@email.com,Feminino,BR
4498,Rafael Cardoso Rocha,rafael.cardoso.rocha4498@email.com,Masculino,BR
4499,Daniela Lopes Matos,daniela.lopes.matos4499@email.com,Feminino,BR
4500,Fernando Torres Pereira,fernando.torres.pereira4500@email.com,Masculino,BR
4501,Larissa Duarte Ramos,larissa.duarte.ramos4501@email.com,Feminino,BR
4502,Vinicius Rocha Ferreira,vinicius.rocha.ferreira4502@email.com,Masculino,BR
4503,Simone Souza Ribeiro,simone.souza.ribeiro4503@email.com,Feminino,BR
4504,Alexandre Freitas Cardoso,alexandre.freitas.cardoso4504@email.com,Masculino,BR
4505,Pamela Ramos Machado,pamela.ramos.machado4505@email.com,Feminino,BR
4506,Matheus Tavares Xavier,matheus.tavares.xavier4506@email.com,Masculino,BR
4507,Monica Souza Fernandes,monica.souza.fernandes4507@email.com,Feminino,BR
4508,Gustavo Rodrigues Cunha,gustavo.rodrigues.cunha4508@email.com,Masculino,BR
4509,Tatiane Rezende Castro,tatiane.rezende.castro4509@email.com,Feminino,BR
4510,Marcelo Rezende Castro,marcelo.rezende.castro4510@email.com,Masculino,BR
4511,Gisele Torres Carvalho,gisele.torres.carvalho4511@email.com,Feminino,BR
4512,Alexandre Ferreira Fonseca,alexandre.ferreira.fonseca4512@email.com,Masculino,BR
4513,Bianca Moura Duarte,bianca.moura.duarte4513@email.com,Feminino,BR
4514,Eduardo Nascimento Ferreira,eduardo.nascimento.ferreira4514@email.com,Masculino,BR
4515,Priscila Campos Silva,priscila.campos.silva4515@email.com,Feminino,BR
4516,Marcos Melo Santos,marcos.melo.santos4516@email.com,Masculino,BR
4517,Carla Pires Machado,carla.pires.machado4517@email.com,Feminino,BR
4518,Gabriel Lima Costa,gabriel.lima.costa4518@email.com,Masculino,BR
4519,Sandra Campos Melo,sandra.campos.melo4519@email.com,Feminino,BR
4520,Gabriel Barbosa Azevedo,gabriel.barbosa.azevedo4520@email.com,Masculino,BR
4521,Isabela Reis Melo,isabela.reis.melo4521@email.com,Feminino,BR
4522,Rafael Cunha Araujo,rafael.cunha.araujo4522@email.com,Masculino,BR
4523,Tatiana Torres Carvalho,tatiana.torres.carvalho4523@email.com,Feminino,BR
4524,Roberto Pinheiro Souza,roberto.pinheiro.souza4524@email.com,Masculino,BR
4525,Larissa Nascimento Correia,larissa.nascimento.correia4525@email.com,Feminino,BR
4526,Rafael Rodrigues Matos,rafael.rodrigues.matos4526@email.com,Masculino,BR
4527,Ana Nascimento Ramos,ana.nascimento.ramos4527@email.com,Feminino,BR
4528,Fabio Costa Nascimento,fabio.costa.nascimento4528@email.com,Masculino,BR
4529,Amanda Siqueira Fonseca,amanda.siqueira.fonseca4529@email.com,Feminino,BR
4530,Ricardo Machado Reis,ricardo.machado.reis4530@email.com,Masculino,BR
4531,Claudia Martins Santos,claudia.martins.santos4531@email.com,Feminino,BR
4532,Rafael Campos Rocha,rafael.campos.rocha4532@email.com,Masculino,BR
4533,Camila Araujo Pereira,camila.araujo.pereira4533@email.com,Feminino,BR
4534,João Duarte Reis,joão.duarte.reis4534@email.com,Masculino,BR
4535,Bianca Rocha Coelho,bianca.rocha.coelho4535@email.com,Feminino,BR
4536,Daniel Machado Pinheiro,daniel.machado.pinheiro4536@email.com,Masculino,BR
4537,Beatriz Pinheiro Moura,beatriz.pinheiro.moura4537@email.com,Feminino,BR
4538,Leandro Machado Cunha,leandro.machado.cunha4538@email.com,Masculino,BR
4539,Monica Lopes Xavier,monica.lopes.xavier4539@email.com,Feminino,BR
4540,João Barbosa Lima,joão.barbosa.lima4540@email.com,Masculino,BR
4541,Isabela Costa Vasconcelos,isabela.costa.vasconcelos4541@email.com,Feminino,BR
4542,Carlos Tavares Coelho,carlos.tavares.coelho4542@email.com,Masculino,BR
4543,Vanessa Barros Martins,vanessa.barros.martins4543@email.com,Feminino,BR
4544,João Moreira Reis,joão.moreira.reis4544@email.com,Masculino,BR
4545,Luciana Brito Azevedo,luciana.brito.azevedo4545@email.com,Feminino,BR
4546,Rafael Correia Reis,rafael.correia.reis4546@email.com,Masculino,BR
4547,Adriana Duarte Barros,adriana.duarte.barros4547@email.com,Feminino,BR
4548,Leandro Correia Carvalho,leandro.correia.carvalho4548@email.com,Masculino,BR
4549,Luciana Martins Nunes,luciana.martins.nunes4549@email.com,Feminino,BR
4550,Bruno Moura Rodrigues,bruno.moura.rodrigues4550@email.com,Masculino,BR
4551,Beatriz Pinheiro Dias,beatriz.pinheiro.dias4551@email.com,Feminino,BR
4552,Leonardo Guimaraes Costa,leonardo.guimaraes.costa4552@email.com,Masculino,BR
4553,Cristina Moreira Ribeiro,cristina.moreira.ribeiro4553@email.com,Feminino,BR
4554,Rafael Tavares Reis,rafael.tavares.reis4554@email.com,Masculino,BR
4555,Patricia Torres Nascimento,patricia.torres.nascimento4555@email.com,Feminino,BR
4556,Caio Machado Cardoso,caio.machado.cardoso4556@email.com,Masculino,BR
4557,Carolina Torres Rodrigues,carolina.torres.rodrigues4557@email.com,Feminino,BR
4558,Thiago Costa Fernandes,thiago.costa.fernandes4558@email.com,Masculino,BR
4559,Carla Vasconcelos Ramos,carla.vasconcelos.ramos4559@email.com,Feminino,BR
4560,André Nunes Alves,andré.nunes.alves4560@email.com,Masculino,BR
4561,Amanda Pereira Campos,amanda.pereira.campos4561@email.com,Feminino,BR
4562,Wagner Macedo Melo,wagner.macedo.melo4562@email.com,Masculino,BR
4563,Monica Santos Araujo,monica.santos.araujo4563@email.com,Feminino,BR
4564,Rodrigo Martins Castro,rodrigo.martins.castro4564@email.com,Masculino,BR
4565,Amanda Pereira Dias,amanda.pereira.dias4565@email.com,Feminino,BR
4566,Wagner Silva Coelho,wagner.silva.coelho4566@email.com,Masculino,BR
4567,Raquel Gomes Pires,raquel.gomes.pires4567@email.com,Feminino,BR
4568,André Morais Oliveira,andré.morais.oliveira4568@email.com,Masculino,BR
4569,Priscila Nunes Ferreira,priscila.nunes.ferreira4569@email.com,Feminino,BR
4570,Sergio Duarte Oliveira,sergio.duarte.oliveira4570@email.com,Masculino,BR
4571,Eliane Xavier Machado,eliane.xavier.machado4571@email.com,Feminino,BR
4572,Carlos Costa Cardoso,carlos.costa.cardoso4572@email.com,Masculino,BR
4573,Camila Monteiro Silva,camila.monteiro.silva4573@email.com,Feminino,BR
4574,Paulo Coelho Barbosa,paulo.coelho.barbosa4574@email.com,Masculino,BR
4575,Carolina Barros Gomes,carolina.barros.gomes4575@email.com,Feminino,BR
4576,Diego Coelho Moreira,diego.coelho.moreira4576@email.com,Masculino,BR
4577,Sandra Souza Nascimento,sandra.souza.nascimento4577@email.com,Feminino,BR
4578,Lucas Teixeira Cunha,lucas.teixeira.cunha4578@email.com,Masculino,BR
4579,Aline Alves Barros,aline.alves.barros4579@email.com,Feminino,BR
4580,Rafael Santos Fonseca,rafael.santos.fonseca4580@email.com,Masculino,BR
4581,Daniela Machado Fonseca,daniela.machado.fonseca4581@email.com,Feminino,BR
4582,Carlos Barbosa Martins,carlos.barbosa.martins4582@email.com,Masculino,BR
4583,Isabela Brito Azevedo,isabela.brito.azevedo4583@email.com,Feminino,BR
4584,Bruno Morais Ferreira,bruno.morais.ferreira4584@email.com,Masculino,BR
4585,Cristina Dias Fernandes,cristina.dias.fernandes4585@email.com,Feminino,BR
4586,Rafael Macedo Correia,rafael.macedo.correia4586@email.com,Masculino,BR
4587,Mariana Barros Moura,mariana.barros.moura4587@email.com,Feminino,BR
4588,Wagner Vasconcelos Moura,wagner.vasconcelos.moura4588@email.com,Masculino,BR
4589,Monica Lopes Xavier,monica.lopes.xavier4589@email.com,Feminino,BR
4590,Gabriel Teixeira Barbosa,gabriel.teixeira.barbosa4590@email.com,Masculino,BR
4591,Carla Guimaraes Melo,carla.guimaraes.melo4591@email.com,Feminino,BR
4592,Guilherme Oliveira Correia,guilherme.oliveira.correia4592@email.com,Masculino,BR
4593,Daniela Araujo Dias,daniela.araujo.dias4593@email.com,Feminino,BR
4594,Cesar Tavares Pereira,cesar.tavares.pereira4594@email.com,Masculino,BR
4595,Isabela Duarte Morais,isabela.duarte.morais4595@email.com,Feminino,BR
4596,Antonio Alves Fernandes,antonio.alves.fernandes4596@email.com,Masculino,BR
4597,Maria Rocha Macedo,maria.rocha.macedo4597@email.com,Feminino,BR
4598,Leandro Pires Fernandes,leandro.pires.fernandes4598@email.com,Masculino,BR
4599,Camila Rezende Alves,camila.rezende.alves4599@email.com,Feminino,BR
4600,Caio Cardoso Martins,caio.cardoso.martins4600@email.com,Masculino,BR
4601,Leticia Martins Pereira,leticia.martins.pereira4601@email.com,Feminino,BR
4602,Vinicius Duarte Campos,vinicius.duarte.campos4602@email.com,Masculino,BR
4603,Sandra Ferreira Pereira,sandra.ferreira.pereira4603@email.com,Feminino,BR
4604,Daniel Correia Macedo,daniel.correia.macedo4604@email.com,Masculino,BR
4605,Bruna Mendes Machado,bruna.mendes.machado4605@email.com,Feminino,BR
4606,Henrique Coelho Lopes,henrique.coelho.lopes4606@email.com,Masculino,BR
4607,Beatriz Lima Duarte,beatriz.lima.duarte4607@email.com,Feminino,BR
4608,Antonio Oliveira Campos,antonio.oliveira.campos4608@email.com,Masculino,BR
4609,Leticia Moreira Cunha,leticia.moreira.cunha4609@email.com,Feminino,BR
4610,Cesar Brito Souza,cesar.brito.souza4610@email.com,Masculino,BR
4611,Jessica Campos Barros,jessica.campos.barros4611@email.com,Feminino,BR
4612,Cesar Cardoso Campos,cesar.cardoso.campos4612@email.com,Masculino,BR
4613,Camila Brito Cunha,camila.brito.cunha4613@email.com,Feminino,BR
4614,Jose Lopes Mendes,jose.lopes.mendes4614@email.com,Masculino,BR
4615,Juliana Guimaraes Vasconcelos,juliana.guimaraes.vasconcelos4615@email.com,Feminino,BR
4616,Roberto Pinheiro Xavier,roberto.pinheiro.xavier4616@email.com,Masculino,BR
4617,Priscila Nascimento Torres,priscila.nascimento.torres4617@email.com,Feminino,BR
4618,Rafael Silva Rocha,rafael.silva.rocha4618@email.com,Masculino,BR
4619,Amanda Barbosa Rodrigues,amanda.barbosa.rodrigues4619@email.com,Feminino,BR
4620,Thiago Duarte Moreira,thiago.duarte.moreira4620@email.com,Masculino,BR
4621,Patricia Carvalho Rodrigues,patricia.carvalho.rodrigues4621@email.com,Feminino,BR
4622,Caio Siqueira Ferreira,caio.siqueira.ferreira4622@email.com,Masculino,BR
4623,Sandra Azevedo Azevedo,sandra.azevedo.azevedo4623@email.com,Feminino,BR
4624,Marcelo Torres Azevedo,marcelo.torres.azevedo4624@email.com,Masculino,BR
4625,Amanda Ferreira Ribeiro,amanda.ferreira.ribeiro4625@email.com,Feminino,BR
4626,Lucas Moreira Macedo,lucas.moreira.macedo4626@email.com,Masculino,BR
4627,Luciana Gomes Moreira,luciana.gomes.moreira4627@email.com,Feminino,BR
4628,Igor Pereira Cardoso,igor.pereira.cardoso4628@email.com,Masculino,BR
4629,Monica Tavares Rezende,monica.tavares.rezende4629@email.com,Feminino,BR
4630,Marcos Nascimento Pinheiro,marcos.nascimento.pinheiro4630@email.com,Masculino,BR
4631,Thais Lima Nunes,thais.lima.nunes4631@email.com,Feminino,BR
4632,Caio Oliveira Castro,caio.oliveira.castro4632@email.com,Masculino,BR
4633,Isabela Machado Rocha,isabela.machado.rocha4633@email.com,Feminino,BR
4634,Marcos Cardoso Duarte,marcos.cardoso.duarte4634@email.com,Masculino,BR
4635,Juliana Tavares Macedo,juliana.tavares.macedo4635@email.com,Feminino,BR
4636,Alexandre Costa Fernandes,alexandre.costa.fernandes4636@email.com,Masculino,BR
4637,Carla Xavier Ramos,carla.xavier.ramos4637@email.com,Feminino,BR
4638,Fernando Dias Costa,fernando.dias.costa4638@email.com,Masculino,BR
4639,Tatiana Santos Coelho,tatiana.santos.coelho4639@email.com,Feminino,BR
4640,Guilherme Nunes Mendes,guilherme.nunes.mendes4640@email.com,Masculino,BR
4641,Vanessa Ferreira Rocha,vanessa.ferreira.rocha4641@email.com,Feminino,BR
4642,Ricardo Nunes Moreira,ricardo.nunes.moreira4642@email.com,Masculino,BR
4643,Camila Monteiro Correia,camila.monteiro.correia4643@email.com,Feminino,BR
4644,Renato Cunha Moura,renato.cunha.moura4644@email.com,Masculino,BR
4645,Tatiana Siqueira Mendes,tatiana.siqueira.mendes4645@email.com,Feminino,BR
4646,Daniel Reis Costa,daniel.reis.costa4646@email.com,Masculino,BR
4647,Camila Ramos Teixeira,camila.ramos.teixeira4647@email.com,Feminino,BR
4648,Leandro Martins Gomes,leandro.martins.gomes4648@email.com,Masculino,BR
4649,Sandra Cunha Machado,sandra.cunha.machado4649@email.com,Feminino,BR
4650,Fernando Castro Nascimento,fernando.castro.nascimento4650@email.com,Masculino,BR
4651,Mariana Nascimento Ramos,mariana.nascimento.ramos4651@email.com,Feminino,BR
4652,Paulo Nascimento Duarte,paulo.nascimento.duarte4652@email.com,Masculino,BR
4653,Daniela Torres Silva,daniela.torres.silva4653@email.com,Feminino,BR
4654,Rafael Xavier Tavares,rafael.xavier.tavares4654@email.com,Masculino,BR
4655,Renata Pereira Matos,renata.pereira.matos4655@email.com,Feminino,BR
4656,Mauricio Guimaraes Rocha,mauricio.guimaraes.rocha4656@email.com,Masculino,BR
4657,Simone Siqueira Torres,simone.siqueira.torres4657@email.com,Feminino,BR
4658,Diego Silva Rocha,diego.silva.rocha4658@email.com,Masculino,BR
4659,Bruna Rocha Rezende,bruna.rocha.rezende4659@email.com,Feminino,BR
4660,Diego Lima Xavier,diego.lima.xavier4660@email.com,Masculino,BR
4661,Bianca Mendes Moura,bianca.mendes.moura4661@email.com,Feminino,BR
4662,João Lopes Reis,joão.lopes.reis4662@email.com,Masculino,BR
4663,Beatriz Morais Lopes,beatriz.morais.lopes4663@email.com,Feminino,BR
4664,Mauricio Alves Oliveira,mauricio.alves.oliveira4664@email.com,Masculino,BR
4665,Tatiana Pinheiro Gomes,tatiana.pinheiro.gomes4665@email.com,Feminino,BR
4666,Matheus Nascimento Castro,matheus.nascimento.castro4666@email.com,Masculino,BR
4667,Mariana Tavares Rodrigues,mariana.tavares.rodrigues4667@email.com,Feminino,BR
4668,Marcos Freitas Dias,marcos.freitas.dias4668@email.com,Masculino,BR
4669,Renata Brito Duarte,renata.brito.duarte4669@email.com,Feminino,BR
4670,João Campos Torres,joão.campos.torres4670@email.com,Masculino,BR
4671,Carla Santos Monteiro,carla.santos.monteiro4671@email.com,Feminino,BR
4672,Leandro Barros Torres,leandro.barros.torres4672@email.com,Masculino,BR
4673,Larissa Nascimento Rezende,larissa.nascimento.rezende4673@email.com,Feminino,BR
4674,Caio Cunha Cunha,caio.cunha.cunha4674@email.com,Masculino,BR
4675,Sandra Freitas Reis,sandra.freitas.reis4675@email.com,Feminino,BR
4676,Marcelo Ramos Moura,marcelo.ramos.moura4676@email.com,Masculino,BR
4677,Monica Lima Ribeiro,monica.lima.ribeiro4677@email.com,Feminino,BR
4678,Caio Ramos Campos,caio.ramos.campos4678@email.com,Masculino,BR
4679,Vanessa Pires Tavares,vanessa.pires.tavares4679@email.com,Feminino,BR
4680,Thiago Castro Ramos,thiago.castro.ramos4680@email.com,Masculino,BR
4681,Daniela Barbosa Melo,daniela.barbosa.melo4681@email.com,Feminino,BR
4682,Guilherme Morais Barbosa,guilherme.morais.barbosa4682@email.com,Masculino,BR
4683,Andrea Melo Alves,andrea.melo.alves4683@email.com,Feminino,BR
4684,Bruno Fernandes Reis,bruno.fernandes.reis4684@email.com,Masculino,BR
4685,Amanda Ferreira Vasconcelos,amanda.ferreira.vasconcelos4685@email.com,Feminino,BR
4686,Pedro Guimaraes Cunha,pedro.guimaraes.cunha4686@email.com,Masculino,BR
4687,Amanda Rezende Pinheiro,amanda.rezende.pinheiro4687@email.com,Feminino,BR
4688,Cesar Castro Alves,cesar.castro.alves4688@email.com,Masculino,BR
4689,Jessica Barros Fonseca,jessica.barros.fonseca4689@email.com,Feminino,BR
4690,Carlos Siqueira Barbosa,carlos.siqueira.barbosa4690@email.com,Masculino,BR
4691,Bianca Dias Carvalho,bianca.dias.carvalho4691@email.com,Feminino,BR
4692,Caio Pires Rodrigues,caio.pires.rodrigues4692@email.com,Masculino,BR
4693,Larissa Gomes Melo,larissa.gomes.melo4693@email.com,Feminino,BR
4694,Fernando Lima Freitas,fernando.lima.freitas4694@email.com,Masculino,BR
4695,Bruna Cunha Torres,bruna.cunha.torres4695@email.com,Feminino,BR
4696,Leonardo Silva Campos,leonardo.silva.campos4696@email.com,Masculino,BR
4697,Cristina Barros Barbosa,cristina.barros.barbosa4697@email.com,Feminino,BR
4698,Vinicius Siqueira Mendes,vinicius.siqueira.mendes4698@email.com,Masculino,BR
4699,Raquel Reis Xavier,raquel.reis.xavier4699@email.com,Feminino,BR
4700,Matheus Brito Araujo,matheus.brito.araujo4700@email.com,Masculino,BR
4701,Maria Cunha Oliveira,maria.cunha.oliveira4701@email.com,Feminino,BR
4702,João Santos Rocha,joão.santos.rocha4702@email.com,Masculino,BR
4703,Carla Reis Torres,carla.reis.torres4703@email.com,Feminino,BR
4704,Francisco Torres Pinheiro,francisco.torres.pinheiro4704@email.com,Masculino,BR
4705,Claudia Cardoso Teixeira,claudia.cardoso.teixeira4705@email.com,Feminino,BR
4706,Thiago Duarte Ramos,thiago.duarte.ramos4706@email.com,Masculino,BR
4707,Priscila Pires Moreira,priscila.pires.moreira4707@email.com,Feminino,BR
4708,André Guimaraes Vasconcelos,andré.guimaraes.vasconcelos4708@email.com,Masculino,BR
4709,Carolina Reis Costa,carolina.reis.costa4709@email.com,Feminino,BR
4710,Sergio Ramos Souza,sergio.ramos.souza4710@email.com,Masculino,BR
4711,Daniela Matos Ribeiro,daniela.matos.ribeiro4711@email.com,Feminino,BR
4712,Leonardo Cardoso Moura,leonardo.cardoso.moura4712@email.com,Masculino,BR
4713,Mariana Ramos Carvalho,mariana.ramos.carvalho4713@email.com,Feminino,BR
4714,Lucas Correia Fernandes,lucas.correia.fernandes4714@email.com,Masculino,BR
4715,Beatriz Barros Lima,beatriz.barros.lima4715@email.com,Feminino,BR
4716,Sergio Xavier Moreira,sergio.xavier.moreira4716@email.com,Masculino,BR
4717,Adriana Reis Pires,adriana.reis.pires4717@email.com,Feminino,BR
4718,Thiago Cardoso Dias,thiago.cardoso.dias4718@email.com,Masculino,BR
4719,Camila Ferreira Santos,camila.ferreira.santos4719@email.com,Feminino,BR
4720,Guilherme Silva Morais,guilherme.silva.morais4720@email.com,Masculino,BR
4721,Rosana Rocha Santos,rosana.rocha.santos4721@email.com,Feminino,BR
4722,Cesar Correia Castro,cesar.correia.castro4722@email.com,Masculino,BR
4723,Camila Duarte Rodrigues,camila.duarte.rodrigues4723@email.com,Feminino,BR
4724,Pedro Pinheiro Matos,pedro.pinheiro.matos4724@email.com,Masculino,BR
4725,Beatriz Azevedo Morais,beatriz.azevedo.morais4725@email.com,Feminino,BR
4726,Paulo Ribeiro Araujo,paulo.ribeiro.araujo4726@email.com,Masculino,BR
4727,Cristina Monteiro Gomes,cristina.monteiro.gomes4727@email.com,Feminino,BR
4728,Marcelo Reis Araujo,marcelo.reis.araujo4728@email.com,Masculino,BR
4729,Daniela Macedo Mendes,daniela.macedo.mendes4729@email.com,Feminino,BR
4730,Roberto Nunes Ferreira,roberto.nunes.ferreira4730@email.com,Masculino,BR
4731,Isabela Morais Santos,isabela.morais.santos4731@email.com,Feminino,BR
4732,Mauricio Alves Lima,mauricio.alves.lima4732@email.com,Masculino,BR
4733,Bruna Tavares Lima,bruna.tavares.lima4733@email.com,Feminino,BR
4734,Lucas Rocha Barbosa,lucas.rocha.barbosa4734@email.com,Masculino,BR
4735,Adriana Ribeiro Ferreira,adriana.ribeiro.ferreira4735@email.com,Feminino,BR
4736,Ricardo Rezende Melo,ricardo.rezende.melo4736@email.com,Masculino,BR
4737,Carla Reis Dias,carla.reis.dias4737@email.com,Feminino,BR
4738,Leonardo Alves Rezende,leonardo.alves.rezende4738@email.com,Masculino,BR
4739,Ana Cunha Pereira,ana.cunha.pereira4739@email.com,Feminino,BR
4740,Antonio Morais Pereira,antonio.morais.pereira4740@email.com,Masculino,BR
4741,Tatiana Brito Cunha,tatiana.brito.cunha4741@email.com,Feminino,BR
4742,Alexandre Cardoso Morais,alexandre.cardoso.morais4742@email.com,Masculino,BR
4743,Jessica Fernandes Martins,jessica.fernandes.martins4743@email.com,Feminino,BR
4744,Daniel Monteiro Silva,daniel.monteiro.silva4744@email.com,Masculino,BR
4745,Vanessa Siqueira Duarte,vanessa.siqueira.duarte4745@email.com,Feminino,BR
4746,Wagner Melo Oliveira,wagner.melo.oliveira4746@email.com,Masculino,BR
4747,Larissa Teixeira Freitas,larissa.teixeira.freitas4747@email.com,Feminino,BR
4748,Fernando Guimaraes Tavares,fernando.guimaraes.tavares4748@email.com,Masculino,BR
4749,Gisele Silva Martins,gisele.silva.martins4749@email.com,Feminino,BR
4750,Francisco Pinheiro Mendes,francisco.pinheiro.mendes4750@email.com,Masculino,BR
4751,Larissa Gomes Tavares,larissa.gomes.tavares4751@email.com,Feminino,BR
4752,Pedro Castro Santos,pedro.castro.santos4752@email.com,Masculino,BR
4753,Fabiana Barros Coelho,fabiana.barros.coelho4753@email.com,Feminino,BR
4754,Rafael Dias Campos,rafael.dias.campos4754@email.com,Masculino,BR
4755,Larissa Dias Santos,larissa.dias.santos4755@email.com,Feminino,BR
4756,Diego Souza Carvalho,diego.souza.carvalho4756@email.com,Masculino,BR
4757,Camila Matos Nascimento,camila.matos.nascimento4757@email.com,Feminino,BR
4758,Gabriel Nunes Nunes,gabriel.nunes.nunes4758@email.com,Masculino,BR
4759,Thais Gomes Ferreira,thais.gomes.ferreira4759@email.com,Feminino,BR
4760,Paulo Correia Pires,paulo.correia.pires4760@email.com,Masculino,BR
4761,Leticia Azevedo Pinheiro,leticia.azevedo.pinheiro4761@email.com,Feminino,BR
4762,Antonio Ramos Barros,antonio.ramos.barros4762@email.com,Masculino,BR
4763,Carolina Gomes Mendes,carolina.gomes.mendes4763@email.com,Feminino,BR
4764,Daniel Gomes Brito,daniel.gomes.brito4764@email.com,Masculino,BR
4765,Sabrina Moreira Alves,sabrina.moreira.alves4765@email.com,Feminino,BR
4766,Mauricio Xavier Macedo,mauricio.xavier.macedo4766@email.com,Masculino,BR
4767,Rosana Monteiro Martins,rosana.monteiro.martins4767@email.com,Feminino,BR
4768,Marcos Matos Rezende,marcos.matos.rezende4768@email.com,Masculino,BR
4769,Luciana Lopes Ramos,luciana.lopes.ramos4769@email.com,Feminino,BR
4770,Wagner Pinheiro Nunes,wagner.pinheiro.nunes4770@email.com,Masculino,BR
4771,Simone Guimaraes Alves,simone.guimaraes.alves4771@email.com,Feminino,BR
4772,Wagner Rodrigues Ramos,wagner.rodrigues.ramos4772@email.com,Masculino,BR
4773,Renata Duarte Freitas,renata.duarte.freitas4773@email.com,Feminino,BR
4774,Fabio Morais Torres,fabio.morais.torres4774@email.com,Masculino,BR
4775,Patricia Lopes Martins,patricia.lopes.martins4775@email.com,Feminino,BR
4776,Carlos Barros Mendes,carlos.barros.mendes4776@email.com,Masculino,BR
4777,Rosana Cunha Barbosa,rosana.cunha.barbosa4777@email.com,Feminino,BR
4778,Wagner Torres Vasconcelos,wagner.torres.vasconcelos4778@email.com,Masculino,BR
4779,Fabiana Freitas Moreira,fabiana.freitas.moreira4779@email.com,Feminino,BR
4780,Pedro Lima Ribeiro,pedro.lima.ribeiro4780@email.com,Masculino,BR
4781,Simone Ramos Xavier,simone.ramos.xavier4781@email.com,Feminino,BR
4782,Daniel Freitas Araujo,daniel.freitas.araujo4782@email.com,Masculino,BR
4783,Patricia Dias Siqueira,patricia.dias.siqueira4783@email.com,Feminino,BR
4784,Fabio Campos Rocha,fabio.campos.rocha4784@email.com,Masculino,BR
4785,Simone Lima Silva,simone.lima.silva4785@email.com,Feminino,BR
4786,Diego Nascimento Silva,diego.nascimento.silva4786@email.com,Masculino,BR
4787,Monica Dias Azevedo,monica.dias.azevedo4787@email.com,Feminino,BR
4788,Sergio Xavier Cardoso,sergio.xavier.cardoso4788@email.com,Masculino,BR
4789,Cristina Pires Pereira,cristina.pires.pereira4789@email.com,Feminino,BR
4790,Alexandre Barbosa Tavares,alexandre.barbosa.tavares4790@email.com,Masculino,BR
4791,Tatiana Moura Dias,tatiana.moura.dias4791@email.com,Feminino,BR
4792,Lucas Pires Nunes,lucas.pires.nunes4792@email.com,Masculino,BR
4793,Claudia Fernandes Siqueira,claudia.fernandes.siqueira4793@email.com,Feminino,BR
4794,Ricardo Duarte Vasconcelos,ricardo.duarte.vasconcelos4794@email.com,Masculino,BR
4795,Bianca Brito Coelho,bianca.brito.coelho4795@email.com,Feminino,BR
4796,Guilherme Cardoso Torres,guilherme.cardoso.torres4796@email.com,Masculino,BR
4797,Simone Gomes Gomes,simone.gomes.gomes4797@email.com,Feminino,BR
4798,Roberto Fernandes Rezende,roberto.fernandes.rezende4798@email.com,Masculino,BR
4799,Pamela Oliveira Nunes,pamela.oliveira.nunes4799@email.com,Feminino,BR
4800,Matheus Lima Lima,matheus.lima.lima4800@email.com,Masculino,BR
4801,Jessica Martins Tavares,jessica.martins.tavares4801@email.com,Feminino,BR
4802,Diego Fonseca Rodrigues,diego.fonseca.rodrigues4802@email.com,Masculino,BR
4803,Priscila Duarte Santos,priscila.duarte.santos4803@email.com,Feminino,BR
4804,Rodrigo Santos Vasconcelos,rodrigo.santos.vasconcelos4804@email.com,Masculino,BR
4805,Eliane Silva Azevedo,eliane.silva.azevedo4805@email.com,Feminino,BR
4806,Rodrigo Souza Reis,rodrigo.souza.reis4806@email.com,Masculino,BR
4807,Carolina Oliveira Castro,carolina.oliveira.castro4807@email.com,Feminino,BR
4808,Francisco Oliveira Teixeira,francisco.oliveira.teixeira4808@email.com,Masculino,BR
4809,Ana Pereira Machado,ana.pereira.machado4809@email.com,Feminino,BR
4810,Lucas Reis Fernandes,lucas.reis.fernandes4810@email.com,Masculino,BR
4811,Bianca Matos Monteiro,bianca.matos.monteiro4811@email.com,Feminino,BR
4812,Vinicius Cardoso Coelho,vinicius.cardoso.coelho4812@email.com,Masculino,BR
4813,Sandra Moreira Ferreira,sandra.moreira.ferreira4813@email.com,Feminino,BR
4814,Rafael Macedo Cardoso,rafael.macedo.cardoso4814@email.com,Masculino,BR
4815,Pamela Guimaraes Costa,pamela.guimaraes.costa4815@email.com,Feminino,BR
4816,Leonardo Monteiro Nascimento,leonardo.monteiro.nascimento4816@email.com,Masculino,BR
4817,Bruna Rezende Melo,bruna.rezende.melo4817@email.com,Feminino,BR
4818,Felipe Reis Campos,felipe.reis.campos4818@email.com,Masculino,BR
4819,Andrea Alves Santos,andrea.alves.santos4819@email.com,Feminino,BR
4820,Eduardo Costa Torres,eduardo.costa.torres4820@email.com,Masculino,BR
4821,Maria Souza Alves,maria.souza.alves4821@email.com,Feminino,BR
4822,Diego Nascimento Matos,diego.nascimento.matos4822@email.com,Masculino,BR
4823,Luciana Carvalho Martins,luciana.carvalho.martins4823@email.com,Feminino,BR
4824,Bruno Gomes Matos,bruno.gomes.matos4824@email.com,Masculino,BR
4825,Carla Torres Castro,carla.torres.castro4825@email.com,Feminino,BR
4826,João Nascimento Costa,joão.nascimento.costa4826@email.com,Masculino,BR
4827,Adriana Xavier Oliveira,adriana.xavier.oliveira4827@email.com,Feminino,BR
4828,Felipe Costa Monteiro,felipe.costa.monteiro4828@email.com,Masculino,BR
4829,Patricia Mendes Teixeira,patricia.mendes.teixeira4829@email.com,Feminino,BR
4830,Cesar Xavier Fernandes,cesar.xavier.fernandes4830@email.com,Masculino,BR
4831,Daniela Nunes Nascimento,daniela.nunes.nascimento4831@email.com,Feminino,BR
4832,Thiago Souza Fonseca,thiago.souza.fonseca4832@email.com,Masculino,BR
4833,Bruna Lima Souza,bruna.lima.souza4833@email.com,Feminino,BR
4834,Diego Rocha Coelho,diego.rocha.coelho4834@email.com,Masculino,BR
4835,Rosana Melo Cunha,rosana.melo.cunha4835@email.com,Feminino,BR
4836,Renato Siqueira Lima,renato.siqueira.lima4836@email.com,Masculino,BR
4837,Fabiana Moura Araujo,fabiana.moura.araujo4837@email.com,Feminino,BR
4838,Sergio Machado Siqueira,sergio.machado.siqueira4838@email.com,Masculino,BR
4839,Pamela Nunes Cardoso,pamela.nunes.cardoso4839@email.com,Feminino,BR
4840,Fernando Carvalho Ferreira,fernando.carvalho.ferreira4840@email.com,Masculino,BR
4841,Adriana Macedo Barbosa,adriana.macedo.barbosa4841@email.com,Feminino,BR
4842,Bruno Freitas Pires,bruno.freitas.pires4842@email.com,Masculino,BR
4843,Priscila Siqueira Vasconcelos,priscila.siqueira.vasconcelos4843@email.com,Feminino,BR
4844,Marcos Nascimento Pereira,marcos.nascimento.pereira4844@email.com,Masculino,BR
4845,Patricia Rezende Costa,patricia.rezende.costa4845@email.com,Feminino,BR
4846,Marcos Silva Siqueira,marcos.silva.siqueira4846@email.com,Masculino,BR
4847,Tatiana Azevedo Torres,tatiana.azevedo.torres4847@email.com,Feminino,BR
4848,Alexandre Gomes Rezende,alexandre.gomes.rezende4848@email.com,Masculino,BR
4849,Amanda Teixeira Dias,amanda.teixeira.dias4849@email.com,Feminino,BR
4850,Mauricio Coelho Moura,mauricio.coelho.moura4850@email.com,Masculino,BR
4851,Aline Melo Cardoso,aline.melo.cardoso4851@email.com,Feminino,BR
4852,Leandro Correia Azevedo,leandro.correia.azevedo4852@email.com,Masculino,BR
4853,Isabela Melo Barros,isabela.melo.barros4853@email.com,Feminino,BR
4854,Lucas Souza Carvalho,lucas.souza.carvalho4854@email.com,Masculino,BR
4855,Carla Rodrigues Lopes,carla.rodrigues.lopes4855@email.com,Feminino,BR
4856,Cesar Barros Gomes,cesar.barros.gomes4856@email.com,Masculino,BR
4857,Carolina Gomes Pereira,carolina.gomes.pereira4857@email.com,Feminino,BR
4858,Vinicius Ramos Martins,vinicius.ramos.martins4858@email.com,Masculino,BR
4859,Raquel Duarte Vasconcelos,raquel.duarte.vasconcelos4859@email.com,Feminino,BR
4860,Lucas Rocha Azevedo,lucas.rocha.azevedo4860@email.com,Masculino,BR
4861,Amanda Pinheiro Lima,amanda.pinheiro.lima4861@email.com,Feminino,BR
4862,Gustavo Santos Azevedo,gustavo.santos.azevedo4862@email.com,Masculino,BR
4863,Vanessa Nunes Santos,vanessa.nunes.santos4863@email.com,Feminino,BR
4864,Fernando Siqueira Moura,fernando.siqueira.moura4864@email.com,Masculino,BR
4865,Jessica Freitas Mendes,jessica.freitas.mendes4865@email.com,Feminino,BR
4866,Felipe Pires Ferreira,felipe.pires.ferreira4866@email.com,Masculino,BR
4867,Sandra Ramos Dias,sandra.ramos.dias4867@email.com,Feminino,BR
4868,Rafael Moreira Barros,rafael.moreira.barros4868@email.com,Masculino,BR
4869,Luciana Barros Teixeira,luciana.barros.teixeira4869@email.com,Feminino,BR
4870,Roberto Lopes Nunes,roberto.lopes.nunes4870@email.com,Masculino,BR
4871,Carla Alves Costa,carla.alves.costa4871@email.com,Feminino,BR
4872,Alexandre Matos Ramos,alexandre.matos.ramos4872@email.com,Masculino,BR
4873,Renata Barbosa Gomes,renata.barbosa.gomes4873@email.com,Feminino,BR
4874,Leonardo Ribeiro Tavares,leonardo.ribeiro.tavares4874@email.com,Masculino,BR
4875,Sabrina Moura Tavares,sabrina.moura.tavares4875@email.com,Feminino,BR
4876,Antonio Moura Ramos,antonio.moura.ramos4876@email.com,Masculino,BR
4877,Amanda Brito Costa,amanda.brito.costa4877@email.com,Feminino,BR
4878,Gustavo Lima Carvalho,gustavo.lima.carvalho4878@email.com,Masculino,BR
4879,Larissa Costa Oliveira,larissa.costa.oliveira4879@email.com,Feminino,BR
4880,Sergio Nunes Araujo,sergio.nunes.araujo4880@email.com,Masculino,BR
4881,Patricia Castro Alves,patricia.castro.alves4881@email.com,Feminino,BR
4882,Vinicius Carvalho Guimaraes,vinicius.carvalho.guimaraes4882@email.com,Masculino,BR
4883,Carolina Moreira Moreira,carolina.moreira.moreira4883@email.com,Feminino,BR
4884,Lucas Carvalho Matos,lucas.carvalho.matos4884@email.com,Masculino,BR
4885,Sabrina Rezende Dias,sabrina.rezende.dias4885@email.com,Feminino,BR
4886,Thiago Xavier Dias,thiago.xavier.dias4886@email.com,Masculino,BR
4887,Sandra Morais Barbosa,sandra.morais.barbosa4887@email.com,Feminino,BR
4888,Wagner Barbosa Matos,wagner.barbosa.matos4888@email.com,Masculino,BR
4889,Maria Alves Ribeiro,maria.alves.ribeiro4889@email.com,Feminino,BR
4890,Jose Nascimento Guimaraes,jose.nascimento.guimaraes4890@email.com,Masculino,BR
4891,Thais Pinheiro Monteiro,thais.pinheiro.monteiro4891@email.com,Feminino,BR
4892,Gustavo Martins Cardoso,gustavo.martins.cardoso4892@email.com,Masculino,BR
4893,Patricia Martins Ribeiro,patricia.martins.ribeiro4893@email.com,Feminino,BR
4894,Igor Azevedo Rocha,igor.azevedo.rocha4894@email.com,Masculino,BR
4895,Maria Siqueira Machado,maria.siqueira.machado4895@email.com,Feminino,BR
4896,Guilherme Teixeira Santos,guilherme.teixeira.santos4896@email.com,Masculino,BR
4897,Vanessa Mendes Pereira,vanessa.mendes.pereira4897@email.com,Feminino,BR
4898,Thiago Brito Coelho,thiago.brito.coelho4898@email.com,Masculino,BR
4899,Maria Tavares Freitas,maria.tavares.freitas4899@email.com,Feminino,BR
4900,Fernando Fonseca Silva,fernando.fonseca.silva4900@email.com,Masculino,BR
4901,Pamela Araujo Machado,pamela.araujo.machado4901@email.com,Feminino,BR
4902,Felipe Oliveira Torres,felipe.oliveira.torres4902@email.com,Masculino,BR
4903,Ana Duarte Brito,ana.duarte.brito4903@email.com,Feminino,BR
4904,Rodrigo Reis Carvalho,rodrigo.reis.carvalho4904@email.com,Masculino,BR
4905,Fabiana Barros Martins,fabiana.barros.martins4905@email.com,Feminino,BR
4906,Rafael Macedo Alves,rafael.macedo.alves4906@email.com,Masculino,BR
4907,Amanda Monteiro Fernandes,amanda.monteiro.fernandes4907@email.com,Feminino,BR
4908,Igor Lopes Rezende,igor.lopes.rezende4908@email.com,Masculino,BR
4909,Sandra Castro Mendes,sandra.castro.mendes4909@email.com,Feminino,BR
4910,Antonio Mendes Campos,antonio.mendes.campos4910@email.com,Masculino,BR
4911,Bruna Silva Torres,bruna.silva.torres4911@email.com,Feminino,BR
4912,Paulo Monteiro Correia,paulo.monteiro.correia4912@email.com,Masculino,BR
4913,Monica Moura Macedo,monica.moura.macedo4913@email.com,Feminino,BR
4914,Wagner Machado Lima,wagner.machado.lima4914@email.com,Masculino,BR
4915,Sabrina Brito Moura,sabrina.brito.moura4915@email.com,Feminino,BR
4916,Pedro Rocha Cunha,pedro.rocha.cunha4916@email.com,Masculino,BR
4917,Cristina Siqueira Rocha,cristina.siqueira.rocha4917@email.com,Feminino,BR
4918,Paulo Rezende Santos,paulo.rezende.santos4918@email.com,Masculino,BR
4919,Priscila Duarte Pinheiro,priscila.duarte.pinheiro4919@email.com,Feminino,BR
4920,Guilherme Campos Dias,guilherme.campos.dias4920@email.com,Masculino,BR
4921,Camila Gomes Rodrigues,camila.gomes.rodrigues4921@email.com,Feminino,BR
4922,Lucas Nunes Morais,lucas.nunes.morais4922@email.com,Masculino,BR
4923,Gisele Lopes Moura,gisele.lopes.moura4923@email.com,Feminino,BR
4924,Daniel Mendes Brito,daniel.mendes.brito4924@email.com,Masculino,BR
4925,Sandra Teixeira Moreira,sandra.teixeira.moreira4925@email.com,Feminino,BR
4926,Mauricio Cunha Nunes,mauricio.cunha.nunes4926@email.com,Masculino,BR
4927,Raquel Gomes Oliveira,raquel.gomes.oliveira4927@email.com,Feminino,BR
4928,Mauricio Moura Nascimento,mauricio.moura.nascimento4928@email.com,Masculino,BR
4929,Monica Reis Guimaraes,monica.reis.guimaraes4929@email.com,Feminino,BR
4930,Felipe Ramos Xavier,felipe.ramos.xavier4930@email.com,Masculino,BR
4931,Bruna Duarte Xavier,bruna.duarte.xavier4931@email.com,Feminino,BR
4932,Paulo Barbosa Lima,paulo.barbosa.lima4932@email.com,Masculino,BR
4933,Maria Rezende Brito,maria.rezende.brito4933@email.com,Feminino,BR
4934,Rafael Azevedo Brito,rafael.azevedo.brito4934@email.com,Masculino,BR
4935,Isabela Moura Barbosa,isabela.moura.barbosa4935@email.com,Feminino,BR
4936,Cesar Pires Siqueira,cesar.pires.siqueira4936@email.com,Masculino,BR
4937,Mariana Monteiro Rezende,mariana.monteiro.rezende4937@email.com,Feminino,BR
4938,Rodrigo Pereira Fernandes,rodrigo.pereira.fernandes4938@email.com,Masculino,BR
4939,Leticia Silva Azevedo,leticia.silva.azevedo4939@email.com,Feminino,BR
4940,Carlos Dias Barbosa,carlos.dias.barbosa4940@email.com,Masculino,BR
4941,Rosana Lima Costa,rosana.lima.costa4941@email.com,Feminino,BR
4942,Antonio Monteiro Silva,antonio.monteiro.silva4942@email.com,Masculino,BR
4943,Luciana Freitas Siqueira,luciana.freitas.siqueira4943@email.com,Feminino,BR
4944,João Costa Mendes,joão.costa.mendes4944@email.com,Masculino,BR
4945,Beatriz Freitas Barbosa,beatriz.freitas.barbosa4945@email.com,Feminino,BR
4946,Jose Siqueira Macedo,jose.siqueira.macedo4946@email.com,Masculino,BR
4947,Tatiane Rocha Ferreira,tatiane.rocha.ferreira4947@email.com,Feminino,BR
4948,Vinicius Rocha Matos,vinicius.rocha.matos4948@email.com,Masculino,BR
4949,Renata Ramos Fonseca,renata.ramos.fonseca4949@email.com,Feminino,BR
4950,Bruno Barbosa Carvalho,bruno.barbosa.carvalho4950@email.com,Masculino,BR
4951,Juliana Machado Freitas,juliana.machado.freitas4951@email.com,Feminino,BR
4952,Gustavo Fernandes Brito,gustavo.fernandes.brito4952@email.com,Masculino,BR
4953,Daniela Ramos Moreira,daniela.ramos.moreira4953@email.com,Feminino,BR
4954,Lucas Mendes Monteiro,lucas.mendes.monteiro4954@email.com,Masculino,BR
4955,Claudia Monteiro Ribeiro,claudia.monteiro.ribeiro4955@email.com,Feminino,BR
4956,Sergio Ramos Brito,sergio.ramos.brito4956@email.com,Masculino,BR
4957,Simone Fernandes Fonseca,simone.fernandes.fonseca4957@email.com,Feminino,BR
4958,Gabriel Brito Macedo,gabriel.brito.macedo4958@email.com,Masculino,BR
4959,Renata Mendes Souza,renata.mendes.souza4959@email.com,Feminino,BR
4960,Matheus Pires Gomes,matheus.pires.gomes4960@email.com,Masculino,BR
4961,Raquel Monteiro Ferreira,raquel.monteiro.ferreira4961@email.com,Feminino,BR
4962,Leandro Duarte Morais,leandro.duarte.morais4962@email.com,Masculino,BR
4963,Bruna Castro Ribeiro,bruna.castro.ribeiro4963@email.com,Feminino,BR
4964,Alexandre Xavier Reis,alexandre.xavier.reis4964@email.com,Masculino,BR
4965,Luciana Alves Souza,luciana.alves.souza4965@email.com,Feminino,BR
4966,Francisco Lopes Nascimento,francisco.lopes.nascimento4966@email.com,Masculino,BR
4967,Simone Barros Brito,simone.barros.brito4967@email.com,Feminino,BR
4968,Paulo Azevedo Freitas,paulo.azevedo.freitas4968@email.com,Masculino,BR
4969,Luciana Azevedo Cunha,luciana.azevedo.cunha4969@email.com,Feminino,BR
4970,Matheus Azevedo Santos,matheus.azevedo.santos4970@email.com,Masculino,BR
4971,Tatiane Santos Macedo,tatiane.santos.macedo4971@email.com,Feminino,BR
4972,Matheus Ferreira Coelho,matheus.ferreira.coelho4972@email.com,Masculino,BR
4973,Beatriz Guimaraes Monteiro,beatriz.guimaraes.monteiro4973@email.com,Feminino,BR
4974,Gustavo Fonseca Barros,gustavo.fonseca.barros4974@email.com,Masculino,BR
4975,Carla Souza Guimaraes,carla.souza.guimaraes4975@email.com,Feminino,BR
4976,Marcelo Duarte Barbosa,marcelo.duarte.barbosa4976@email.com,Masculino,BR
4977,Fernanda Coelho Melo,fernanda.coelho.melo4977@email.com,Feminino,BR
4978,Leonardo Souza Moreira,leonardo.souza.moreira4978@email.com,Masculino,BR
4979,Maria Azevedo Fernandes,maria.azevedo.fernandes4979@email.com,Feminino,BR
4980,Francisco Azevedo Reis,francisco.azevedo.reis4980@email.com,Masculino,BR
4981,Fernanda Ferreira Costa,fernanda.ferreira.costa4981@email.com,Feminino,BR
4982,Vinicius Reis Vasconcelos,vinicius.reis.vasconcelos4982@email.com,Masculino,BR
4983,Amanda Teixeira Tavares,amanda.teixeira.tavares4983@email.com,Feminino,BR
4984,Lucas Torres Barbosa,lucas.torres.barbosa4984@email.com,Masculino,BR
4985,Eliane Machado Nascimento,eliane.machado.nascimento4985@email.com,Feminino,BR
4986,Igor Costa Lima,igor.costa.lima4986@email.com,Masculino,BR
4987,Rosana Brito Barros,rosana.brito.barros4987@email.com,Feminino,BR
4988,Roberto Nascimento Dias,roberto.nascimento.dias4988@email.com,Masculino,BR
4989,Fabiana Rocha Pires,fabiana.rocha.pires4989@email.com,Feminino,BR
4990,Antonio Souza Carvalho,antonio.souza.carvalho4990@email.com,Masculino,BR
4991,Isabela Monteiro Morais,isabela.monteiro.morais4991@email.com,Feminino,BR
4992,Leandro Matos Silva,leandro.matos.silva4992@email.com,Masculino,BR
4993,Pamela Guimaraes Nascimento,pamela.guimaraes.nascimento4993@email.com,Feminino,BR
4994,André Lima Pereira,andré.lima.pereira4994@email.com,Masculino,BR
4995,Maria Rocha Tavares,maria.rocha.tavares4995@email.com,Feminino,BR
4996,Felipe Moura Alves,felipe.moura.alves4996@email.com,Masculino,BR
4997,Priscila Dias Alves,priscila.dias.alves4997@email.com,Feminino,BR
4998,Fernando Santos Reis,fernando.santos.reis4998@email.com,Masculino,BR
4999,Aline Lopes Moreira,aline.lopes.moreira4999@email.com,Feminino,BR
5000,Roberto Lima Monteiro,roberto.lima.monteiro5000@email.com,Masculino,BR
5001,Carolina Machado Ribeiro,carolina.machado.ribeiro5001@email.com,Feminino,BR
5002,Gustavo Reis Melo,gustavo.reis.melo5002@email.com,Masculino,BR
5003,Gisele Mendes Torres,gisele.mendes.torres5003@email.com,Feminino,BR
5004,Cesar Brito Lopes,cesar.brito.lopes5004@email.com,Masculino,BR
5005,Andrea Lima Ramos,andrea.lima.ramos5005@email.com,Feminino,BR
5006,Rafael Morais Santos,rafael.morais.santos5006@email.com,Masculino,BR
5007,Vanessa Rocha Torres,vanessa.rocha.torres5007@email.com,Feminino,BR
5008,Gustavo Martins Barros,gustavo.martins.barros5008@email.com,Masculino,BR
5009,Gisele Gomes Machado,gisele.gomes.machado5009@email.com,Feminino,BR
5010,Fernando Barbosa Barbosa,fernando.barbosa.barbosa5010@email.com,Masculino,BR
5011,Amanda Fonseca Rezende,amanda.fonseca.rezende5011@email.com,Feminino,BR
5012,Fabio Siqueira Nunes,fabio.siqueira.nunes5012@email.com,Masculino,BR
5013,Carolina Rodrigues Nascimento,carolina.rodrigues.nascimento5013@email.com,Feminino,BR
5014,Lucas Azevedo Cunha,lucas.azevedo.cunha5014@email.com,Masculino,BR
5015,Luciana Rocha Santos,luciana.rocha.santos5015@email.com,Feminino,BR
5016,Rodrigo Azevedo Lima,rodrigo.azevedo.lima5016@email.com,Masculino,BR
5017,Eliane Rodrigues Silva,eliane.rodrigues.silva5017@email.com,Feminino,BR
5018,Mauricio Monteiro Oliveira,mauricio.monteiro.oliveira5018@email.com,Masculino,BR
5019,Andrea Lopes Oliveira,andrea.lopes.oliveira5019@email.com,Feminino,BR
5020,Paulo Souza Azevedo,paulo.souza.azevedo5020@email.com,Masculino,BR
5021,Bruna Nunes Silva,bruna.nunes.silva5021@email.com,Feminino,BR
5022,Thiago Freitas Barros,thiago.freitas.barros5022@email.com,Masculino,BR
5023,Aline Dias Freitas,aline.dias.freitas5023@email.com,Feminino,BR
5024,Francisco Rodrigues Barros,francisco.rodrigues.barros5024@email.com,Masculino,BR
5025,Patricia Ribeiro Vasconcelos,patricia.ribeiro.vasconcelos5025@email.com,Feminino,BR
5026,Rafael Freitas Vasconcelos,rafael.freitas.vasconcelos5026@email.com,Masculino,BR
5027,Eliane Teixeira Azevedo,eliane.teixeira.azevedo5027@email.com,Feminino,BR
5028,Gabriel Nunes Xavier,gabriel.nunes.xavier5028@email.com,Masculino,BR
5029,Raquel Moreira Pereira,raquel.moreira.pereira5029@email.com,Feminino,BR
5030,Fernando Rodrigues Machado,fernando.rodrigues.machado5030@email.com,Masculino,BR
5031,Claudia Siqueira Ribeiro,claudia.siqueira.ribeiro5031@email.com,Feminino,BR
5032,Sergio Correia Barros,sergio.correia.barros5032@email.com,Masculino,BR
5033,Fabiana Mendes Souza,fabiana.mendes.souza5033@email.com,Feminino,BR
5034,Diego Fonseca Fonseca,diego.fonseca.fonseca5034@email.com,Masculino,BR
5035,Sandra Fonseca Guimaraes,sandra.fonseca.guimaraes5035@email.com,Feminino,BR
5036,Leonardo Pereira Oliveira,leonardo.pereira.oliveira5036@email.com,Masculino,BR
5037,Ana Melo Matos,ana.melo.matos5037@email.com,Feminino,BR
5038,Thiago Carvalho Alves,thiago.carvalho.alves5038@email.com,Masculino,BR
5039,Amanda Rezende Brito,amanda.rezende.brito5039@email.com,Feminino,BR
5040,Fernando Cardoso Coelho,fernando.cardoso.coelho5040@email.com,Masculino,BR
5041,Cristina Macedo Fernandes,cristina.macedo.fernandes5041@email.com,Feminino,BR
5042,Gustavo Alves Ribeiro,gustavo.alves.ribeiro5042@email.com,Masculino,BR
5043,Daniela Coelho Cunha,daniela.coelho.cunha5043@email.com,Feminino,BR
5044,Ricardo Costa Guimaraes,ricardo.costa.guimaraes5044@email.com,Masculino,BR
5045,Adriana Lima Oliveira,adriana.lima.oliveira5045@email.com,Feminino,BR
5046,Ricardo Lopes Coelho,ricardo.lopes.coelho5046@email.com,Masculino,BR
5047,Carla Tavares Morais,carla.tavares.morais5047@email.com,Feminino,BR
5048,Pedro Ribeiro Cardoso,pedro.ribeiro.cardoso5048@email.com,Masculino,BR
5049,Amanda Nascimento Lopes,amanda.nascimento.lopes5049@email.com,Feminino,BR
5050,Alexandre Souza Morais,alexandre.souza.morais5050@email.com,Masculino,BR
5051,Eliane Pires Gomes,eliane.pires.gomes5051@email.com,Feminino,BR
5052,André Mendes Rezende,andré.mendes.rezende5052@email.com,Masculino,BR
5053,Jessica Brito Barbosa,jessica.brito.barbosa5053@email.com,Feminino,BR
5054,Eduardo Gomes Pinheiro,eduardo.gomes.pinheiro5054@email.com,Masculino,BR
5055,Mariana Ramos Torres,mariana.ramos.torres5055@email.com,Feminino,BR
5056,Francisco Fernandes Xavier,francisco.fernandes.xavier5056@email.com,Masculino,BR
5057,Renata Ferreira Fonseca,renata.ferreira.fonseca5057@email.com,Feminino,BR
5058,Pedro Morais Siqueira,pedro.morais.siqueira5058@email.com,Masculino,BR
5059,Amanda Dias Oliveira,amanda.dias.oliveira5059@email.com,Feminino,BR
5060,Gabriel Silva Campos,gabriel.silva.campos5060@email.com,Masculino,BR
5061,Bianca Duarte Castro,bianca.duarte.castro5061@email.com,Feminino,BR
5062,Ricardo Teixeira Ribeiro,ricardo.teixeira.ribeiro5062@email.com,Masculino,BR
5063,Fabiana Rezende Gomes,fabiana.rezende.gomes5063@email.com,Feminino,BR
5064,Marcos Duarte Torres,marcos.duarte.torres5064@email.com,Masculino,BR
5065,Thais Barros Freitas,thais.barros.freitas5065@email.com,Feminino,BR
5066,Paulo Guimaraes Pires,paulo.guimaraes.pires5066@email.com,Masculino,BR
5067,Beatriz Fernandes Pereira,beatriz.fernandes.pereira5067@email.com,Feminino,BR
5068,Renato Ramos Morais,renato.ramos.morais5068@email.com,Masculino,BR
5069,Daniela Pereira Duarte,daniela.pereira.duarte5069@email.com,Feminino,BR
5070,Bruno Souza Xavier,bruno.souza.xavier5070@email.com,Masculino,BR
5071,Fabiana Monteiro Alves,fabiana.monteiro.alves5071@email.com,Feminino,BR
5072,Felipe Rezende Carvalho,felipe.rezende.carvalho5072@email.com,Masculino,BR
5073,Fernanda Tavares Castro,fernanda.tavares.castro5073@email.com,Feminino,BR
5074,Igor Santos Carvalho,igor.santos.carvalho5074@email.com,Masculino,BR
5075,Leticia Reis Mendes,leticia.reis.mendes5075@email.com,Feminino,BR
5076,Alexandre Correia Freitas,alexandre.correia.freitas5076@email.com,Masculino,BR
5077,Patricia Martins Barbosa,patricia.martins.barbosa5077@email.com,Feminino,BR
5078,Ricardo Castro Duarte,ricardo.castro.duarte5078@email.com,Masculino,BR
5079,Priscila Melo Moura,priscila.melo.moura5079@email.com,Feminino,BR
5080,Cesar Barros Monteiro,cesar.barros.monteiro5080@email.com,Masculino,BR
5081,Carolina Guimaraes Costa,carolina.guimaraes.costa5081@email.com,Feminino,BR
5082,Marcelo Nascimento Lima,marcelo.nascimento.lima5082@email.com,Masculino,BR
5083,Rosana Machado Mendes,rosana.machado.mendes5083@email.com,Feminino,BR
5084,Pedro Oliveira Teixeira,pedro.oliveira.teixeira5084@email.com,Masculino,BR
5085,Bianca Mendes Gomes,bianca.mendes.gomes5085@email.com,Feminino,BR
5086,Igor Coelho Costa,igor.coelho.costa5086@email.com,Masculino,BR
5087,Beatriz Dias Pires,beatriz.dias.pires5087@email.com,Feminino,BR
5088,Igor Coelho Siqueira,igor.coelho.siqueira5088@email.com,Masculino,BR
5089,Fernanda Araujo Rezende,fernanda.araujo.rezende5089@email.com,Feminino,BR
5090,Ricardo Fernandes Duarte,ricardo.fernandes.duarte5090@email.com,Masculino,BR
5091,Andrea Nascimento Reis,andrea.nascimento.reis5091@email.com,Feminino,BR
5092,Carlos Freitas Pereira,carlos.freitas.pereira5092@email.com,Masculino,BR
5093,Bianca Tavares Pinheiro,bianca.tavares.pinheiro5093@email.com,Feminino,BR
5094,Cesar Ferreira Pires,cesar.ferreira.pires5094@email.com,Masculino,BR
5095,Thais Souza Nunes,thais.souza.nunes5095@email.com,Feminino,BR
5096,Carlos Alves Oliveira,carlos.alves.oliveira5096@email.com,Masculino,BR
5097,Pamela Barros Carvalho,pamela.barros.carvalho5097@email.com,Feminino,BR
5098,Paulo Ramos Machado,paulo.ramos.machado5098@email.com,Masculino,BR
5099,Raquel Xavier Melo,raquel.xavier.melo5099@email.com,Feminino,BR
5100,Eduardo Santos Costa,eduardo.santos.costa5100@email.com,Masculino,BR
5101,Ana Macedo Xavier,ana.macedo.xavier5101@email.com,Feminino,BR
5102,André Castro Tavares,andré.castro.tavares5102@email.com,Masculino,BR
5103,Daniela Brito Brito,daniela.brito.brito5103@email.com,Feminino,BR
5104,Pedro Pires Machado,pedro.pires.machado5104@email.com,Masculino,BR
5105,Fernanda Rodrigues Macedo,fernanda.rodrigues.macedo5105@email.com,Feminino,BR
5106,Alexandre Nascimento Souza,alexandre.nascimento.souza5106@email.com,Masculino,BR
5107,Luciana Nascimento Ramos,luciana.nascimento.ramos5107@email.com,Feminino,BR
5108,Rafael Souza Lima,rafael.souza.lima5108@email.com,Masculino,BR
5109,Jessica Lima Guimaraes,jessica.lima.guimaraes5109@email.com,Feminino,BR
5110,Fabio Freitas Gomes,fabio.freitas.gomes5110@email.com,Masculino,BR
5111,Monica Ramos Costa,monica.ramos.costa5111@email.com,Feminino,BR
5112,Gustavo Carvalho Ferreira,gustavo.carvalho.ferreira5112@email.com,Masculino,BR
5113,Rosana Silva Carvalho,rosana.silva.carvalho5113@email.com,Feminino,BR
5114,Matheus Pinheiro Coelho,matheus.pinheiro.coelho5114@email.com,Masculino,BR
5115,Gisele Duarte Oliveira,gisele.duarte.oliveira5115@email.com,Feminino,BR
5116,João Matos Araujo,joão.matos.araujo5116@email.com,Masculino,BR
5117,Fernanda Pereira Costa,fernanda.pereira.costa5117@email.com,Feminino,BR
5118,Gabriel Lopes Ribeiro,gabriel.lopes.ribeiro5118@email.com,Masculino,BR
5119,Leticia Oliveira Cardoso,leticia.oliveira.cardoso5119@email.com,Feminino,BR
5120,Paulo Tavares Vasconcelos,paulo.tavares.vasconcelos5120@email.com,Masculino,BR
5121,Priscila Barbosa Souza,priscila.barbosa.souza5121@email.com,Feminino,BR
5122,Wagner Moreira Machado,wagner.moreira.machado5122@email.com,Masculino,BR
5123,Larissa Siqueira Pereira,larissa.siqueira.pereira5123@email.com,Feminino,BR
5124,Ricardo Mendes Castro,ricardo.mendes.castro5124@email.com,Masculino,BR
5125,Tatiana Rezende Correia,tatiana.rezende.correia5125@email.com,Feminino,BR
5126,Paulo Melo Carvalho,paulo.melo.carvalho5126@email.com,Masculino,BR
5127,Jessica Correia Monteiro,jessica.correia.monteiro5127@email.com,Feminino,BR
5128,Fabio Macedo Pires,fabio.macedo.pires5128@email.com,Masculino,BR
5129,Leticia Vasconcelos Araujo,leticia.vasconcelos.araujo5129@email.com,Feminino,BR
5130,Francisco Nunes Cardoso,francisco.nunes.cardoso5130@email.com,Masculino,BR
5131,Gisele Barros Alves,gisele.barros.alves5131@email.com,Feminino,BR
5132,Roberto Freitas Cunha,roberto.freitas.cunha5132@email.com,Masculino,BR
5133,Andrea Rezende Nunes,andrea.rezende.nunes5133@email.com,Feminino,BR
5134,Bruno Dias Souza,bruno.dias.souza5134@email.com,Masculino,BR
5135,Fabiana Carvalho Monteiro,fabiana.carvalho.monteiro5135@email.com,Feminino,BR
5136,Rafael Dias Lima,rafael.dias.lima5136@email.com,Masculino,BR
5137,Carla Matos Torres,carla.matos.torres5137@email.com,Feminino,BR
5138,Rafael Oliveira Araujo,rafael.oliveira.araujo5138@email.com,Masculino,BR
5139,Jessica Vasconcelos Coelho,jessica.vasconcelos.coelho5139@email.com,Feminino,BR
5140,Caio Lima Santos,caio.lima.santos5140@email.com,Masculino,BR
5141,Pamela Reis Oliveira,pamela.reis.oliveira5141@email.com,Feminino,BR
5142,Vinicius Nunes Fonseca,vinicius.nunes.fonseca5142@email.com,Masculino,BR
5143,Daniela Monteiro Torres,daniela.monteiro.torres5143@email.com,Feminino,BR
5144,Bruno Costa Nunes,bruno.costa.nunes5144@email.com,Masculino,BR
5145,Andrea Rodrigues Rezende,andrea.rodrigues.rezende5145@email.com,Feminino,BR
5146,Pedro Rodrigues Rodrigues,pedro.rodrigues.rodrigues5146@email.com,Masculino,BR
5147,Jessica Oliveira Carvalho,jessica.oliveira.carvalho5147@email.com,Feminino,BR
5148,Marcos Rodrigues Ribeiro,marcos.rodrigues.ribeiro5148@email.com,Masculino,BR
5149,Luciana Castro Costa,luciana.castro.costa5149@email.com,Feminino,BR
5150,Leandro Oliveira Castro,leandro.oliveira.castro5150@email.com,Masculino,BR
5151,Sandra Santos Tavares,sandra.santos.tavares5151@email.com,Feminino,BR
5152,Igor Reis Mendes,igor.reis.mendes5152@email.com,Masculino,BR
5153,Rosana Dias Coelho,rosana.dias.coelho5153@email.com,Feminino,BR
5154,Pedro Teixeira Matos,pedro.teixeira.matos5154@email.com,Masculino,BR
5155,Andrea Ramos Ramos,andrea.ramos.ramos5155@email.com,Feminino,BR
5156,Roberto Fernandes Alves,roberto.fernandes.alves5156@email.com,Masculino,BR
5157,Tatiane Rodrigues Matos,tatiane.rodrigues.matos5157@email.com,Feminino,BR
5158,Rodrigo Melo Castro,rodrigo.melo.castro5158@email.com,Masculino,BR
5159,Bruna Ramos Duarte,bruna.ramos.duarte5159@email.com,Feminino,BR
5160,Sergio Macedo Moura,sergio.macedo.moura5160@email.com,Masculino,BR
5161,Adriana Martins Rodrigues,adriana.martins.rodrigues5161@email.com,Feminino,BR
5162,Caio Pinheiro Araujo,caio.pinheiro.araujo5162@email.com,Masculino,BR
5163,Beatriz Silva Nunes,beatriz.silva.nunes5163@email.com,Feminino,BR
5164,Vinicius Ferreira Araujo,vinicius.ferreira.araujo5164@email.com,Masculino,BR
5165,Gisele Barbosa Teixeira,gisele.barbosa.teixeira5165@email.com,Feminino,BR
5166,Sergio Moreira Oliveira,sergio.moreira.oliveira5166@email.com,Masculino,BR
5167,Andrea Nunes Campos,andrea.nunes.campos5167@email.com,Feminino,BR
5168,Vinicius Siqueira Mendes,vinicius.siqueira.mendes5168@email.com,Masculino,BR
5169,Claudia Silva Lima,claudia.silva.lima5169@email.com,Feminino,BR
5170,Leandro Duarte Siqueira,leandro.duarte.siqueira5170@email.com,Masculino,BR
5171,Simone Reis Mendes,simone.reis.mendes5171@email.com,Feminino,BR
5172,Daniel Lopes Azevedo,daniel.lopes.azevedo5172@email.com,Masculino,BR
5173,Ana Lopes Silva,ana.lopes.silva5173@email.com,Feminino,BR
5174,Caio Oliveira Freitas,caio.oliveira.freitas5174@email.com,Masculino,BR
5175,Thais Morais Melo,thais.morais.melo5175@email.com,Feminino,BR
5176,Rafael Dias Cunha,rafael.dias.cunha5176@email.com,Masculino,BR
5177,Fernanda Fonseca Ferreira,fernanda.fonseca.ferreira5177@email.com,Feminino,BR
5178,Vinicius Guimaraes Pires,vinicius.guimaraes.pires5178@email.com,Masculino,BR
5179,Simone Pereira Lopes,simone.pereira.lopes5179@email.com,Feminino,BR
5180,Daniel Mendes Macedo,daniel.mendes.macedo5180@email.com,Masculino,BR
5181,Sabrina Mendes Rezende,sabrina.mendes.rezende5181@email.com,Feminino,BR
5182,Gabriel Carvalho Morais,gabriel.carvalho.morais5182@email.com,Masculino,BR
5183,Vanessa Rocha Guimaraes,vanessa.rocha.guimaraes5183@email.com,Feminino,BR
5184,Roberto Carvalho Lima,roberto.carvalho.lima5184@email.com,Masculino,BR
5185,Juliana Ribeiro Brito,juliana.ribeiro.brito5185@email.com,Feminino,BR
5186,Jose Lopes Fonseca,jose.lopes.fonseca5186@email.com,Masculino,BR
5187,Simone Oliveira Pires,simone.oliveira.pires5187@email.com,Feminino,BR
5188,Eduardo Costa Correia,eduardo.costa.correia5188@email.com,Masculino,BR
5189,Adriana Mendes Santos,adriana.mendes.santos5189@email.com,Feminino,BR
5190,Paulo Castro Correia,paulo.castro.correia5190@email.com,Masculino,BR
5191,Juliana Tavares Araujo,juliana.tavares.araujo5191@email.com,Feminino,BR
5192,Paulo Alves Pereira,paulo.alves.pereira5192@email.com,Masculino,BR
5193,Aline Lopes Lima,aline.lopes.lima5193@email.com,Feminino,BR
5194,Jose Pereira Araujo,jose.pereira.araujo5194@email.com,Masculino,BR
5195,Tatiana Cardoso Duarte,tatiana.cardoso.duarte5195@email.com,Feminino,BR
5196,Fabio Reis Torres,fabio.reis.torres5196@email.com,Masculino,BR
5197,Bianca Pereira Vasconcelos,bianca.pereira.vasconcelos5197@email.com,Feminino,BR
5198,Guilherme Barbosa Rocha,guilherme.barbosa.rocha5198@email.com,Masculino,BR
5199,Ana Cardoso Tavares,ana.cardoso.tavares5199@email.com,Feminino,BR
5200,Fabio Teixeira Cunha,fabio.teixeira.cunha5200@email.com,Masculino,BR
5201,Carla Machado Barbosa,carla.machado.barbosa5201@email.com,Feminino,BR
5202,Cesar Santos Martins,cesar.santos.martins5202@email.com,Masculino,BR
5203,Carla Oliveira Barbosa,carla.oliveira.barbosa5203@email.com,Feminino,BR
5204,Rafael Fonseca Santos,rafael.fonseca.santos5204@email.com,Masculino,BR
5205,Amanda Tavares Dias,amanda.tavares.dias5205@email.com,Feminino,BR
5206,Diego Barros Correia,diego.barros.correia5206@email.com,Masculino,BR
5207,Aline Xavier Fonseca,aline.xavier.fonseca5207@email.com,Feminino,BR
5208,Paulo Dias Rodrigues,paulo.dias.rodrigues5208@email.com,Masculino,BR
5209,Rosana Oliveira Siqueira,rosana.oliveira.siqueira5209@email.com,Feminino,BR
5210,Rafael Rodrigues Coelho,rafael.rodrigues.coelho5210@email.com,Masculino,BR
5211,Camila Pereira Carvalho,camila.pereira.carvalho5211@email.com,Feminino,BR
5212,Sergio Barros Duarte,sergio.barros.duarte5212@email.com,Masculino,BR
5213,Tatiane Matos Cunha,tatiane.matos.cunha5213@email.com,Feminino,BR
5214,Marcelo Matos Lima,marcelo.matos.lima5214@email.com,Masculino,BR
5215,Fabiana Fernandes Costa,fabiana.fernandes.costa5215@email.com,Feminino,BR
5216,Wagner Machado Siqueira,wagner.machado.siqueira5216@email.com,Masculino,BR
5217,Fabiana Moura Lopes,fabiana.moura.lopes5217@email.com,Feminino,BR
5218,Diego Nunes Gomes,diego.nunes.gomes5218@email.com,Masculino,BR
5219,Eliane Barbosa Araujo,eliane.barbosa.araujo5219@email.com,Feminino,BR
5220,Igor Araujo Fernandes,igor.araujo.fernandes5220@email.com,Masculino,BR
5221,Carla Carvalho Azevedo,carla.carvalho.azevedo5221@email.com,Feminino,BR
5222,Diego Pinheiro Lima,diego.pinheiro.lima5222@email.com,Masculino,BR
5223,Priscila Lopes Matos,priscila.lopes.matos5223@email.com,Feminino,BR
5224,Matheus Campos Ferreira,matheus.campos.ferreira5224@email.com,Masculino,BR
5225,Sandra Pires Barros,sandra.pires.barros5225@email.com,Feminino,BR
5226,Ricardo Campos Vasconcelos,ricardo.campos.vasconcelos5226@email.com,Masculino,BR
5227,Thais Tavares Carvalho,thais.tavares.carvalho5227@email.com,Feminino,BR
5228,Renato Xavier Cunha,renato.xavier.cunha5228@email.com,Masculino,BR
5229,Cristina Duarte Torres,cristina.duarte.torres5229@email.com,Feminino,BR
5230,Gabriel Castro Araujo,gabriel.castro.araujo5230@email.com,Masculino,BR
5231,Bianca Brito Fonseca,bianca.brito.fonseca5231@email.com,Feminino,BR
5232,Gabriel Tavares Mendes,gabriel.tavares.mendes5232@email.com,Masculino,BR
5233,Leticia Teixeira Cardoso,leticia.teixeira.cardoso5233@email.com,Feminino,BR
5234,Felipe Ferreira Cunha,felipe.ferreira.cunha5234@email.com,Masculino,BR
5235,Bianca Barros Rocha,bianca.barros.rocha5235@email.com,Feminino,BR
5236,Sergio Rezende Morais,sergio.rezende.morais5236@email.com,Masculino,BR
5237,Renata Ribeiro Azevedo,renata.ribeiro.azevedo5237@email.com,Feminino,BR
5238,João Martins Lima,joão.martins.lima5238@email.com,Masculino,BR
5239,Bianca Mendes Coelho,bianca.mendes.coelho5239@email.com,Feminino,BR
5240,Rafael Correia Machado,rafael.correia.machado5240@email.com,Masculino,BR
5241,Amanda Souza Oliveira,amanda.souza.oliveira5241@email.com,Feminino,BR
5242,Guilherme Santos Nascimento,guilherme.santos.nascimento5242@email.com,Masculino,BR
5243,Mariana Pereira Souza,mariana.pereira.souza5243@email.com,Feminino,BR
5244,Jose Moura Rodrigues,jose.moura.rodrigues5244@email.com,Masculino,BR
5245,Luciana Freitas Souza,luciana.freitas.souza5245@email.com,Feminino,BR
5246,Leonardo Nascimento Pires,leonardo.nascimento.pires5246@email.com,Masculino,BR
5247,Priscila Correia Barbosa,priscila.correia.barbosa5247@email.com,Feminino,BR
5248,Felipe Teixeira Torres,felipe.teixeira.torres5248@email.com,Masculino,BR
5249,Monica Fonseca Tavares,monica.fonseca.tavares5249@email.com,Feminino,BR
5250,Cesar Alves Matos,cesar.alves.matos5250@email.com,Masculino,BR
5251,Juliana Pereira Pinheiro,juliana.pereira.pinheiro5251@email.com,Feminino,BR
5252,Paulo Lopes Cunha,paulo.lopes.cunha5252@email.com,Masculino,BR
5253,Jessica Pinheiro Reis,jessica.pinheiro.reis5253@email.com,Feminino,BR
5254,Guilherme Barbosa Coelho,guilherme.barbosa.coelho5254@email.com,Masculino,BR
5255,Thais Nascimento Souza,thais.nascimento.souza5255@email.com,Feminino,BR
5256,Daniel Matos Macedo,daniel.matos.macedo5256@email.com,Masculino,BR
5257,Rosana Torres Barros,rosana.torres.barros5257@email.com,Feminino,BR
5258,Bruno Rocha Silva,bruno.rocha.silva5258@email.com,Masculino,BR
5259,Rosana Fonseca Campos,rosana.fonseca.campos5259@email.com,Feminino,BR
5260,Caio Rodrigues Cardoso,caio.rodrigues.cardoso5260@email.com,Masculino,BR
5261,Jessica Ribeiro Barros,jessica.ribeiro.barros5261@email.com,Feminino,BR
5262,Mauricio Nunes Macedo,mauricio.nunes.macedo5262@email.com,Masculino,BR
5263,Amanda Carvalho Monteiro,amanda.carvalho.monteiro5263@email.com,Feminino,BR
5264,Antonio Teixeira Costa,antonio.teixeira.costa5264@email.com,Masculino,BR
5265,Eliane Moura Moura,eliane.moura.moura5265@email.com,Feminino,BR
5266,Mauricio Barros Melo,mauricio.barros.melo5266@email.com,Masculino,BR
5267,Luciana Barbosa Cardoso,luciana.barbosa.cardoso5267@email.com,Feminino,BR
5268,Alexandre Cardoso Coelho,alexandre.cardoso.coelho5268@email.com,Masculino,BR
5269,Vanessa Rocha Oliveira,vanessa.rocha.oliveira5269@email.com,Feminino,BR
5270,Marcos Ramos Moura,marcos.ramos.moura5270@email.com,Masculino,BR
5271,Sabrina Duarte Guimaraes,sabrina.duarte.guimaraes5271@email.com,Feminino,BR
5272,Diego Alves Freitas,diego.alves.freitas5272@email.com,Masculino,BR
5273,Leticia Martins Lima,leticia.martins.lima5273@email.com,Feminino,BR
5274,Rodrigo Nunes Rezende,rodrigo.nunes.rezende5274@email.com,Masculino,BR
5275,Jessica Carvalho Martins,jessica.carvalho.martins5275@email.com,Feminino,BR
5276,Rodrigo Mendes Tavares,rodrigo.mendes.tavares5276@email.com,Masculino,BR
5277,Amanda Carvalho Siqueira,amanda.carvalho.siqueira5277@email.com,Feminino,BR
5278,Vinicius Rocha Alves,vinicius.rocha.alves5278@email.com,Masculino,BR
5279,Tatiana Pires Reis,tatiana.pires.reis5279@email.com,Feminino,BR
5280,Jose Coelho Martins,jose.coelho.martins5280@email.com,Masculino,BR
5281,Ana Tavares Oliveira,ana.tavares.oliveira5281@email.com,Feminino,BR
5282,Marcelo Castro Fernandes,marcelo.castro.fernandes5282@email.com,Masculino,BR
5283,Renata Silva Rezende,renata.silva.rezende5283@email.com,Feminino,BR
5284,Pedro Campos Dias,pedro.campos.dias5284@email.com,Masculino,BR
5285,Leticia Duarte Ramos,leticia.duarte.ramos5285@email.com,Feminino,BR
5286,Renato Moura Souza,renato.moura.souza5286@email.com,Masculino,BR
5287,Bruna Barbosa Lima,bruna.barbosa.lima5287@email.com,Feminino,BR
5288,Felipe Lopes Ramos,felipe.lopes.ramos5288@email.com,Masculino,BR
5289,Pamela Mendes Ferreira,pamela.mendes.ferreira5289@email.com,Feminino,BR
5290,Gabriel Nunes Matos,gabriel.nunes.matos5290@email.com,Masculino,BR
5291,Larissa Freitas Fernandes,larissa.freitas.fernandes5291@email.com,Feminino,BR
5292,Bruno Pinheiro Xavier,bruno.pinheiro.xavier5292@email.com,Masculino,BR
5293,Cristina Matos Pereira,cristina.matos.pereira5293@email.com,Feminino,BR
5294,Diego Martins Barros,diego.martins.barros5294@email.com,Masculino,BR
5295,Monica Nunes Azevedo,monica.nunes.azevedo5295@email.com,Feminino,BR
5296,Jose Brito Macedo,jose.brito.macedo5296@email.com,Masculino,BR
5297,Patricia Correia Nascimento,patricia.correia.nascimento5297@email.com,Feminino,BR
5298,Diego Oliveira Ramos,diego.oliveira.ramos5298@email.com,Masculino,BR
5299,Amanda Correia Xavier,amanda.correia.xavier5299@email.com,Feminino,BR
5300,Francisco Cardoso Gomes,francisco.cardoso.gomes5300@email.com,Masculino,BR
5301,Tatiane Siqueira Reis,tatiane.siqueira.reis5301@email.com,Feminino,BR
5302,Carlos Morais Morais,carlos.morais.morais5302@email.com,Masculino,BR
5303,Maria Araujo Souza,maria.araujo.souza5303@email.com,Feminino,BR
5304,Mauricio Rodrigues Carvalho,mauricio.rodrigues.carvalho5304@email.com,Masculino,BR
5305,Renata Mendes Machado,renata.mendes.machado5305@email.com,Feminino,BR
5306,Rafael Rezende Torres,rafael.rezende.torres5306@email.com,Masculino,BR
5307,Vanessa Matos Rezende,vanessa.matos.rezende5307@email.com,Feminino,BR
5308,Rodrigo Souza Gomes,rodrigo.souza.gomes5308@email.com,Masculino,BR
5309,Camila Moura Melo,camila.moura.melo5309@email.com,Feminino,BR
5310,Marcos Silva Ramos,marcos.silva.ramos5310@email.com,Masculino,BR
5311,Patricia Rezende Pires,patricia.rezende.pires5311@email.com,Feminino,BR
5312,Cesar Dias Correia,cesar.dias.correia5312@email.com,Masculino,BR
5313,Vanessa Oliveira Cunha,vanessa.oliveira.cunha5313@email.com,Feminino,BR
5314,Henrique Guimaraes Rodrigues,henrique.guimaraes.rodrigues5314@email.com,Masculino,BR
5315,Rosana Araujo Morais,rosana.araujo.morais5315@email.com,Feminino,BR
5316,Paulo Machado Moura,paulo.machado.moura5316@email.com,Masculino,BR
5317,Vanessa Monteiro Reis,vanessa.monteiro.reis5317@email.com,Feminino,BR
5318,Eduardo Barbosa Siqueira,eduardo.barbosa.siqueira5318@email.com,Masculino,BR
5319,Pamela Rezende Xavier,pamela.rezende.xavier5319@email.com,Feminino,BR
5320,Leonardo Tavares Freitas,leonardo.tavares.freitas5320@email.com,Masculino,BR
5321,Gisele Machado Barbosa,gisele.machado.barbosa5321@email.com,Feminino,BR
5322,Lucas Carvalho Lima,lucas.carvalho.lima5322@email.com,Masculino,BR
5323,Leticia Cunha Lopes,leticia.cunha.lopes5323@email.com,Feminino,BR
5324,Diego Araujo Siqueira,diego.araujo.siqueira5324@email.com,Masculino,BR
5325,Luciana Lima Ribeiro,luciana.lima.ribeiro5325@email.com,Feminino,BR
5326,Caio Cardoso Siqueira,caio.cardoso.siqueira5326@email.com,Masculino,BR
5327,Larissa Freitas Nascimento,larissa.freitas.nascimento5327@email.com,Feminino,BR
5328,Leonardo Correia Souza,leonardo.correia.souza5328@email.com,Masculino,BR
5329,Thais Reis Fernandes,thais.reis.fernandes5329@email.com,Feminino,BR
5330,Antonio Tavares Cunha,antonio.tavares.cunha5330@email.com,Masculino,BR
5331,Priscila Santos Barbosa,priscila.santos.barbosa5331@email.com,Feminino,BR
5332,Vinicius Barros Dias,vinicius.barros.dias5332@email.com,Masculino,BR
5333,Bianca Costa Pires,bianca.costa.pires5333@email.com,Feminino,BR
5334,Diego Mendes Brito,diego.mendes.brito5334@email.com,Masculino,BR
5335,Simone Cunha Moreira,simone.cunha.moreira5335@email.com,Feminino,BR
5336,Renato Ramos Moreira,renato.ramos.moreira5336@email.com,Masculino,BR
5337,Adriana Costa Nunes,adriana.costa.nunes5337@email.com,Feminino,BR
5338,Antonio Matos Carvalho,antonio.matos.carvalho5338@email.com,Masculino,BR
5339,Monica Morais Torres,monica.morais.torres5339@email.com,Feminino,BR
5340,Carlos Monteiro Lopes,carlos.monteiro.lopes5340@email.com,Masculino,BR
5341,Bianca Carvalho Duarte,bianca.carvalho.duarte5341@email.com,Feminino,BR
5342,Thiago Castro Dias,thiago.castro.dias5342@email.com,Masculino,BR
5343,Larissa Guimaraes Guimaraes,larissa.guimaraes.guimaraes5343@email.com,Feminino,BR
5344,Igor Souza Tavares,igor.souza.tavares5344@email.com,Masculino,BR
5345,Gisele Santos Matos,gisele.santos.matos5345@email.com,Feminino,BR
5346,Pedro Fernandes Rodrigues,pedro.fernandes.rodrigues5346@email.com,Masculino,BR
5347,Camila Macedo Correia,camila.macedo.correia5347@email.com,Feminino,BR
5348,Igor Freitas Macedo,igor.freitas.macedo5348@email.com,Masculino,BR
5349,Tatiane Pereira Vasconcelos,tatiane.pereira.vasconcelos5349@email.com,Feminino,BR
5350,Roberto Moura Dias,roberto.moura.dias5350@email.com,Masculino,BR
5351,Carla Castro Gomes,carla.castro.gomes5351@email.com,Feminino,BR
5352,Thiago Reis Castro,thiago.reis.castro5352@email.com,Masculino,BR
5353,Carolina Correia Carvalho,carolina.correia.carvalho5353@email.com,Feminino,BR
5354,Rodrigo Fernandes Martins,rodrigo.fernandes.martins5354@email.com,Masculino,BR
5355,Carla Teixeira Cunha,carla.teixeira.cunha5355@email.com,Feminino,BR
5356,Marcos Pires Matos,marcos.pires.matos5356@email.com,Masculino,BR
5357,Priscila Silva Oliveira,priscila.silva.oliveira5357@email.com,Feminino,BR
5358,Pedro Coelho Moura,pedro.coelho.moura5358@email.com,Masculino,BR
5359,Amanda Barros Moreira,amanda.barros.moreira5359@email.com,Feminino,BR
5360,Antonio Oliveira Martins,antonio.oliveira.martins5360@email.com,Masculino,BR
5361,Leticia Monteiro Santos,leticia.monteiro.santos5361@email.com,Feminino,BR
5362,Eduardo Morais Macedo,eduardo.morais.macedo5362@email.com,Masculino,BR
5363,Priscila Oliveira Nunes,priscila.oliveira.nunes5363@email.com,Feminino,BR
5364,Felipe Torres Xavier,felipe.torres.xavier5364@email.com,Masculino,BR
5365,Daniela Vasconcelos Moreira,daniela.vasconcelos.moreira5365@email.com,Feminino,BR
5366,Gabriel Torres Pinheiro,gabriel.torres.pinheiro5366@email.com,Masculino,BR
5367,Sabrina Ferreira Pereira,sabrina.ferreira.pereira5367@email.com,Feminino,BR
5368,Ricardo Barros Matos,ricardo.barros.matos5368@email.com,Masculino,BR
5369,Bianca Santos Silva,bianca.santos.silva5369@email.com,Feminino,BR
5370,Marcelo Tavares Rocha,marcelo.tavares.rocha5370@email.com,Masculino,BR
5371,Amanda Pinheiro Fonseca,amanda.pinheiro.fonseca5371@email.com,Feminino,BR
5372,Leonardo Gomes Reis,leonardo.gomes.reis5372@email.com,Masculino,BR
5373,Claudia Melo Monteiro,claudia.melo.monteiro5373@email.com,Feminino,BR
5374,Diego Ramos Barros,diego.ramos.barros5374@email.com,Masculino,BR
5375,Ana Monteiro Nunes,ana.monteiro.nunes5375@email.com,Feminino,BR
5376,Caio Gomes Alves,caio.gomes.alves5376@email.com,Masculino,BR
5377,Adriana Vasconcelos Duarte,adriana.vasconcelos.duarte5377@email.com,Feminino,BR
5378,Fernando Rodrigues Barbosa,fernando.rodrigues.barbosa5378@email.com,Masculino,BR
5379,Luciana Ferreira Carvalho,luciana.ferreira.carvalho5379@email.com,Feminino,BR
5380,Matheus Pires Nunes,matheus.pires.nunes5380@email.com,Masculino,BR
5381,Thais Barbosa Nascimento,thais.barbosa.nascimento5381@email.com,Feminino,BR
5382,Marcelo Barros Araujo,marcelo.barros.araujo5382@email.com,Masculino,BR
5383,Daniela Santos Rezende,daniela.santos.rezende5383@email.com,Feminino,BR
5384,Leonardo Campos Coelho,leonardo.campos.coelho5384@email.com,Masculino,BR
5385,Gisele Correia Alves,gisele.correia.alves5385@email.com,Feminino,BR
5386,Renato Carvalho Duarte,renato.carvalho.duarte5386@email.com,Masculino,BR
5387,Ana Moreira Macedo,ana.moreira.macedo5387@email.com,Feminino,BR
5388,Eduardo Lopes Campos,eduardo.lopes.campos5388@email.com,Masculino,BR
5389,Thais Duarte Alves,thais.duarte.alves5389@email.com,Feminino,BR
5390,Leandro Teixeira Rocha,leandro.teixeira.rocha5390@email.com,Masculino,BR
5391,Camila Alves Pires,camila.alves.pires5391@email.com,Feminino,BR
5392,Thiago Dias Rezende,thiago.dias.rezende5392@email.com,Masculino,BR
5393,Rosana Araujo Ferreira,rosana.araujo.ferreira5393@email.com,Feminino,BR
5394,Rafael Moreira Guimaraes,rafael.moreira.guimaraes5394@email.com,Masculino,BR
5395,Thais Moura Matos,thais.moura.matos5395@email.com,Feminino,BR
5396,Sergio Coelho Carvalho,sergio.coelho.carvalho5396@email.com,Masculino,BR
5397,Fernanda Macedo Rezende,fernanda.macedo.rezende5397@email.com,Feminino,BR
5398,Henrique Cunha Monteiro,henrique.cunha.monteiro5398@email.com,Masculino,BR
5399,Monica Reis Rocha,monica.reis.rocha5399@email.com,Feminino,BR
5400,Carlos Cardoso Nascimento,carlos.cardoso.nascimento5400@email.com,Masculino,BR
5401,Eliane Tavares Cunha,eliane.tavares.cunha5401@email.com,Feminino,BR
5402,João Nunes Nascimento,joão.nunes.nascimento5402@email.com,Masculino,BR
5403,Tatiana Coelho Pires,tatiana.coelho.pires5403@email.com,Feminino,BR
5404,Antonio Castro Rezende,antonio.castro.rezende5404@email.com,Masculino,BR
5405,Simone Vasconcelos Araujo,simone.vasconcelos.araujo5405@email.com,Feminino,BR
5406,Diego Azevedo Correia,diego.azevedo.correia5406@email.com,Masculino,BR
5407,Thais Barros Pires,thais.barros.pires5407@email.com,Feminino,BR
5408,Bruno Alves Ramos,bruno.alves.ramos5408@email.com,Masculino,BR
5409,Patricia Rodrigues Souza,patricia.rodrigues.souza5409@email.com,Feminino,BR
5410,João Martins Moura,joão.martins.moura5410@email.com,Masculino,BR
5411,Larissa Martins Gomes,larissa.martins.gomes5411@email.com,Feminino,BR
5412,Renato Lima Oliveira,renato.lima.oliveira5412@email.com,Masculino,BR
5413,Luciana Rezende Martins,luciana.rezende.martins5413@email.com,Feminino,BR
5414,Francisco Rezende Souza,francisco.rezende.souza5414@email.com,Masculino,BR
5415,Tatiane Cunha Moreira,tatiane.cunha.moreira5415@email.com,Feminino,BR
5416,João Barbosa Lima,joão.barbosa.lima5416@email.com,Masculino,BR
5417,Luciana Barbosa Matos,luciana.barbosa.matos5417@email.com,Feminino,BR
5418,Vinicius Moura Cardoso,vinicius.moura.cardoso5418@email.com,Masculino,BR
5419,Andrea Campos Duarte,andrea.campos.duarte5419@email.com,Feminino,BR
5420,Thiago Rocha Barbosa,thiago.rocha.barbosa5420@email.com,Masculino,BR
5421,Fabiana Brito Dias,fabiana.brito.dias5421@email.com,Feminino,BR
5422,Cesar Correia Campos,cesar.correia.campos5422@email.com,Masculino,BR
5423,Fabiana Tavares Mendes,fabiana.tavares.mendes5423@email.com,Feminino,BR
5424,Fernando Azevedo Dias,fernando.azevedo.dias5424@email.com,Masculino,BR
5425,Monica Pinheiro Matos,monica.pinheiro.matos5425@email.com,Feminino,BR
5426,Gabriel Martins Moura,gabriel.martins.moura5426@email.com,Masculino,BR
5427,Thais Silva Cardoso,thais.silva.cardoso5427@email.com,Feminino,BR
5428,Matheus Ribeiro Rocha,matheus.ribeiro.rocha5428@email.com,Masculino,BR
5429,Thais Pereira Silva,thais.pereira.silva5429@email.com,Feminino,BR
5430,Leandro Nascimento Gomes,leandro.nascimento.gomes5430@email.com,Masculino,BR
5431,Renata Nascimento Alves,renata.nascimento.alves5431@email.com,Feminino,BR
5432,Marcelo Azevedo Teixeira,marcelo.azevedo.teixeira5432@email.com,Masculino,BR
5433,Amanda Costa Guimaraes,amanda.costa.guimaraes5433@email.com,Feminino,BR
5434,Caio Tavares Martins,caio.tavares.martins5434@email.com,Masculino,BR
5435,Patricia Freitas Morais,patricia.freitas.morais5435@email.com,Feminino,BR
5436,Rafael Carvalho Freitas,rafael.carvalho.freitas5436@email.com,Masculino,BR
5437,Maria Gomes Nunes,maria.gomes.nunes5437@email.com,Feminino,BR
5438,Rodrigo Torres Ramos,rodrigo.torres.ramos5438@email.com,Masculino,BR
5439,Rosana Matos Monteiro,rosana.matos.monteiro5439@email.com,Feminino,BR
5440,Fabio Guimaraes Macedo,fabio.guimaraes.macedo5440@email.com,Masculino,BR
5441,Carolina Mendes Pires,carolina.mendes.pires5441@email.com,Feminino,BR
5442,Marcelo Vasconcelos Siqueira,marcelo.vasconcelos.siqueira5442@email.com,Masculino,BR
5443,Renata Pereira Fonseca,renata.pereira.fonseca5443@email.com,Feminino,BR
5444,Rafael Alves Matos,rafael.alves.matos5444@email.com,Masculino,BR
5445,Tatiana Nunes Ribeiro,tatiana.nunes.ribeiro5445@email.com,Feminino,BR
5446,Henrique Duarte Alves,henrique.duarte.alves5446@email.com,Masculino,BR
5447,Beatriz Fernandes Moura,beatriz.fernandes.moura5447@email.com,Feminino,BR
5448,Mauricio Vasconcelos Macedo,mauricio.vasconcelos.macedo5448@email.com,Masculino,BR
5449,Daniela Teixeira Duarte,daniela.teixeira.duarte5449@email.com,Feminino,BR
5450,Mauricio Tavares Nunes,mauricio.tavares.nunes5450@email.com,Masculino,BR
5451,Andrea Siqueira Machado,andrea.siqueira.machado5451@email.com,Feminino,BR
5452,Marcos Martins Silva,marcos.martins.silva5452@email.com,Masculino,BR
5453,Cristina Dias Ferreira,cristina.dias.ferreira5453@email.com,Feminino,BR
5454,Cesar Rocha Rocha,cesar.rocha.rocha5454@email.com,Masculino,BR
5455,Mariana Machado Silva,mariana.machado.silva5455@email.com,Feminino,BR
5456,Diego Pereira Costa,diego.pereira.costa5456@email.com,Masculino,BR
5457,Beatriz Barros Fernandes,beatriz.barros.fernandes5457@email.com,Feminino,BR
5458,Renato Ramos Siqueira,renato.ramos.siqueira5458@email.com,Masculino,BR
5459,Thais Cardoso Monteiro,thais.cardoso.monteiro5459@email.com,Feminino,BR
5460,Jose Coelho Lima,jose.coelho.lima5460@email.com,Masculino,BR
5461,Priscila Pires Moreira,priscila.pires.moreira5461@email.com,Feminino,BR
5462,Alexandre Macedo Rodrigues,alexandre.macedo.rodrigues5462@email.com,Masculino,BR
5463,Thais Freitas Monteiro,thais.freitas.monteiro5463@email.com,Feminino,BR
5464,Francisco Cardoso Moura,francisco.cardoso.moura5464@email.com,Masculino,BR
5465,Camila Tavares Reis,camila.tavares.reis5465@email.com,Feminino,BR
5466,Marcos Martins Morais,marcos.martins.morais5466@email.com,Masculino,BR
5467,Sabrina Correia Rocha,sabrina.correia.rocha5467@email.com,Feminino,BR
5468,Guilherme Pires Lopes,guilherme.pires.lopes5468@email.com,Masculino,BR
5469,Pamela Nascimento Xavier,pamela.nascimento.xavier5469@email.com,Feminino,BR
5470,Henrique Brito Lima,henrique.brito.lima5470@email.com,Masculino,BR
5471,Tatiane Ramos Vasconcelos,tatiane.ramos.vasconcelos5471@email.com,Feminino,BR
5472,Paulo Ribeiro Santos,paulo.ribeiro.santos5472@email.com,Masculino,BR
5473,Carla Melo Azevedo,carla.melo.azevedo5473@email.com,Feminino,BR
5474,Paulo Matos Ramos,paulo.matos.ramos5474@email.com,Masculino,BR
5475,Tatiana Guimaraes Pires,tatiana.guimaraes.pires5475@email.com,Feminino,BR
5476,André Rodrigues Campos,andré.rodrigues.campos5476@email.com,Masculino,BR
5477,Vanessa Pinheiro Silva,vanessa.pinheiro.silva5477@email.com,Feminino,BR
5478,André Lopes Campos,andré.lopes.campos5478@email.com,Masculino,BR
5479,Fabiana Gomes Silva,fabiana.gomes.silva5479@email.com,Feminino,BR
5480,Mauricio Monteiro Teixeira,mauricio.monteiro.teixeira5480@email.com,Masculino,BR
5481,Amanda Campos Mendes,amanda.campos.mendes5481@email.com,Feminino,BR
5482,Jose Silva Tavares,jose.silva.tavares5482@email.com,Masculino,BR
5483,Sabrina Oliveira Vasconcelos,sabrina.oliveira.vasconcelos5483@email.com,Feminino,BR
5484,Vinicius Vasconcelos Machado,vinicius.vasconcelos.machado5484@email.com,Masculino,BR
5485,Carolina Oliveira Nascimento,carolina.oliveira.nascimento5485@email.com,Feminino,BR
5486,Henrique Nunes Morais,henrique.nunes.morais5486@email.com,Masculino,BR
5487,Fernanda Duarte Torres,fernanda.duarte.torres5487@email.com,Feminino,BR
5488,Pedro Correia Machado,pedro.correia.machado5488@email.com,Masculino,BR
5489,Claudia Morais Azevedo,claudia.morais.azevedo5489@email.com,Feminino,BR
5490,Antonio Ribeiro Machado,antonio.ribeiro.machado5490@email.com,Masculino,BR
5491,Gisele Fernandes Alves,gisele.fernandes.alves5491@email.com,Feminino,BR
5492,Carlos Campos Santos,carlos.campos.santos5492@email.com,Masculino,BR
5493,Andrea Correia Rocha,andrea.correia.rocha5493@email.com,Feminino,BR
5494,Daniel Melo Souza,daniel.melo.souza5494@email.com,Masculino,BR
5495,Camila Cunha Reis,camila.cunha.reis5495@email.com,Feminino,BR
5496,Felipe Costa Lopes,felipe.costa.lopes5496@email.com,Masculino,BR
5497,Fernanda Cardoso Alves,fernanda.cardoso.alves5497@email.com,Feminino,BR
5498,Marcelo Nunes Melo,marcelo.nunes.melo5498@email.com,Masculino,BR
5499,Renata Vasconcelos Guimaraes,renata.vasconcelos.guimaraes5499@email.com,Feminino,BR
5500,Pedro Teixeira Reis,pedro.teixeira.reis5500@email.com,Masculino,BR
5501,Simone Correia Martins,simone.correia.martins5501@email.com,Feminino,BR
5502,Mauricio Matos Campos,mauricio.matos.campos5502@email.com,Masculino,BR
5503,Fabiana Silva Siqueira,fabiana.silva.siqueira5503@email.com,Feminino,BR
5504,Leonardo Cunha Reis,leonardo.cunha.reis5504@email.com,Masculino,BR
5505,Fernanda Pereira Gomes,fernanda.pereira.gomes5505@email.com,Feminino,BR
5506,Jose Rocha Matos,jose.rocha.matos5506@email.com,Masculino,BR
5507,Sabrina Ferreira Ribeiro,sabrina.ferreira.ribeiro5507@email.com,Feminino,BR
5508,Renato Oliveira Nunes,renato.oliveira.nunes5508@email.com,Masculino,BR
5509,Claudia Gomes Nascimento,claudia.gomes.nascimento5509@email.com,Feminino,BR
5510,Jose Cunha Ribeiro,jose.cunha.ribeiro5510@email.com,Masculino,BR
5511,Maria Monteiro Nunes,maria.monteiro.nunes5511@email.com,Feminino,BR
5512,Rafael Freitas Lima,rafael.freitas.lima5512@email.com,Masculino,BR
5513,Monica Azevedo Duarte,monica.azevedo.duarte5513@email.com,Feminino,BR
5514,Bruno Duarte Azevedo,bruno.duarte.azevedo5514@email.com,Masculino,BR
5515,Camila Lima Ferreira,camila.lima.ferreira5515@email.com,Feminino,BR
5516,Daniel Matos Ferreira,daniel.matos.ferreira5516@email.com,Masculino,BR
5517,Vanessa Cardoso Fonseca,vanessa.cardoso.fonseca5517@email.com,Feminino,BR
5518,Pedro Macedo Martins,pedro.macedo.martins5518@email.com,Masculino,BR
5519,Maria Dias Morais,maria.dias.morais5519@email.com,Feminino,BR
5520,Fabio Azevedo Ferreira,fabio.azevedo.ferreira5520@email.com,Masculino,BR
5521,Priscila Monteiro Reis,priscila.monteiro.reis5521@email.com,Feminino,BR
5522,André Pinheiro Coelho,andré.pinheiro.coelho5522@email.com,Masculino,BR
5523,Beatriz Monteiro Costa,beatriz.monteiro.costa5523@email.com,Feminino,BR
5524,Alexandre Correia Barbosa,alexandre.correia.barbosa5524@email.com,Masculino,BR
5525,Vanessa Nunes Souza,vanessa.nunes.souza5525@email.com,Feminino,BR
5526,Sergio Cardoso Cunha,sergio.cardoso.cunha5526@email.com,Masculino,BR
5527,Cristina Reis Gomes,cristina.reis.gomes5527@email.com,Feminino,BR
5528,Vinicius Gomes Ribeiro,vinicius.gomes.ribeiro5528@email.com,Masculino,BR
5529,Leticia Mendes Nascimento,leticia.mendes.nascimento5529@email.com,Feminino,BR
5530,Renato Mendes Ferreira,renato.mendes.ferreira5530@email.com,Masculino,BR
5531,Pamela Freitas Fonseca,pamela.freitas.fonseca5531@email.com,Feminino,BR
5532,Fabio Freitas Macedo,fabio.freitas.macedo5532@email.com,Masculino,BR
5533,Fabiana Lopes Reis,fabiana.lopes.reis5533@email.com,Feminino,BR
5534,Thiago Oliveira Reis,thiago.oliveira.reis5534@email.com,Masculino,BR
5535,Rosana Rodrigues Rocha,rosana.rodrigues.rocha5535@email.com,Feminino,BR
5536,Marcelo Duarte Dias,marcelo.duarte.dias5536@email.com,Masculino,BR
5537,Luciana Freitas Vasconcelos,luciana.freitas.vasconcelos5537@email.com,Feminino,BR
5538,Rodrigo Dias Teixeira,rodrigo.dias.teixeira5538@email.com,Masculino,BR
5539,Aline Pires Reis,aline.pires.reis5539@email.com,Feminino,BR
5540,Vinicius Ferreira Barros,vinicius.ferreira.barros5540@email.com,Masculino,BR
5541,Tatiana Mendes Dias,tatiana.mendes.dias5541@email.com,Feminino,BR
5542,Caio Mendes Oliveira,caio.mendes.oliveira5542@email.com,Masculino,BR
5543,Larissa Moura Siqueira,larissa.moura.siqueira5543@email.com,Feminino,BR
5544,Daniel Machado Souza,daniel.machado.souza5544@email.com,Masculino,BR
5545,Bruna Fonseca Cardoso,bruna.fonseca.cardoso5545@email.com,Feminino,BR
5546,Fabio Duarte Rodrigues,fabio.duarte.rodrigues5546@email.com,Masculino,BR
5547,Rosana Oliveira Cardoso,rosana.oliveira.cardoso5547@email.com,Feminino,BR
5548,Lucas Morais Freitas,lucas.morais.freitas5548@email.com,Masculino,BR
5549,Maria Martins Cunha,maria.martins.cunha5549@email.com,Feminino,BR
5550,Fernando Teixeira Teixeira,fernando.teixeira.teixeira5550@email.com,Masculino,BR
5551,Amanda Ribeiro Freitas,amanda.ribeiro.freitas5551@email.com,Feminino,BR
5552,Leandro Martins Azevedo,leandro.martins.azevedo5552@email.com,Masculino,BR
5553,Gisele Ribeiro Coelho,gisele.ribeiro.coelho5553@email.com,Feminino,BR
5554,Pedro Lopes Fernandes,pedro.lopes.fernandes5554@email.com,Masculino,BR
5555,Andrea Azevedo Fonseca,andrea.azevedo.fonseca5555@email.com,Feminino,BR
5556,Sergio Nascimento Ramos,sergio.nascimento.ramos5556@email.com,Masculino,BR
5557,Carolina Machado Reis,carolina.machado.reis5557@email.com,Feminino,BR
5558,Gustavo Mendes Matos,gustavo.mendes.matos5558@email.com,Masculino,BR
5559,Carla Tavares Teixeira,carla.tavares.teixeira5559@email.com,Feminino,BR
5560,Fernando Brito Moreira,fernando.brito.moreira5560@email.com,Masculino,BR
5561,Raquel Oliveira Carvalho,raquel.oliveira.carvalho5561@email.com,Feminino,BR
5562,Jose Alves Cunha,jose.alves.cunha5562@email.com,Masculino,BR
5563,Luciana Macedo Nunes,luciana.macedo.nunes5563@email.com,Feminino,BR
5564,Sergio Moreira Fonseca,sergio.moreira.fonseca5564@email.com,Masculino,BR
5565,Ana Martins Barros,ana.martins.barros5565@email.com,Feminino,BR
5566,Thiago Monteiro Tavares,thiago.monteiro.tavares5566@email.com,Masculino,BR
5567,Fabiana Gomes Duarte,fabiana.gomes.duarte5567@email.com,Feminino,BR
5568,Gabriel Souza Siqueira,gabriel.souza.siqueira5568@email.com,Masculino,BR
5569,Monica Xavier Costa,monica.xavier.costa5569@email.com,Feminino,BR
5570,Bruno Monteiro Xavier,bruno.monteiro.xavier5570@email.com,Masculino,BR
5571,Isabela Fernandes Freitas,isabela.fernandes.freitas5571@email.com,Feminino,BR
5572,Caio Moreira Martins,caio.moreira.martins5572@email.com,Masculino,BR
5573,Bruna Silva Siqueira,bruna.silva.siqueira5573@email.com,Feminino,BR
5574,Rafael Gomes Ribeiro,rafael.gomes.ribeiro5574@email.com,Masculino,BR
5575,Raquel Monteiro Ferreira,raquel.monteiro.ferreira5575@email.com,Feminino,BR
5576,Daniel Araujo Melo,daniel.araujo.melo5576@email.com,Masculino,BR
5577,Tatiana Ramos Ferreira,tatiana.ramos.ferreira5577@email.com,Feminino,BR
5578,Gustavo Rocha Brito,gustavo.rocha.brito5578@email.com,Masculino,BR
5579,Tatiane Melo Macedo,tatiane.melo.macedo5579@email.com,Feminino,BR
5580,Fabio Silva Machado,fabio.silva.machado5580@email.com,Masculino,BR
5581,Mariana Freitas Alves,mariana.freitas.alves5581@email.com,Feminino,BR
5582,Fernando Pires Brito,fernando.pires.brito5582@email.com,Masculino,BR
5583,Carolina Nascimento Dias,carolina.nascimento.dias5583@email.com,Feminino,BR
5584,Fernando Siqueira Rodrigues,fernando.siqueira.rodrigues5584@email.com,Masculino,BR
5585,Bruna Correia Araujo,bruna.correia.araujo5585@email.com,Feminino,BR
5586,Lucas Rodrigues Souza,lucas.rodrigues.souza5586@email.com,Masculino,BR
5587,Simone Coelho Souza,simone.coelho.souza5587@email.com,Feminino,BR
5588,Leonardo Macedo Cardoso,leonardo.macedo.cardoso5588@email.com,Masculino,BR
5589,Leticia Torres Brito,leticia.torres.brito5589@email.com,Feminino,BR
5590,Guilherme Tavares Moreira,guilherme.tavares.moreira5590@email.com,Masculino,BR
5591,Gisele Pereira Freitas,gisele.pereira.freitas5591@email.com,Feminino,BR
5592,Antonio Siqueira Pinheiro,antonio.siqueira.pinheiro5592@email.com,Masculino,BR
5593,Rosana Santos Carvalho,rosana.santos.carvalho5593@email.com,Feminino,BR
5594,Wagner Ribeiro Macedo,wagner.ribeiro.macedo5594@email.com,Masculino,BR
5595,Priscila Campos Campos,priscila.campos.campos5595@email.com,Feminino,BR
5596,Igor Barros Torres,igor.barros.torres5596@email.com,Masculino,BR
5597,Maria Guimaraes Tavares,maria.guimaraes.tavares5597@email.com,Feminino,BR
5598,Leonardo Pereira Vasconcelos,leonardo.pereira.vasconcelos5598@email.com,Masculino,BR
5599,Cristina Souza Rezende,cristina.souza.rezende5599@email.com,Feminino,BR
5600,André Oliveira Dias,andré.oliveira.dias5600@email.com,Masculino,BR
5601,Raquel Ramos Ferreira,raquel.ramos.ferreira5601@email.com,Feminino,BR
5602,Igor Rodrigues Vasconcelos,igor.rodrigues.vasconcelos5602@email.com,Masculino,BR
5603,Vanessa Ramos Rocha,vanessa.ramos.rocha5603@email.com,Feminino,BR
5604,Rodrigo Monteiro Rodrigues,rodrigo.monteiro.rodrigues5604@email.com,Masculino,BR
5605,Thais Oliveira Mendes,thais.oliveira.mendes5605@email.com,Feminino,BR
5606,Matheus Ribeiro Martins,matheus.ribeiro.martins5606@email.com,Masculino,BR
5607,Carolina Brito Moura,carolina.brito.moura5607@email.com,Feminino,BR
5608,Lucas Azevedo Fernandes,lucas.azevedo.fernandes5608@email.com,Masculino,BR
5609,Camila Freitas Brito,camila.freitas.brito5609@email.com,Feminino,BR
5610,Lucas Vasconcelos Moreira,lucas.vasconcelos.moreira5610@email.com,Masculino,BR
5611,Maria Martins Cardoso,maria.martins.cardoso5611@email.com,Feminino,BR
5612,Gabriel Duarte Barros,gabriel.duarte.barros5612@email.com,Masculino,BR
5613,Daniela Brito Azevedo,daniela.brito.azevedo5613@email.com,Feminino,BR
5614,João Rezende Vasconcelos,joão.rezende.vasconcelos5614@email.com,Masculino,BR
5615,Carolina Ramos Macedo,carolina.ramos.macedo5615@email.com,Feminino,BR
5616,Roberto Monteiro Ramos,roberto.monteiro.ramos5616@email.com,Masculino,BR
5617,Adriana Pinheiro Morais,adriana.pinheiro.morais5617@email.com,Feminino,BR
5618,Felipe Tavares Fernandes,felipe.tavares.fernandes5618@email.com,Masculino,BR
5619,Jessica Barros Campos,jessica.barros.campos5619@email.com,Feminino,BR
5620,Fernando Correia Teixeira,fernando.correia.teixeira5620@email.com,Masculino,BR
5621,Gisele Campos Lima,gisele.campos.lima5621@email.com,Feminino,BR
5622,Daniel Ramos Castro,daniel.ramos.castro5622@email.com,Masculino,BR
5623,Daniela Brito Ferreira,daniela.brito.ferreira5623@email.com,Feminino,BR
5624,Rafael Silva Teixeira,rafael.silva.teixeira5624@email.com,Masculino,BR
5625,Rosana Mendes Gomes,rosana.mendes.gomes5625@email.com,Feminino,BR
5626,Jose Torres Guimaraes,jose.torres.guimaraes5626@email.com,Masculino,BR
5627,Bruna Ramos Costa,bruna.ramos.costa5627@email.com,Feminino,BR
5628,Caio Barbosa Oliveira,caio.barbosa.oliveira5628@email.com,Masculino,BR
5629,Larissa Rezende Azevedo,larissa.rezende.azevedo5629@email.com,Feminino,BR
5630,Fabio Costa Tavares,fabio.costa.tavares5630@email.com,Masculino,BR
5631,Carla Mendes Ramos,carla.mendes.ramos5631@email.com,Feminino,BR
5632,Igor Brito Barbosa,igor.brito.barbosa5632@email.com,Masculino,BR
5633,Ana Castro Nunes,ana.castro.nunes5633@email.com,Feminino,BR
5634,Daniel Barbosa Freitas,daniel.barbosa.freitas5634@email.com,Masculino,BR
5635,Bianca Santos Lopes,bianca.santos.lopes5635@email.com,Feminino,BR
5636,Diego Monteiro Morais,diego.monteiro.morais5636@email.com,Masculino,BR
5637,Juliana Tavares Lima,juliana.tavares.lima5637@email.com,Feminino,BR
5638,Paulo Matos Oliveira,paulo.matos.oliveira5638@email.com,Masculino,BR
5639,Gisele Pinheiro Moreira,gisele.pinheiro.moreira5639@email.com,Feminino,BR
5640,Gustavo Ribeiro Ferreira,gustavo.ribeiro.ferreira5640@email.com,Masculino,BR
5641,Gisele Alves Souza,gisele.alves.souza5641@email.com,Feminino,BR
5642,Rafael Morais Rezende,rafael.morais.rezende5642@email.com,Masculino,BR
5643,Luciana Nunes Freitas,luciana.nunes.freitas5643@email.com,Feminino,BR
5644,Caio Nascimento Guimaraes,caio.nascimento.guimaraes5644@email.com,Masculino,BR
5645,Priscila Torres Reis,priscila.torres.reis5645@email.com,Feminino,BR
5646,Francisco Duarte Azevedo,francisco.duarte.azevedo5646@email.com,Masculino,BR
5647,Juliana Pereira Cardoso,juliana.pereira.cardoso5647@email.com,Feminino,BR
5648,Fabio Oliveira Rocha,fabio.oliveira.rocha5648@email.com,Masculino,BR
5649,Claudia Matos Morais,claudia.matos.morais5649@email.com,Feminino,BR
5650,Lucas Rodrigues Barros,lucas.rodrigues.barros5650@email.com,Masculino,BR
5651,Camila Teixeira Morais,camila.teixeira.morais5651@email.com,Feminino,BR
5652,Leandro Ramos Moreira,leandro.ramos.moreira5652@email.com,Masculino,BR
5653,Ana Ribeiro Pinheiro,ana.ribeiro.pinheiro5653@email.com,Feminino,BR
5654,Henrique Matos Vasconcelos,henrique.matos.vasconcelos5654@email.com,Masculino,BR
5655,Camila Reis Ramos,camila.reis.ramos5655@email.com,Feminino,BR
5656,Felipe Xavier Gomes,felipe.xavier.gomes5656@email.com,Masculino,BR
5657,Eliane Mendes Monteiro,eliane.mendes.monteiro5657@email.com,Feminino,BR
5658,Cesar Barros Castro,cesar.barros.castro5658@email.com,Masculino,BR
5659,Priscila Nascimento Fernandes,priscila.nascimento.fernandes5659@email.com,Feminino,BR
5660,Roberto Campos Duarte,roberto.campos.duarte5660@email.com,Masculino,BR
5661,Thais Dias Coelho,thais.dias.coelho5661@email.com,Feminino,BR
5662,Guilherme Nunes Pinheiro,guilherme.nunes.pinheiro5662@email.com,Masculino,BR
5663,Vanessa Nunes Barros,vanessa.nunes.barros5663@email.com,Feminino,BR
5664,Carlos Tavares Moreira,carlos.tavares.moreira5664@email.com,Masculino,BR
5665,Vanessa Brito Barbosa,vanessa.brito.barbosa5665@email.com,Feminino,BR
5666,Vinicius Silva Cunha,vinicius.silva.cunha5666@email.com,Masculino,BR
5667,Tatiana Santos Xavier,tatiana.santos.xavier5667@email.com,Feminino,BR
5668,Matheus Siqueira Souza,matheus.siqueira.souza5668@email.com,Masculino,BR
5669,Sabrina Nunes Azevedo,sabrina.nunes.azevedo5669@email.com,Feminino,BR
5670,Wagner Xavier Morais,wagner.xavier.morais5670@email.com,Masculino,BR
5671,Simone Alves Carvalho,simone.alves.carvalho5671@email.com,Feminino,BR
5672,Eduardo Santos Correia,eduardo.santos.correia5672@email.com,Masculino,BR
5673,Simone Carvalho Pereira,simone.carvalho.pereira5673@email.com,Feminino,BR
5674,Cesar Barbosa Matos,cesar.barbosa.matos5674@email.com,Masculino,BR
5675,Claudia Torres Azevedo,claudia.torres.azevedo5675@email.com,Feminino,BR
5676,Mauricio Cunha Morais,mauricio.cunha.morais5676@email.com,Masculino,BR
5677,Claudia Teixeira Castro,claudia.teixeira.castro5677@email.com,Feminino,BR
5678,Alexandre Machado Pires,alexandre.machado.pires5678@email.com,Masculino,BR
5679,Maria Teixeira Teixeira,maria.teixeira.teixeira5679@email.com,Feminino,BR
5680,Diego Freitas Torres,diego.freitas.torres5680@email.com,Masculino,BR
5681,Jessica Rocha Azevedo,jessica.rocha.azevedo5681@email.com,Feminino,BR
5682,Antonio Dias Castro,antonio.dias.castro5682@email.com,Masculino,BR
5683,Mariana Brito Rodrigues,mariana.brito.rodrigues5683@email.com,Feminino,BR
5684,Henrique Moreira Oliveira,henrique.moreira.oliveira5684@email.com,Masculino,BR
5685,Eliane Ferreira Morais,eliane.ferreira.morais5685@email.com,Feminino,BR
5686,Antonio Pires Freitas,antonio.pires.freitas5686@email.com,Masculino,BR
5687,Camila Dias Pinheiro,camila.dias.pinheiro5687@email.com,Feminino,BR
5688,Francisco Campos Monteiro,francisco.campos.monteiro5688@email.com,Masculino,BR
5689,Leticia Coelho Cardoso,leticia.coelho.cardoso5689@email.com,Feminino,BR
5690,Renato Brito Azevedo,renato.brito.azevedo5690@email.com,Masculino,BR
5691,Ana Rocha Guimaraes,ana.rocha.guimaraes5691@email.com,Feminino,BR
5692,Mauricio Martins Guimaraes,mauricio.martins.guimaraes5692@email.com,Masculino,BR
5693,Sandra Duarte Ramos,sandra.duarte.ramos5693@email.com,Feminino,BR
5694,Matheus Coelho Santos,matheus.coelho.santos5694@email.com,Masculino,BR
5695,Leticia Pires Pinheiro,leticia.pires.pinheiro5695@email.com,Feminino,BR
5696,Antonio Araujo Rodrigues,antonio.araujo.rodrigues5696@email.com,Masculino,BR
5697,Gisele Souza Rodrigues,gisele.souza.rodrigues5697@email.com,Feminino,BR
5698,Wagner Melo Lima,wagner.melo.lima5698@email.com,Masculino,BR
5699,Amanda Moreira Dias,amanda.moreira.dias5699@email.com,Feminino,BR
5700,Marcos Lima Duarte,marcos.lima.duarte5700@email.com,Masculino,BR
5701,Leticia Ribeiro Martins,leticia.ribeiro.martins5701@email.com,Feminino,BR
5702,Leonardo Pires Cunha,leonardo.pires.cunha5702@email.com,Masculino,BR
5703,Sandra Coelho Dias,sandra.coelho.dias5703@email.com,Feminino,BR
5704,Matheus Tavares Nunes,matheus.tavares.nunes5704@email.com,Masculino,BR
5705,Simone Macedo Campos,simone.macedo.campos5705@email.com,Feminino,BR
5706,Lucas Siqueira Brito,lucas.siqueira.brito5706@email.com,Masculino,BR
5707,Simone Barros Castro,simone.barros.castro5707@email.com,Feminino,BR
5708,Marcelo Moreira Carvalho,marcelo.moreira.carvalho5708@email.com,Masculino,BR
5709,Carolina Rezende Coelho,carolina.rezende.coelho5709@email.com,Feminino,BR
5710,Caio Barbosa Torres,caio.barbosa.torres5710@email.com,Masculino,BR
5711,Jessica Martins Ribeiro,jessica.martins.ribeiro5711@email.com,Feminino,BR
5712,Leonardo Barbosa Silva,leonardo.barbosa.silva5712@email.com,Masculino,BR
5713,Gisele Reis Teixeira,gisele.reis.teixeira5713@email.com,Feminino,BR
5714,Caio Vasconcelos Ribeiro,caio.vasconcelos.ribeiro5714@email.com,Masculino,BR
5715,Amanda Rodrigues Fonseca,amanda.rodrigues.fonseca5715@email.com,Feminino,BR
5716,Matheus Cunha Cunha,matheus.cunha.cunha5716@email.com,Masculino,BR
5717,Renata Morais Santos,renata.morais.santos5717@email.com,Feminino,BR
5718,Cesar Carvalho Souza,cesar.carvalho.souza5718@email.com,Masculino,BR
5719,Andrea Guimaraes Barros,andrea.guimaraes.barros5719@email.com,Feminino,BR
5720,Bruno Tavares Duarte,bruno.tavares.duarte5720@email.com,Masculino,BR
5721,Bianca Santos Cardoso,bianca.santos.cardoso5721@email.com,Feminino,BR
5722,Cesar Araujo Martins,cesar.araujo.martins5722@email.com,Masculino,BR
5723,Eliane Morais Machado,eliane.morais.machado5723@email.com,Feminino,BR
5724,Bruno Campos Santos,bruno.campos.santos5724@email.com,Masculino,BR
5725,Claudia Xavier Vasconcelos,claudia.xavier.vasconcelos5725@email.com,Feminino,BR
5726,Alexandre Pires Barros,alexandre.pires.barros5726@email.com,Masculino,BR
5727,Renata Melo Martins,renata.melo.martins5727@email.com,Feminino,BR
5728,Caio Campos Matos,caio.campos.matos5728@email.com,Masculino,BR
5729,Priscila Ribeiro Machado,priscila.ribeiro.machado5729@email.com,Feminino,BR
5730,André Cardoso Souza,andré.cardoso.souza5730@email.com,Masculino,BR
5731,Leticia Pereira Santos,leticia.pereira.santos5731@email.com,Feminino,BR
5732,Marcos Duarte Azevedo,marcos.duarte.azevedo5732@email.com,Masculino,BR
5733,Bruna Araujo Brito,bruna.araujo.brito5733@email.com,Feminino,BR
5734,Wagner Lopes Araujo,wagner.lopes.araujo5734@email.com,Masculino,BR
5735,Vanessa Azevedo Barros,vanessa.azevedo.barros5735@email.com,Feminino,BR
5736,Felipe Fernandes Tavares,felipe.fernandes.tavares5736@email.com,Masculino,BR
5737,Monica Martins Araujo,monica.martins.araujo5737@email.com,Feminino,BR
5738,Caio Matos Pereira,caio.matos.pereira5738@email.com,Masculino,BR
5739,Maria Pinheiro Oliveira,maria.pinheiro.oliveira5739@email.com,Feminino,BR
5740,Matheus Moura Machado,matheus.moura.machado5740@email.com,Masculino,BR
5741,Daniela Pereira Xavier,daniela.pereira.xavier5741@email.com,Feminino,BR
5742,Matheus Mendes Correia,matheus.mendes.correia5742@email.com,Masculino,BR
5743,Gisele Lima Correia,gisele.lima.correia5743@email.com,Feminino,BR
5744,Wagner Vasconcelos Castro,wagner.vasconcelos.castro5744@email.com,Masculino,BR
5745,Ana Lopes Machado,ana.lopes.machado5745@email.com,Feminino,BR
5746,Roberto Barbosa Fernandes,roberto.barbosa.fernandes5746@email.com,Masculino,BR
5747,Carolina Reis Torres,carolina.reis.torres5747@email.com,Feminino,BR
5748,Carlos Campos Moreira,carlos.campos.moreira5748@email.com,Masculino,BR
5749,Aline Morais Vasconcelos,aline.morais.vasconcelos5749@email.com,Feminino,BR
5750,Renato Ramos Xavier,renato.ramos.xavier5750@email.com,Masculino,BR
5751,Larissa Alves Rocha,larissa.alves.rocha5751@email.com,Feminino,BR
5752,Henrique Coelho Torres,henrique.coelho.torres5752@email.com,Masculino,BR
5753,Rosana Coelho Xavier,rosana.coelho.xavier5753@email.com,Feminino,BR
5754,Felipe Matos Martins,felipe.matos.martins5754@email.com,Masculino,BR
5755,Carla Cunha Siqueira,carla.cunha.siqueira5755@email.com,Feminino,BR
5756,Igor Rocha Araujo,igor.rocha.araujo5756@email.com,Masculino,BR
5757,Thais Dias Mendes,thais.dias.mendes5757@email.com,Feminino,BR
5758,Lucas Teixeira Vasconcelos,lucas.teixeira.vasconcelos5758@email.com,Masculino,BR
5759,Patricia Azevedo Correia,patricia.azevedo.correia5759@email.com,Feminino,BR
5760,Antonio Coelho Araujo,antonio.coelho.araujo5760@email.com,Masculino,BR
5761,Adriana Teixeira Barbosa,adriana.teixeira.barbosa5761@email.com,Feminino,BR
5762,Renato Teixeira Xavier,renato.teixeira.xavier5762@email.com,Masculino,BR
5763,Jessica Nascimento Mendes,jessica.nascimento.mendes5763@email.com,Feminino,BR
5764,Sergio Nunes Tavares,sergio.nunes.tavares5764@email.com,Masculino,BR
5765,Juliana Coelho Souza,juliana.coelho.souza5765@email.com,Feminino,BR
5766,Rafael Moura Barbosa,rafael.moura.barbosa5766@email.com,Masculino,BR
5767,Ana Carvalho Campos,ana.carvalho.campos5767@email.com,Feminino,BR
5768,Sergio Campos Correia,sergio.campos.correia5768@email.com,Masculino,BR
5769,Leticia Monteiro Correia,leticia.monteiro.correia5769@email.com,Feminino,BR
5770,Thiago Duarte Morais,thiago.duarte.morais5770@email.com,Masculino,BR
5771,Raquel Machado Correia,raquel.machado.correia5771@email.com,Feminino,BR
5772,Renato Brito Barbosa,renato.brito.barbosa5772@email.com,Masculino,BR
5773,Isabela Pinheiro Fernandes,isabela.pinheiro.fernandes5773@email.com,Feminino,BR
5774,Gabriel Rocha Tavares,gabriel.rocha.tavares5774@email.com,Masculino,BR
5775,Leticia Melo Rodrigues,leticia.melo.rodrigues5775@email.com,Feminino,BR
5776,Henrique Morais Carvalho,henrique.morais.carvalho5776@email.com,Masculino,BR
5777,Ana Melo Dias,ana.melo.dias5777@email.com,Feminino,BR
5778,Mauricio Monteiro Rocha,mauricio.monteiro.rocha5778@email.com,Masculino,BR
5779,Rosana Silva Mendes,rosana.silva.mendes5779@email.com,Feminino,BR
5780,Fabio Matos Barros,fabio.matos.barros5780@email.com,Masculino,BR
5781,Fabiana Moreira Machado,fabiana.moreira.machado5781@email.com,Feminino,BR
5782,Cesar Martins Freitas,cesar.martins.freitas5782@email.com,Masculino,BR
5783,Isabela Fonseca Melo,isabela.fonseca.melo5783@email.com,Feminino,BR
5784,Jose Cardoso Moura,jose.cardoso.moura5784@email.com,Masculino,BR
5785,Carla Rodrigues Rezende,carla.rodrigues.rezende5785@email.com,Feminino,BR
5786,Thiago Moura Machado,thiago.moura.machado5786@email.com,Masculino,BR
5787,Vanessa Machado Rodrigues,vanessa.machado.rodrigues5787@email.com,Feminino,BR
5788,João Siqueira Pereira,joão.siqueira.pereira5788@email.com,Masculino,BR
5789,Monica Carvalho Monteiro,monica.carvalho.monteiro5789@email.com,Feminino,BR
5790,Marcos Carvalho Rocha,marcos.carvalho.rocha5790@email.com,Masculino,BR
5791,Sabrina Tavares Macedo,sabrina.tavares.macedo5791@email.com,Feminino,BR
5792,Felipe Vasconcelos Gomes,felipe.vasconcelos.gomes5792@email.com,Masculino,BR
5793,Sandra Rezende Azevedo,sandra.rezende.azevedo5793@email.com,Feminino,BR
5794,Sergio Morais Silva,sergio.morais.silva5794@email.com,Masculino,BR
5795,Fabiana Carvalho Pinheiro,fabiana.carvalho.pinheiro5795@email.com,Feminino,BR
5796,André Campos Siqueira,andré.campos.siqueira5796@email.com,Masculino,BR
5797,Juliana Moreira Morais,juliana.moreira.morais5797@email.com,Feminino,BR
5798,Lucas Teixeira Barros,lucas.teixeira.barros5798@email.com,Masculino,BR
5799,Patricia Nunes Pires,patricia.nunes.pires5799@email.com,Feminino,BR
5800,Marcelo Melo Pinheiro,marcelo.melo.pinheiro5800@email.com,Masculino,BR
5801,Gisele Ferreira Fernandes,gisele.ferreira.fernandes5801@email.com,Feminino,BR
5802,Roberto Lopes Duarte,roberto.lopes.duarte5802@email.com,Masculino,BR
5803,Fabiana Araujo Araujo,fabiana.araujo.araujo5803@email.com,Feminino,BR
5804,Henrique Fernandes Pinheiro,henrique.fernandes.pinheiro5804@email.com,Masculino,BR
5805,Vanessa Nascimento Vasconcelos,vanessa.nascimento.vasconcelos5805@email.com,Feminino,BR
5806,Gustavo Carvalho Nascimento,gustavo.carvalho.nascimento5806@email.com,Masculino,BR
5807,Bruna Ribeiro Oliveira,bruna.ribeiro.oliveira5807@email.com,Feminino,BR
5808,Wagner Nunes Pires,wagner.nunes.pires5808@email.com,Masculino,BR
5809,Sabrina Ferreira Pinheiro,sabrina.ferreira.pinheiro5809@email.com,Feminino,BR
5810,André Matos Reis,andré.matos.reis5810@email.com,Masculino,BR
5811,Patricia Souza Moura,patricia.souza.moura5811@email.com,Feminino,BR
5812,Leandro Costa Dias,leandro.costa.dias5812@email.com,Masculino,BR
5813,Cristina Araujo Fonseca,cristina.araujo.fonseca5813@email.com,Feminino,BR
5814,Mauricio Machado Azevedo,mauricio.machado.azevedo5814@email.com,Masculino,BR
5815,Amanda Castro Xavier,amanda.castro.xavier5815@email.com,Feminino,BR
5816,Roberto Cardoso Xavier,roberto.cardoso.xavier5816@email.com,Masculino,BR
5817,Patricia Gomes Machado,patricia.gomes.machado5817@email.com,Feminino,BR
5818,Felipe Lopes Ferreira,felipe.lopes.ferreira5818@email.com,Masculino,BR
5819,Thais Gomes Alves,thais.gomes.alves5819@email.com,Feminino,BR
5820,Marcelo Fonseca Dias,marcelo.fonseca.dias5820@email.com,Masculino,BR
5821,Claudia Rezende Monteiro,claudia.rezende.monteiro5821@email.com,Feminino,BR
5822,Sergio Silva Fonseca,sergio.silva.fonseca5822@email.com,Masculino,BR
5823,Luciana Lima Matos,luciana.lima.matos5823@email.com,Feminino,BR
5824,Renato Macedo Vasconcelos,renato.macedo.vasconcelos5824@email.com,Masculino,BR
5825,Renata Fonseca Fernandes,renata.fonseca.fernandes5825@email.com,Feminino,BR
5826,Cesar Coelho Azevedo,cesar.coelho.azevedo5826@email.com,Masculino,BR
5827,Maria Mendes Coelho,maria.mendes.coelho5827@email.com,Feminino,BR
5828,Matheus Tavares Nunes,matheus.tavares.nunes5828@email.com,Masculino,BR
5829,Pamela Morais Ribeiro,pamela.morais.ribeiro5829@email.com,Feminino,BR
5830,Igor Barros Machado,igor.barros.machado5830@email.com,Masculino,BR
5831,Aline Barbosa Vasconcelos,aline.barbosa.vasconcelos5831@email.com,Feminino,BR
5832,Leandro Mendes Castro,leandro.mendes.castro5832@email.com,Masculino,BR
5833,Priscila Teixeira Nunes,priscila.teixeira.nunes5833@email.com,Feminino,BR
5834,Rafael Barros Monteiro,rafael.barros.monteiro5834@email.com,Masculino,BR
5835,Jessica Lima Coelho,jessica.lima.coelho5835@email.com,Feminino,BR
5836,Daniel Rezende Silva,daniel.rezende.silva5836@email.com,Masculino,BR
5837,Simone Barros Machado,simone.barros.machado5837@email.com,Feminino,BR
5838,Antonio Martins Ribeiro,antonio.martins.ribeiro5838@email.com,Masculino,BR
5839,Patricia Coelho Ramos,patricia.coelho.ramos5839@email.com,Feminino,BR
5840,Leandro Alves Lopes,leandro.alves.lopes5840@email.com,Masculino,BR
5841,Monica Morais Brito,monica.morais.brito5841@email.com,Feminino,BR
5842,Marcelo Torres Ribeiro,marcelo.torres.ribeiro5842@email.com,Masculino,BR
5843,Renata Macedo Alves,renata.macedo.alves5843@email.com,Feminino,BR
5844,Eduardo Dias Monteiro,eduardo.dias.monteiro5844@email.com,Masculino,BR
5845,Aline Monteiro Cardoso,aline.monteiro.cardoso5845@email.com,Feminino,BR
5846,Francisco Machado Alves,francisco.machado.alves5846@email.com,Masculino,BR
5847,Raquel Guimaraes Dias,raquel.guimaraes.dias5847@email.com,Feminino,BR
5848,Sergio Brito Rocha,sergio.brito.rocha5848@email.com,Masculino,BR
5849,Simone Martins Gomes,simone.martins.gomes5849@email.com,Feminino,BR
5850,Leonardo Xavier Martins,leonardo.xavier.martins5850@email.com,Masculino,BR
5851,Mariana Guimaraes Siqueira,mariana.guimaraes.siqueira5851@email.com,Feminino,BR
5852,Thiago Cardoso Moura,thiago.cardoso.moura5852@email.com,Masculino,BR
5853,Thais Vasconcelos Tavares,thais.vasconcelos.tavares5853@email.com,Feminino,BR
5854,Matheus Macedo Matos,matheus.macedo.matos5854@email.com,Masculino,BR
5855,Sabrina Carvalho Mendes,sabrina.carvalho.mendes5855@email.com,Feminino,BR
5856,Fernando Melo Reis,fernando.melo.reis5856@email.com,Masculino,BR
5857,Raquel Campos Rocha,raquel.campos.rocha5857@email.com,Feminino,BR
5858,Leandro Teixeira Matos,leandro.teixeira.matos5858@email.com,Masculino,BR
5859,Sandra Reis Pinheiro,sandra.reis.pinheiro5859@email.com,Feminino,BR
5860,Diego Lopes Monteiro,diego.lopes.monteiro5860@email.com,Masculino,BR
5861,Luciana Duarte Moreira,luciana.duarte.moreira5861@email.com,Feminino,BR
5862,Matheus Silva Coelho,matheus.silva.coelho5862@email.com,Masculino,BR
5863,Carolina Costa Cunha,carolina.costa.cunha5863@email.com,Feminino,BR
5864,Paulo Vasconcelos Fernandes,paulo.vasconcelos.fernandes5864@email.com,Masculino,BR
5865,Beatriz Azevedo Macedo,beatriz.azevedo.macedo5865@email.com,Feminino,BR
5866,Vinicius Santos Torres,vinicius.santos.torres5866@email.com,Masculino,BR
5867,Renata Dias Siqueira,renata.dias.siqueira5867@email.com,Feminino,BR
5868,Henrique Barbosa Reis,henrique.barbosa.reis5868@email.com,Masculino,BR
5869,Carla Santos Cardoso,carla.santos.cardoso5869@email.com,Feminino,BR
5870,Guilherme Xavier Rodrigues,guilherme.xavier.rodrigues5870@email.com,Masculino,BR
5871,Simone Pires Pires,simone.pires.pires5871@email.com,Feminino,BR
5872,André Fernandes Dias,andré.fernandes.dias5872@email.com,Masculino,BR
5873,Andrea Barros Lopes,andrea.barros.lopes5873@email.com,Feminino,BR
5874,Vinicius Alves Pereira,vinicius.alves.pereira5874@email.com,Masculino,BR
5875,Priscila Martins Cardoso,priscila.martins.cardoso5875@email.com,Feminino,BR
5876,Fernando Matos Fonseca,fernando.matos.fonseca5876@email.com,Masculino,BR
5877,Thais Oliveira Macedo,thais.oliveira.macedo5877@email.com,Feminino,BR
5878,Alexandre Nascimento Correia,alexandre.nascimento.correia5878@email.com,Masculino,BR
5879,Pamela Araujo Nunes,pamela.araujo.nunes5879@email.com,Feminino,BR
5880,Wagner Fonseca Rodrigues,wagner.fonseca.rodrigues5880@email.com,Masculino,BR
5881,Fernanda Alves Costa,fernanda.alves.costa5881@email.com,Feminino,BR
5882,Igor Nunes Castro,igor.nunes.castro5882@email.com,Masculino,BR
5883,Carla Lopes Barbosa,carla.lopes.barbosa5883@email.com,Feminino,BR
5884,Felipe Machado Souza,felipe.machado.souza5884@email.com,Masculino,BR
5885,Patricia Cardoso Macedo,patricia.cardoso.macedo5885@email.com,Feminino,BR
5886,Matheus Torres Rocha,matheus.torres.rocha5886@email.com,Masculino,BR
5887,Isabela Fonseca Monteiro,isabela.fonseca.monteiro5887@email.com,Feminino,BR
5888,Sergio Gomes Pires,sergio.gomes.pires5888@email.com,Masculino,BR
5889,Camila Lopes Araujo,camila.lopes.araujo5889@email.com,Feminino,BR
5890,Diego Duarte Castro,diego.duarte.castro5890@email.com,Masculino,BR
5891,Adriana Pires Moura,adriana.pires.moura5891@email.com,Feminino,BR
5892,Rodrigo Nascimento Santos,rodrigo.nascimento.santos5892@email.com,Masculino,BR
5893,Beatriz Macedo Macedo,beatriz.macedo.macedo5893@email.com,Feminino,BR
5894,Ricardo Xavier Nascimento,ricardo.xavier.nascimento5894@email.com,Masculino,BR
5895,Simone Melo Campos,simone.melo.campos5895@email.com,Feminino,BR
5896,Renato Pinheiro Dias,renato.pinheiro.dias5896@email.com,Masculino,BR
5897,Vanessa Cardoso Azevedo,vanessa.cardoso.azevedo5897@email.com,Feminino,BR
5898,Eduardo Azevedo Campos,eduardo.azevedo.campos5898@email.com,Masculino,BR
5899,Monica Gomes Brito,monica.gomes.brito5899@email.com,Feminino,BR
5900,Henrique Mendes Tavares,henrique.mendes.tavares5900@email.com,Masculino,BR
5901,Ana Souza Lima,ana.souza.lima5901@email.com,Feminino,BR
5902,Matheus Ramos Moreira,matheus.ramos.moreira5902@email.com,Masculino,BR
5903,Pamela Fernandes Costa,pamela.fernandes.costa5903@email.com,Feminino,BR
5904,Francisco Costa Barros,francisco.costa.barros5904@email.com,Masculino,BR
5905,Carla Santos Duarte,carla.santos.duarte5905@email.com,Feminino,BR
5906,Guilherme Oliveira Barros,guilherme.oliveira.barros5906@email.com,Masculino,BR
5907,Simone Xavier Castro,simone.xavier.castro5907@email.com,Feminino,BR
5908,Antonio Barbosa Duarte,antonio.barbosa.duarte5908@email.com,Masculino,BR
5909,Monica Morais Pereira,monica.morais.pereira5909@email.com,Feminino,BR
5910,Ricardo Duarte Ferreira,ricardo.duarte.ferreira5910@email.com,Masculino,BR
5911,Tatiane Macedo Lima,tatiane.macedo.lima5911@email.com,Feminino,BR
5912,Marcelo Martins Fernandes,marcelo.martins.fernandes5912@email.com,Masculino,BR
5913,Aline Melo Melo,aline.melo.melo5913@email.com,Feminino,BR
5914,Bruno Duarte Azevedo,bruno.duarte.azevedo5914@email.com,Masculino,BR
5915,Andrea Vasconcelos Gomes,andrea.vasconcelos.gomes5915@email.com,Feminino,BR
5916,Ricardo Macedo Brito,ricardo.macedo.brito5916@email.com,Masculino,BR
5917,Luciana Torres Nunes,luciana.torres.nunes5917@email.com,Feminino,BR
5918,Caio Lopes Pinheiro,caio.lopes.pinheiro5918@email.com,Masculino,BR
5919,Isabela Vasconcelos Teixeira,isabela.vasconcelos.teixeira5919@email.com,Feminino,BR
5920,Ricardo Ribeiro Vasconcelos,ricardo.ribeiro.vasconcelos5920@email.com,Masculino,BR
5921,Eliane Teixeira Azevedo,eliane.teixeira.azevedo5921@email.com,Feminino,BR
5922,Francisco Macedo Nascimento,francisco.macedo.nascimento5922@email.com,Masculino,BR
5923,Luciana Santos Moreira,luciana.santos.moreira5923@email.com,Feminino,BR
5924,Sergio Barbosa Silva,sergio.barbosa.silva5924@email.com,Masculino,BR
5925,Andrea Reis Rodrigues,andrea.reis.rodrigues5925@email.com,Feminino,BR
5926,Pedro Silva Carvalho,pedro.silva.carvalho5926@email.com,Masculino,BR
5927,Simone Ramos Rocha,simone.ramos.rocha5927@email.com,Feminino,BR
5928,Henrique Melo Carvalho,henrique.melo.carvalho5928@email.com,Masculino,BR
5929,Rosana Brito Macedo,rosana.brito.macedo5929@email.com,Feminino,BR
5930,Diego Castro Azevedo,diego.castro.azevedo5930@email.com,Masculino,BR
5931,Renata Macedo Torres,renata.macedo.torres5931@email.com,Feminino,BR
5932,Sergio Freitas Correia,sergio.freitas.correia5932@email.com,Masculino,BR
5933,Eliane Rocha Gomes,eliane.rocha.gomes5933@email.com,Feminino,BR
5934,Rafael Dias Monteiro,rafael.dias.monteiro5934@email.com,Masculino,BR
5935,Vanessa Alves Santos,vanessa.alves.santos5935@email.com,Feminino,BR
5936,Marcelo Tavares Melo,marcelo.tavares.melo5936@email.com,Masculino,BR
5937,Juliana Macedo Souza,juliana.macedo.souza5937@email.com,Feminino,BR
5938,Marcelo Freitas Pereira,marcelo.freitas.pereira5938@email.com,Masculino,BR
5939,Simone Cardoso Carvalho,simone.cardoso.carvalho5939@email.com,Feminino,BR
5940,Marcos Gomes Monteiro,marcos.gomes.monteiro5940@email.com,Masculino,BR
5941,Mariana Ramos Nunes,mariana.ramos.nunes5941@email.com,Feminino,BR
5942,Eduardo Dias Macedo,eduardo.dias.macedo5942@email.com,Masculino,BR
5943,Sandra Santos Souza,sandra.santos.souza5943@email.com,Feminino,BR
5944,Renato Lima Reis,renato.lima.reis5944@email.com,Masculino,BR
5945,Daniela Santos Lopes,daniela.santos.lopes5945@email.com,Feminino,BR
5946,Marcos Rodrigues Costa,marcos.rodrigues.costa5946@email.com,Masculino,BR
5947,Jessica Lopes Moreira,jessica.lopes.moreira5947@email.com,Feminino,BR
5948,André Dias Macedo,andré.dias.macedo5948@email.com,Masculino,BR
5949,Daniela Fonseca Torres,daniela.fonseca.torres5949@email.com,Feminino,BR
5950,Felipe Ferreira Ribeiro,felipe.ferreira.ribeiro5950@email.com,Masculino,BR
5951,Aline Fonseca Matos,aline.fonseca.matos5951@email.com,Feminino,BR
5952,Francisco Lima Martins,francisco.lima.martins5952@email.com,Masculino,BR
5953,Tatiana Lima Rezende,tatiana.lima.rezende5953@email.com,Feminino,BR
5954,Wagner Freitas Pinheiro,wagner.freitas.pinheiro5954@email.com,Masculino,BR
5955,Simone Cunha Gomes,simone.cunha.gomes5955@email.com,Feminino,BR
5956,Marcos Ferreira Fernandes,marcos.ferreira.fernandes5956@email.com,Masculino,BR
5957,Aline Campos Machado,aline.campos.machado5957@email.com,Feminino,BR
5958,Henrique Barros Lima,henrique.barros.lima5958@email.com,Masculino,BR
5959,Bruna Santos Silva,bruna.santos.silva5959@email.com,Feminino,BR
5960,Alexandre Fernandes Cunha,alexandre.fernandes.cunha5960@email.com,Masculino,BR
5961,Carolina Melo Alves,carolina.melo.alves5961@email.com,Feminino,BR
5962,Paulo Campos Monteiro,paulo.campos.monteiro5962@email.com,Masculino,BR
5963,Patricia Ramos Melo,patricia.ramos.melo5963@email.com,Feminino,BR
5964,Leandro Carvalho Nascimento,leandro.carvalho.nascimento5964@email.com,Masculino,BR
5965,Camila Vasconcelos Vasconcelos,camila.vasconcelos.vasconcelos5965@email.com,Feminino,BR
5966,Alexandre Machado Santos,alexandre.machado.santos5966@email.com,Masculino,BR
5967,Sabrina Matos Vasconcelos,sabrina.matos.vasconcelos5967@email.com,Feminino,BR
5968,Diego Oliveira Rocha,diego.oliveira.rocha5968@email.com,Masculino,BR
5969,Priscila Ribeiro Duarte,priscila.ribeiro.duarte5969@email.com,Feminino,BR
5970,João Souza Moura,joão.souza.moura5970@email.com,Masculino,BR
5971,Isabela Souza Nascimento,isabela.souza.nascimento5971@email.com,Feminino,BR
5972,Fernando Coelho Oliveira,fernando.coelho.oliveira5972@email.com,Masculino,BR
5973,Fernanda Tavares Fernandes,fernanda.tavares.fernandes5973@email.com,Feminino,BR
5974,Marcos Pinheiro Siqueira,marcos.pinheiro.siqueira5974@email.com,Masculino,BR
5975,Leticia Campos Guimaraes,leticia.campos.guimaraes5975@email.com,Feminino,BR
5976,Matheus Torres Martins,matheus.torres.martins5976@email.com,Masculino,BR
5977,Bianca Ribeiro Ribeiro,bianca.ribeiro.ribeiro5977@email.com,Feminino,BR
5978,Francisco Rocha Pinheiro,francisco.rocha.pinheiro5978@email.com,Masculino,BR
5979,Vanessa Campos Lima,vanessa.campos.lima5979@email.com,Feminino,BR
5980,Thiago Santos Rezende,thiago.santos.rezende5980@email.com,Masculino,BR
5981,Tatiana Monteiro Moreira,tatiana.monteiro.moreira5981@email.com,Feminino,BR
5982,Fabio Reis Mendes,fabio.reis.mendes5982@email.com,Masculino,BR
5983,Andrea Cardoso Santos,andrea.cardoso.santos5983@email.com,Feminino,BR
5984,Pedro Teixeira Santos,pedro.teixeira.santos5984@email.com,Masculino,BR
5985,Thais Oliveira Pinheiro,thais.oliveira.pinheiro5985@email.com,Feminino,BR
5986,Rafael Cunha Oliveira,rafael.cunha.oliveira5986@email.com,Masculino,BR
5987,Gisele Rodrigues Coelho,gisele.rodrigues.coelho5987@email.com,Feminino,BR
5988,Wagner Matos Moura,wagner.matos.moura5988@email.com,Masculino,BR
5989,Mariana Martins Alves,mariana.martins.alves5989@email.com,Feminino,BR
5990,João Freitas Carvalho,joão.freitas.carvalho5990@email.com,Masculino,BR
5991,Camila Cunha Pereira,camila.cunha.pereira5991@email.com,Feminino,BR
5992,Felipe Machado Azevedo,felipe.machado.azevedo5992@email.com,Masculino,BR
5993,Bianca Melo Castro,bianca.melo.castro5993@email.com,Feminino,BR
5994,Renato Souza Melo,renato.souza.melo5994@email.com,Masculino,BR
5995,Claudia Fernandes Morais,claudia.fernandes.morais5995@email.com,Feminino,BR
5996,João Monteiro Machado,joão.monteiro.machado5996@email.com,Masculino,BR
5997,Thais Mendes Souza,thais.mendes.souza5997@email.com,Feminino,BR
5998,Diego Siqueira Castro,diego.siqueira.castro5998@email.com,Masculino,BR
5999,Carla Guimaraes Siqueira,carla.guimaraes.siqueira5999@email.com,Feminino,BR
6000,Lucas Machado Rezende,lucas.machado.rezende6000@email.com,Masculino,BR
6001,Eliane Gomes Souza,eliane.gomes.souza6001@email.com,Feminino,BR
6002,Eduardo Barros Souza,eduardo.barros.souza6002@email.com,Masculino,BR
6003,Isabela Carvalho Siqueira,isabela.carvalho.siqueira6003@email.com,Feminino,BR
6004,Bruno Pinheiro Alves,bruno.pinheiro.alves6004@email.com,Masculino,BR
6005,Carolina Barbosa Guimaraes,carolina.barbosa.guimaraes6005@email.com,Feminino,BR
6006,Lucas Araujo Carvalho,lucas.araujo.carvalho6006@email.com,Masculino,BR
6007,Adriana Ribeiro Matos,adriana.ribeiro.matos6007@email.com,Feminino,BR
6008,Leandro Teixeira Correia,leandro.teixeira.correia6008@email.com,Masculino,BR
6009,Bruna Siqueira Fonseca,bruna.siqueira.fonseca6009@email.com,Feminino,BR
6010,Francisco Moura Duarte,francisco.moura.duarte6010@email.com,Masculino,BR
6011,Sabrina Coelho Souza,sabrina.coelho.souza6011@email.com,Feminino,BR
6012,Diego Ramos Campos,diego.ramos.campos6012@email.com,Masculino,BR
6013,Isabela Fonseca Pinheiro,isabela.fonseca.pinheiro6013@email.com,Feminino,BR
6014,Carlos Pinheiro Fernandes,carlos.pinheiro.fernandes6014@email.com,Masculino,BR
6015,Daniela Morais Costa,daniela.morais.costa6015@email.com,Feminino,BR
6016,André Ribeiro Silva,andré.ribeiro.silva6016@email.com,Masculino,BR
6017,Isabela Morais Oliveira,isabela.morais.oliveira6017@email.com,Feminino,BR
6018,Gustavo Martins Moreira,gustavo.martins.moreira6018@email.com,Masculino,BR
6019,Simone Silva Duarte,simone.silva.duarte6019@email.com,Feminino,BR
6020,Fernando Machado Melo,fernando.machado.melo6020@email.com,Masculino,BR
6021,Sandra Gomes Morais,sandra.gomes.morais6021@email.com,Feminino,BR
6022,Sergio Moreira Lopes,sergio.moreira.lopes6022@email.com,Masculino,BR
6023,Tatiana Azevedo Guimaraes,tatiana.azevedo.guimaraes6023@email.com,Feminino,BR
6024,Henrique Castro Lopes,henrique.castro.lopes6024@email.com,Masculino,BR
6025,Larissa Pinheiro Nunes,larissa.pinheiro.nunes6025@email.com,Feminino,BR
6026,Jose Teixeira Teixeira,jose.teixeira.teixeira6026@email.com,Masculino,BR
6027,Vanessa Mendes Teixeira,vanessa.mendes.teixeira6027@email.com,Feminino,BR
6028,Antonio Macedo Pires,antonio.macedo.pires6028@email.com,Masculino,BR
6029,Bruna Siqueira Alves,bruna.siqueira.alves6029@email.com,Feminino,BR
6030,Igor Coelho Moura,igor.coelho.moura6030@email.com,Masculino,BR
6031,Adriana Pereira Xavier,adriana.pereira.xavier6031@email.com,Feminino,BR
6032,Fabio Ramos Vasconcelos,fabio.ramos.vasconcelos6032@email.com,Masculino,BR
6033,Ana Castro Souza,ana.castro.souza6033@email.com,Feminino,BR
6034,Lucas Carvalho Azevedo,lucas.carvalho.azevedo6034@email.com,Masculino,BR
6035,Larissa Lima Pires,larissa.lima.pires6035@email.com,Feminino,BR
6036,Rodrigo Souza Freitas,rodrigo.souza.freitas6036@email.com,Masculino,BR
6037,Raquel Lopes Ramos,raquel.lopes.ramos6037@email.com,Feminino,BR
6038,Rafael Ferreira Barros,rafael.ferreira.barros6038@email.com,Masculino,BR
6039,Vanessa Moreira Torres,vanessa.moreira.torres6039@email.com,Feminino,BR
6040,Jose Gomes Rocha,jose.gomes.rocha6040@email.com,Masculino,BR
6041,Cristina Macedo Santos,cristina.macedo.santos6041@email.com,Feminino,BR
6042,André Matos Pinheiro,andré.matos.pinheiro6042@email.com,Masculino,BR
6043,Sandra Moura Tavares,sandra.moura.tavares6043@email.com,Feminino,BR
6044,Rafael Duarte Moura,rafael.duarte.moura6044@email.com,Masculino,BR
6045,Fabiana Costa Fernandes,fabiana.costa.fernandes6045@email.com,Feminino,BR
6046,Marcelo Campos Castro,marcelo.campos.castro6046@email.com,Masculino,BR
6047,Cristina Nascimento Moura,cristina.nascimento.moura6047@email.com,Feminino,BR
6048,Thiago Campos Martins,thiago.campos.martins6048@email.com,Masculino,BR
6049,Amanda Brito Martins,amanda.brito.martins6049@email.com,Feminino,BR
6050,Cesar Carvalho Reis,cesar.carvalho.reis6050@email.com,Masculino,BR
6051,Isabela Castro Guimaraes,isabela.castro.guimaraes6051@email.com,Feminino,BR
6052,Guilherme Melo Gomes,guilherme.melo.gomes6052@email.com,Masculino,BR
6053,Sabrina Costa Moreira,sabrina.costa.moreira6053@email.com,Feminino,BR
6054,Rodrigo Rodrigues Moura,rodrigo.rodrigues.moura6054@email.com,Masculino,BR
6055,Bianca Machado Azevedo,bianca.machado.azevedo6055@email.com,Feminino,BR
6056,Diego Souza Matos,diego.souza.matos6056@email.com,Masculino,BR
6057,Raquel Silva Pereira,raquel.silva.pereira6057@email.com,Feminino,BR
6058,Henrique Correia Pires,henrique.correia.pires6058@email.com,Masculino,BR
6059,Raquel Dias Matos,raquel.dias.matos6059@email.com,Feminino,BR
6060,Cesar Tavares Pereira,cesar.tavares.pereira6060@email.com,Masculino,BR
6061,Fernanda Coelho Cunha,fernanda.coelho.cunha6061@email.com,Feminino,BR
6062,Gabriel Rocha Machado,gabriel.rocha.machado6062@email.com,Masculino,BR
6063,Mariana Coelho Fernandes,mariana.coelho.fernandes6063@email.com,Feminino,BR
6064,Gustavo Moreira Xavier,gustavo.moreira.xavier6064@email.com,Masculino,BR
6065,Mariana Vasconcelos Cunha,mariana.vasconcelos.cunha6065@email.com,Feminino,BR
6066,Leonardo Fonseca Gomes,leonardo.fonseca.gomes6066@email.com,Masculino,BR
6067,Priscila Reis Freitas,priscila.reis.freitas6067@email.com,Feminino,BR
6068,Ricardo Carvalho Nunes,ricardo.carvalho.nunes6068@email.com,Masculino,BR
6069,Beatriz Moreira Lima,beatriz.moreira.lima6069@email.com,Feminino,BR
6070,Mauricio Brito Rocha,mauricio.brito.rocha6070@email.com,Masculino,BR
6071,Tatiana Lopes Rocha,tatiana.lopes.rocha6071@email.com,Feminino,BR
6072,Vinicius Coelho Cardoso,vinicius.coelho.cardoso6072@email.com,Masculino,BR
6073,Maria Morais Lima,maria.morais.lima6073@email.com,Feminino,BR
6074,Francisco Monteiro Moura,francisco.monteiro.moura6074@email.com,Masculino,BR
6075,Amanda Macedo Morais,amanda.macedo.morais6075@email.com,Feminino,BR
6076,Wagner Machado Carvalho,wagner.machado.carvalho6076@email.com,Masculino,BR
6077,Jessica Monteiro Torres,jessica.monteiro.torres6077@email.com,Feminino,BR
6078,Felipe Castro Pinheiro,felipe.castro.pinheiro6078@email.com,Masculino,BR
6079,Andrea Azevedo Rocha,andrea.azevedo.rocha6079@email.com,Feminino,BR
6080,Ricardo Coelho Matos,ricardo.coelho.matos6080@email.com,Masculino,BR
6081,Monica Nunes Oliveira,monica.nunes.oliveira6081@email.com,Feminino,BR
6082,Alexandre Reis Mendes,alexandre.reis.mendes6082@email.com,Masculino,BR
6083,Larissa Morais Azevedo,larissa.morais.azevedo6083@email.com,Feminino,BR
6084,Guilherme Fonseca Martins,guilherme.fonseca.martins6084@email.com,Masculino,BR
6085,Pamela Coelho Barbosa,pamela.coelho.barbosa6085@email.com,Feminino,BR
6086,Eduardo Moura Alves,eduardo.moura.alves6086@email.com,Masculino,BR
6087,Camila Matos Tavares,camila.matos.tavares6087@email.com,Feminino,BR
6088,Wagner Campos Araujo,wagner.campos.araujo6088@email.com,Masculino,BR
6089,Pamela Reis Nascimento,pamela.reis.nascimento6089@email.com,Feminino,BR
6090,Guilherme Cunha Costa,guilherme.cunha.costa6090@email.com,Masculino,BR
6091,Amanda Macedo Nunes,amanda.macedo.nunes6091@email.com,Feminino,BR
6092,Vinicius Mendes Morais,vinicius.mendes.morais6092@email.com,Masculino,BR
6093,Aline Teixeira Cunha,aline.teixeira.cunha6093@email.com,Feminino,BR
6094,Henrique Freitas Ferreira,henrique.freitas.ferreira6094@email.com,Masculino,BR
6095,Maria Alves Correia,maria.alves.correia6095@email.com,Feminino,BR
6096,Antonio Araujo Fonseca,antonio.araujo.fonseca6096@email.com,Masculino,BR
6097,Pamela Carvalho Fonseca,pamela.carvalho.fonseca6097@email.com,Feminino,BR
6098,Guilherme Siqueira Nunes,guilherme.siqueira.nunes6098@email.com,Masculino,BR
6099,Amanda Macedo Torres,amanda.macedo.torres6099@email.com,Feminino,BR
6100,Antonio Pires Tavares,antonio.pires.tavares6100@email.com,Masculino,BR
6101,Eliane Rodrigues Tavares,eliane.rodrigues.tavares6101@email.com,Feminino,BR
6102,Francisco Siqueira Rodrigues,francisco.siqueira.rodrigues6102@email.com,Masculino,BR
6103,Juliana Tavares Alves,juliana.tavares.alves6103@email.com,Feminino,BR
6104,Mauricio Reis Xavier,mauricio.reis.xavier6104@email.com,Masculino,BR
6105,Amanda Duarte Alves,amanda.duarte.alves6105@email.com,Feminino,BR
6106,Felipe Coelho Araujo,felipe.coelho.araujo6106@email.com,Masculino,BR
6107,Carla Fonseca Brito,carla.fonseca.brito6107@email.com,Feminino,BR
6108,Wagner Cunha Torres,wagner.cunha.torres6108@email.com,Masculino,BR
6109,Carolina Correia Pinheiro,carolina.correia.pinheiro6109@email.com,Feminino,BR
6110,Carlos Freitas Vasconcelos,carlos.freitas.vasconcelos6110@email.com,Masculino,BR
6111,Jessica Melo Azevedo,jessica.melo.azevedo6111@email.com,Feminino,BR
6112,Sergio Moura Oliveira,sergio.moura.oliveira6112@email.com,Masculino,BR
6113,Carolina Torres Fernandes,carolina.torres.fernandes6113@email.com,Feminino,BR
6114,Guilherme Siqueira Santos,guilherme.siqueira.santos6114@email.com,Masculino,BR
6115,Tatiana Duarte Ribeiro,tatiana.duarte.ribeiro6115@email.com,Feminino,BR
6116,Pedro Morais Teixeira,pedro.morais.teixeira6116@email.com,Masculino,BR
6117,Amanda Barbosa Cunha,amanda.barbosa.cunha6117@email.com,Feminino,BR
6118,Pedro Matos Azevedo,pedro.matos.azevedo6118@email.com,Masculino,BR
6119,Adriana Freitas Torres,adriana.freitas.torres6119@email.com,Feminino,BR
6120,Paulo Freitas Araujo,paulo.freitas.araujo6120@email.com,Masculino,BR
6121,Sabrina Lopes Xavier,sabrina.lopes.xavier6121@email.com,Feminino,BR
6122,Roberto Cardoso Azevedo,roberto.cardoso.azevedo6122@email.com,Masculino,BR
6123,Adriana Macedo Xavier,adriana.macedo.xavier6123@email.com,Feminino,BR
6124,Thiago Dias Pires,thiago.dias.pires6124@email.com,Masculino,BR
6125,Tatiane Vasconcelos Cardoso,tatiane.vasconcelos.cardoso6125@email.com,Feminino,BR
6126,Leonardo Coelho Freitas,leonardo.coelho.freitas6126@email.com,Masculino,BR
6127,Vanessa Melo Rezende,vanessa.melo.rezende6127@email.com,Feminino,BR
6128,Bruno Teixeira Freitas,bruno.teixeira.freitas6128@email.com,Masculino,BR
6129,Andrea Castro Pinheiro,andrea.castro.pinheiro6129@email.com,Feminino,BR
6130,Eduardo Cardoso Reis,eduardo.cardoso.reis6130@email.com,Masculino,BR
6131,Raquel Alves Matos,raquel.alves.matos6131@email.com,Feminino,BR
6132,Bruno Morais Moreira,bruno.morais.moreira6132@email.com,Masculino,BR
6133,Simone Guimaraes Rezende,simone.guimaraes.rezende6133@email.com,Feminino,BR
6134,Daniel Coelho Rodrigues,daniel.coelho.rodrigues6134@email.com,Masculino,BR
6135,Renata Mendes Melo,renata.mendes.melo6135@email.com,Feminino,BR
6136,Antonio Freitas Teixeira,antonio.freitas.teixeira6136@email.com,Masculino,BR
6137,Jessica Campos Coelho,jessica.campos.coelho6137@email.com,Feminino,BR
6138,Thiago Martins Cardoso,thiago.martins.cardoso6138@email.com,Masculino,BR
6139,Ana Lima Gomes,ana.lima.gomes6139@email.com,Feminino,BR
6140,Mauricio Monteiro Barros,mauricio.monteiro.barros6140@email.com,Masculino,BR
6141,Tatiane Barbosa Coelho,tatiane.barbosa.coelho6141@email.com,Feminino,BR
6142,Rafael Castro Ribeiro,rafael.castro.ribeiro6142@email.com,Masculino,BR
6143,Carolina Guimaraes Nascimento,carolina.guimaraes.nascimento6143@email.com,Feminino,BR
6144,Ricardo Gomes Ferreira,ricardo.gomes.ferreira6144@email.com,Masculino,BR
6145,Camila Correia Tavares,camila.correia.tavares6145@email.com,Feminino,BR
6146,Leonardo Melo Mendes,leonardo.melo.mendes6146@email.com,Masculino,BR
6147,Isabela Correia Teixeira,isabela.correia.teixeira6147@email.com,Feminino,BR
6148,Marcelo Freitas Moreira,marcelo.freitas.moreira6148@email.com,Masculino,BR
6149,Beatriz Rodrigues Alves,beatriz.rodrigues.alves6149@email.com,Feminino,BR
6150,Rodrigo Guimaraes Duarte,rodrigo.guimaraes.duarte6150@email.com,Masculino,BR
6151,Camila Cardoso Carvalho,camila.cardoso.carvalho6151@email.com,Feminino,BR
6152,Renato Torres Oliveira,renato.torres.oliveira6152@email.com,Masculino,BR
6153,Priscila Pires Rocha,priscila.pires.rocha6153@email.com,Feminino,BR
6154,Vinicius Santos Rezende,vinicius.santos.rezende6154@email.com,Masculino,BR
6155,Cristina Reis Nascimento,cristina.reis.nascimento6155@email.com,Feminino,BR
6156,Eduardo Araujo Carvalho,eduardo.araujo.carvalho6156@email.com,Masculino,BR
6157,Jessica Vasconcelos Fernandes,jessica.vasconcelos.fernandes6157@email.com,Feminino,BR
6158,Marcos Rocha Silva,marcos.rocha.silva6158@email.com,Masculino,BR
6159,Leticia Araujo Santos,leticia.araujo.santos6159@email.com,Feminino,BR
6160,Cesar Machado Reis,cesar.machado.reis6160@email.com,Masculino,BR
6161,Jessica Cunha Pires,jessica.cunha.pires6161@email.com,Feminino,BR
6162,Rafael Duarte Gomes,rafael.duarte.gomes6162@email.com,Masculino,BR
6163,Bianca Ribeiro Melo,bianca.ribeiro.melo6163@email.com,Feminino,BR
6164,Francisco Fonseca Moreira,francisco.fonseca.moreira6164@email.com,Masculino,BR
6165,Eliane Rodrigues Pinheiro,eliane.rodrigues.pinheiro6165@email.com,Feminino,BR
6166,Henrique Correia Xavier,henrique.correia.xavier6166@email.com,Masculino,BR
6167,Carla Fernandes Fernandes,carla.fernandes.fernandes6167@email.com,Feminino,BR
6168,Henrique Ramos Campos,henrique.ramos.campos6168@email.com,Masculino,BR
6169,Carla Araujo Cardoso,carla.araujo.cardoso6169@email.com,Feminino,BR
6170,Marcelo Freitas Pereira,marcelo.freitas.pereira6170@email.com,Masculino,BR
6171,Beatriz Cardoso Torres,beatriz.cardoso.torres6171@email.com,Feminino,BR
6172,Gustavo Xavier Castro,gustavo.xavier.castro6172@email.com,Masculino,BR
6173,Rosana Souza Alves,rosana.souza.alves6173@email.com,Feminino,BR
6174,Jose Correia Machado,jose.correia.machado6174@email.com,Masculino,BR
6175,Gisele Cardoso Alves,gisele.cardoso.alves6175@email.com,Feminino,BR
6176,Wagner Carvalho Matos,wagner.carvalho.matos6176@email.com,Masculino,BR
6177,Sandra Correia Nascimento,sandra.correia.nascimento6177@email.com,Feminino,BR
6178,Rafael Torres Carvalho,rafael.torres.carvalho6178@email.com,Masculino,BR
6179,Bruna Nunes Duarte,bruna.nunes.duarte6179@email.com,Feminino,BR
6180,Roberto Azevedo Guimaraes,roberto.azevedo.guimaraes6180@email.com,Masculino,BR
6181,Jessica Rezende Fonseca,jessica.rezende.fonseca6181@email.com,Feminino,BR
6182,Guilherme Pereira Martins,guilherme.pereira.martins6182@email.com,Masculino,BR
6183,Ana Pires Lopes,ana.pires.lopes6183@email.com,Feminino,BR
6184,Rafael Vasconcelos Costa,rafael.vasconcelos.costa6184@email.com,Masculino,BR
6185,Sandra Machado Correia,sandra.machado.correia6185@email.com,Feminino,BR
6186,Rafael Pereira Brito,rafael.pereira.brito6186@email.com,Masculino,BR
6187,Sandra Pereira Matos,sandra.pereira.matos6187@email.com,Feminino,BR
6188,Vinicius Duarte Mendes,vinicius.duarte.mendes6188@email.com,Masculino,BR
6189,Ana Correia Tavares,ana.correia.tavares6189@email.com,Feminino,BR
6190,Antonio Ramos Correia,antonio.ramos.correia6190@email.com,Masculino,BR
6191,Beatriz Moreira Dias,beatriz.moreira.dias6191@email.com,Feminino,BR
6192,Renato Monteiro Castro,renato.monteiro.castro6192@email.com,Masculino,BR
6193,Raquel Teixeira Carvalho,raquel.teixeira.carvalho6193@email.com,Feminino,BR
6194,Sergio Fernandes Barros,sergio.fernandes.barros6194@email.com,Masculino,BR
6195,Bianca Rocha Macedo,bianca.rocha.macedo6195@email.com,Feminino,BR
6196,Marcelo Brito Fonseca,marcelo.brito.fonseca6196@email.com,Masculino,BR
6197,Simone Silva Guimaraes,simone.silva.guimaraes6197@email.com,Feminino,BR
6198,Roberto Correia Coelho,roberto.correia.coelho6198@email.com,Masculino,BR
6199,Sandra Fonseca Lima,sandra.fonseca.lima6199@email.com,Feminino,BR
6200,Ricardo Guimaraes Pereira,ricardo.guimaraes.pereira6200@email.com,Masculino,BR
6201,Fabiana Cunha Matos,fabiana.cunha.matos6201@email.com,Feminino,BR
6202,Thiago Matos Gomes,thiago.matos.gomes6202@email.com,Masculino,BR
6203,Priscila Tavares Macedo,priscila.tavares.macedo6203@email.com,Feminino,BR
6204,Daniel Reis Ribeiro,daniel.reis.ribeiro6204@email.com,Masculino,BR
6205,Ana Vasconcelos Rezende,ana.vasconcelos.rezende6205@email.com,Feminino,BR
6206,Felipe Teixeira Ferreira,felipe.teixeira.ferreira6206@email.com,Masculino,BR
6207,Amanda Moreira Duarte,amanda.moreira.duarte6207@email.com,Feminino,BR
6208,Alexandre Fernandes Cunha,alexandre.fernandes.cunha6208@email.com,Masculino,BR
6209,Daniela Nascimento Machado,daniela.nascimento.machado6209@email.com,Feminino,BR
6210,Gabriel Melo Teixeira,gabriel.melo.teixeira6210@email.com,Masculino,BR
6211,Vanessa Alves Monteiro,vanessa.alves.monteiro6211@email.com,Feminino,BR
6212,Paulo Ribeiro Correia,paulo.ribeiro.correia6212@email.com,Masculino,BR
6213,Luciana Mendes Rezende,luciana.mendes.rezende6213@email.com,Feminino,BR
6214,Bruno Ribeiro Mendes,bruno.ribeiro.mendes6214@email.com,Masculino,BR
6215,Carolina Gomes Carvalho,carolina.gomes.carvalho6215@email.com,Feminino,BR
6216,Paulo Vasconcelos Morais,paulo.vasconcelos.morais6216@email.com,Masculino,BR
6217,Camila Teixeira Lopes,camila.teixeira.lopes6217@email.com,Feminino,BR
6218,Lucas Moura Mendes,lucas.moura.mendes6218@email.com,Masculino,BR
6219,Ana Tavares Costa,ana.tavares.costa6219@email.com,Feminino,BR
6220,Rafael Costa Brito,rafael.costa.brito6220@email.com,Masculino,BR
6221,Carla Alves Martins,carla.alves.martins6221@email.com,Feminino,BR
6222,João Moura Silva,joão.moura.silva6222@email.com,Masculino,BR
6223,Maria Cardoso Rodrigues,maria.cardoso.rodrigues6223@email.com,Feminino,BR
6224,Leandro Santos Fernandes,leandro.santos.fernandes6224@email.com,Masculino,BR
6225,Eliane Duarte Campos,eliane.duarte.campos6225@email.com,Feminino,BR
6226,Ricardo Ribeiro Gomes,ricardo.ribeiro.gomes6226@email.com,Masculino,BR
6227,Andrea Rezende Ribeiro,andrea.rezende.ribeiro6227@email.com,Feminino,BR
6228,Marcelo Dias Freitas,marcelo.dias.freitas6228@email.com,Masculino,BR
6229,Amanda Brito Rocha,amanda.brito.rocha6229@email.com,Feminino,BR
6230,Wagner Campos Duarte,wagner.campos.duarte6230@email.com,Masculino,BR
6231,Vanessa Lopes Correia,vanessa.lopes.correia6231@email.com,Feminino,BR
6232,Daniel Barros Rocha,daniel.barros.rocha6232@email.com,Masculino,BR
6233,Jessica Santos Guimaraes,jessica.santos.guimaraes6233@email.com,Feminino,BR
6234,Carlos Castro Xavier,carlos.castro.xavier6234@email.com,Masculino,BR
6235,Larissa Fernandes Monteiro,larissa.fernandes.monteiro6235@email.com,Feminino,BR
6236,Rodrigo Alves Freitas,rodrigo.alves.freitas6236@email.com,Masculino,BR
6237,Vanessa Fonseca Moura,vanessa.fonseca.moura6237@email.com,Feminino,BR
6238,Thiago Alves Rezende,thiago.alves.rezende6238@email.com,Masculino,BR
6239,Renata Tavares Rocha,renata.tavares.rocha6239@email.com,Feminino,BR
6240,Cesar Teixeira Azevedo,cesar.teixeira.azevedo6240@email.com,Masculino,BR
6241,Tatiane Reis Rodrigues,tatiane.reis.rodrigues6241@email.com,Feminino,BR
6242,Renato Lima Siqueira,renato.lima.siqueira6242@email.com,Masculino,BR
6243,Tatiane Pereira Teixeira,tatiane.pereira.teixeira6243@email.com,Feminino,BR
6244,Gustavo Campos Rocha,gustavo.campos.rocha6244@email.com,Masculino,BR
6245,Priscila Torres Rezende,priscila.torres.rezende6245@email.com,Feminino,BR
6246,André Xavier Moreira,andré.xavier.moreira6246@email.com,Masculino,BR
6247,Juliana Freitas Costa,juliana.freitas.costa6247@email.com,Feminino,BR
6248,Fernando Fernandes Reis,fernando.fernandes.reis6248@email.com,Masculino,BR
6249,Rosana Alves Melo,rosana.alves.melo6249@email.com,Feminino,BR
6250,Francisco Ferreira Siqueira,francisco.ferreira.siqueira6250@email.com,Masculino,BR
6251,Simone Moura Duarte,simone.moura.duarte6251@email.com,Feminino,BR
6252,Sergio Nascimento Castro,sergio.nascimento.castro6252@email.com,Masculino,BR
6253,Fabiana Moreira Coelho,fabiana.moreira.coelho6253@email.com,Feminino,BR
6254,Marcelo Vasconcelos Gomes,marcelo.vasconcelos.gomes6254@email.com,Masculino,BR
6255,Leticia Cardoso Souza,leticia.cardoso.souza6255@email.com,Feminino,BR
6256,Renato Coelho Gomes,renato.coelho.gomes6256@email.com,Masculino,BR
6257,Leticia Morais Ramos,leticia.morais.ramos6257@email.com,Feminino,BR
6258,Leonardo Ramos Rodrigues,leonardo.ramos.rodrigues6258@email.com,Masculino,BR
6259,Camila Rezende Santos,camila.rezende.santos6259@email.com,Feminino,BR
6260,Antonio Alves Cardoso,antonio.alves.cardoso6260@email.com,Masculino,BR
6261,Tatiane Machado Guimaraes,tatiane.machado.guimaraes6261@email.com,Feminino,BR
6262,Alexandre Monteiro Rezende,alexandre.monteiro.rezende6262@email.com,Masculino,BR
6263,Leticia Macedo Brito,leticia.macedo.brito6263@email.com,Feminino,BR
6264,Roberto Moura Reis,roberto.moura.reis6264@email.com,Masculino,BR
6265,Juliana Gomes Ferreira,juliana.gomes.ferreira6265@email.com,Feminino,BR
6266,Leandro Fonseca Pinheiro,leandro.fonseca.pinheiro6266@email.com,Masculino,BR
6267,Eliane Castro Ribeiro,eliane.castro.ribeiro6267@email.com,Feminino,BR
6268,Diego Pinheiro Costa,diego.pinheiro.costa6268@email.com,Masculino,BR
6269,Gisele Santos Costa,gisele.santos.costa6269@email.com,Feminino,BR
6270,Leandro Rodrigues Gomes,leandro.rodrigues.gomes6270@email.com,Masculino,BR
6271,Sandra Castro Costa,sandra.castro.costa6271@email.com,Feminino,BR
6272,Guilherme Pinheiro Barros,guilherme.pinheiro.barros6272@email.com,Masculino,BR
6273,Fabiana Melo Ribeiro,fabiana.melo.ribeiro6273@email.com,Feminino,BR
6274,Jose Campos Brito,jose.campos.brito6274@email.com,Masculino,BR
6275,Juliana Dias Alves,juliana.dias.alves6275@email.com,Feminino,BR
6276,Caio Ribeiro Carvalho,caio.ribeiro.carvalho6276@email.com,Masculino,BR
6277,Simone Pereira Correia,simone.pereira.correia6277@email.com,Feminino,BR
6278,Marcos Rezende Dias,marcos.rezende.dias6278@email.com,Masculino,BR
6279,Eliane Morais Guimaraes,eliane.morais.guimaraes6279@email.com,Feminino,BR
6280,João Oliveira Rodrigues,joão.oliveira.rodrigues6280@email.com,Masculino,BR
6281,Tatiana Nascimento Lima,tatiana.nascimento.lima6281@email.com,Feminino,BR
6282,Rodrigo Silva Araujo,rodrigo.silva.araujo6282@email.com,Masculino,BR
6283,Monica Ribeiro Rodrigues,monica.ribeiro.rodrigues6283@email.com,Feminino,BR
6284,Eduardo Campos Reis,eduardo.campos.reis6284@email.com,Masculino,BR
6285,Carolina Oliveira Rocha,carolina.oliveira.rocha6285@email.com,Feminino,BR
6286,Rafael Tavares Araujo,rafael.tavares.araujo6286@email.com,Masculino,BR
6287,Andrea Siqueira Mendes,andrea.siqueira.mendes6287@email.com,Feminino,BR
6288,Guilherme Brito Duarte,guilherme.brito.duarte6288@email.com,Masculino,BR
6289,Raquel Dias Vasconcelos,raquel.dias.vasconcelos6289@email.com,Feminino,BR
6290,Vinicius Cunha Nascimento,vinicius.cunha.nascimento6290@email.com,Masculino,BR
6291,Maria Cunha Torres,maria.cunha.torres6291@email.com,Feminino,BR
6292,Matheus Rodrigues Nunes,matheus.rodrigues.nunes6292@email.com,Masculino,BR
6293,Renata Torres Macedo,renata.torres.macedo6293@email.com,Feminino,BR
6294,Antonio Mendes Tavares,antonio.mendes.tavares6294@email.com,Masculino,BR
6295,Maria Morais Nascimento,maria.morais.nascimento6295@email.com,Feminino,BR
6296,Leonardo Oliveira Nascimento,leonardo.oliveira.nascimento6296@email.com,Masculino,BR
6297,Jessica Souza Siqueira,jessica.souza.siqueira6297@email.com,Feminino,BR
6298,Eduardo Pereira Morais,eduardo.pereira.morais6298@email.com,Masculino,BR
6299,Larissa Lima Martins,larissa.lima.martins6299@email.com,Feminino,BR
6300,Antonio Pereira Ribeiro,antonio.pereira.ribeiro6300@email.com,Masculino,BR
6301,Gisele Cardoso Martins,gisele.cardoso.martins6301@email.com,Feminino,BR
6302,Henrique Brito Correia,henrique.brito.correia6302@email.com,Masculino,BR
6303,Carolina Barbosa Castro,carolina.barbosa.castro6303@email.com,Feminino,BR
6304,Rodrigo Barbosa Melo,rodrigo.barbosa.melo6304@email.com,Masculino,BR
6305,Eliane Mendes Alves,eliane.mendes.alves6305@email.com,Feminino,BR
6306,Felipe Moreira Torres,felipe.moreira.torres6306@email.com,Masculino,BR
6307,Renata Ferreira Pires,renata.ferreira.pires6307@email.com,Feminino,BR
6308,Antonio Gomes Souza,antonio.gomes.souza6308@email.com,Masculino,BR
6309,Fabiana Oliveira Machado,fabiana.oliveira.machado6309@email.com,Feminino,BR
6310,Fernando Alves Lima,fernando.alves.lima6310@email.com,Masculino,BR
6311,Cristina Oliveira Reis,cristina.oliveira.reis6311@email.com,Feminino,BR
6312,Alexandre Ribeiro Ferreira,alexandre.ribeiro.ferreira6312@email.com,Masculino,BR
6313,Patricia Araujo Ramos,patricia.araujo.ramos6313@email.com,Feminino,BR
6314,Cesar Campos Lopes,cesar.campos.lopes6314@email.com,Masculino,BR
6315,Isabela Lopes Tavares,isabela.lopes.tavares6315@email.com,Feminino,BR
6316,Carlos Siqueira Barros,carlos.siqueira.barros6316@email.com,Masculino,BR
6317,Renata Macedo Dias,renata.macedo.dias6317@email.com,Feminino,BR
6318,Diego Oliveira Duarte,diego.oliveira.duarte6318@email.com,Masculino,BR
6319,Maria Rocha Teixeira,maria.rocha.teixeira6319@email.com,Feminino,BR
6320,Henrique Ribeiro Freitas,henrique.ribeiro.freitas6320@email.com,Masculino,BR
6321,Bruna Gomes Vasconcelos,bruna.gomes.vasconcelos6321@email.com,Feminino,BR
6322,Roberto Moreira Rodrigues,roberto.moreira.rodrigues6322@email.com,Masculino,BR
6323,Isabela Barbosa Barros,isabela.barbosa.barros6323@email.com,Feminino,BR
6324,Ricardo Carvalho Ribeiro,ricardo.carvalho.ribeiro6324@email.com,Masculino,BR
6325,Renata Teixeira Siqueira,renata.teixeira.siqueira6325@email.com,Feminino,BR
6326,Renato Santos Lopes,renato.santos.lopes6326@email.com,Masculino,BR
6327,Patricia Reis Araujo,patricia.reis.araujo6327@email.com,Feminino,BR
6328,Wagner Moura Barbosa,wagner.moura.barbosa6328@email.com,Masculino,BR
6329,Tatiane Martins Rocha,tatiane.martins.rocha6329@email.com,Feminino,BR
6330,Rafael Cardoso Costa,rafael.cardoso.costa6330@email.com,Masculino,BR
6331,Larissa Brito Pereira,larissa.brito.pereira6331@email.com,Feminino,BR
6332,Matheus Moura Castro,matheus.moura.castro6332@email.com,Masculino,BR
6333,Ana Guimaraes Matos,ana.guimaraes.matos6333@email.com,Feminino,BR
6334,Thiago Matos Cardoso,thiago.matos.cardoso6334@email.com,Masculino,BR
6335,Carla Oliveira Rocha,carla.oliveira.rocha6335@email.com,Feminino,BR
6336,Lucas Brito Carvalho,lucas.brito.carvalho6336@email.com,Masculino,BR
6337,Maria Rodrigues Silva,maria.rodrigues.silva6337@email.com,Feminino,BR
6338,Sergio Costa Torres,sergio.costa.torres6338@email.com,Masculino,BR
6339,Daniela Macedo Duarte,daniela.macedo.duarte6339@email.com,Feminino,BR
6340,Felipe Melo Carvalho,felipe.melo.carvalho6340@email.com,Masculino,BR
6341,Juliana Duarte Castro,juliana.duarte.castro6341@email.com,Feminino,BR
6342,Ricardo Santos Vasconcelos,ricardo.santos.vasconcelos6342@email.com,Masculino,BR
6343,Thais Duarte Vasconcelos,thais.duarte.vasconcelos6343@email.com,Feminino,BR
6344,Alexandre Barbosa Brito,alexandre.barbosa.brito6344@email.com,Masculino,BR
6345,Andrea Rodrigues Lopes,andrea.rodrigues.lopes6345@email.com,Feminino,BR
6346,Gustavo Brito Rezende,gustavo.brito.rezende6346@email.com,Masculino,BR
6347,Andrea Mendes Freitas,andrea.mendes.freitas6347@email.com,Feminino,BR
6348,Caio Machado Rocha,caio.machado.rocha6348@email.com,Masculino,BR
6349,Bruna Castro Campos,bruna.castro.campos6349@email.com,Feminino,BR
6350,Eduardo Rocha Barbosa,eduardo.rocha.barbosa6350@email.com,Masculino,BR
6351,Vanessa Rodrigues Mendes,vanessa.rodrigues.mendes6351@email.com,Feminino,BR
6352,Thiago Campos Pinheiro,thiago.campos.pinheiro6352@email.com,Masculino,BR
6353,Ana Ramos Fernandes,ana.ramos.fernandes6353@email.com,Feminino,BR
6354,Leandro Rocha Oliveira,leandro.rocha.oliveira6354@email.com,Masculino,BR
6355,Bruna Cunha Correia,bruna.cunha.correia6355@email.com,Feminino,BR
6356,Marcelo Melo Carvalho,marcelo.melo.carvalho6356@email.com,Masculino,BR
6357,Carolina Souza Reis,carolina.souza.reis6357@email.com,Feminino,BR
6358,Paulo Dias Moreira,paulo.dias.moreira6358@email.com,Masculino,BR
6359,Bianca Cunha Azevedo,bianca.cunha.azevedo6359@email.com,Feminino,BR
6360,Renato Lopes Rodrigues,renato.lopes.rodrigues6360@email.com,Masculino,BR
6361,Bruna Campos Teixeira,bruna.campos.teixeira6361@email.com,Feminino,BR
6362,Diego Siqueira Moreira,diego.siqueira.moreira6362@email.com,Masculino,BR
6363,Beatriz Matos Moura,beatriz.matos.moura6363@email.com,Feminino,BR
6364,Marcos Araujo Dias,marcos.araujo.dias6364@email.com,Masculino,BR
6365,Renata Duarte Gomes,renata.duarte.gomes6365@email.com,Feminino,BR
6366,Cesar Campos Azevedo,cesar.campos.azevedo6366@email.com,Masculino,BR
6367,Tatiane Coelho Xavier,tatiane.coelho.xavier6367@email.com,Feminino,BR
6368,Matheus Campos Vasconcelos,matheus.campos.vasconcelos6368@email.com,Masculino,BR
6369,Raquel Dias Moreira,raquel.dias.moreira6369@email.com,Feminino,BR
6370,Rafael Machado Alves,rafael.machado.alves6370@email.com,Masculino,BR
6371,Gisele Vasconcelos Lopes,gisele.vasconcelos.lopes6371@email.com,Feminino,BR
6372,Leandro Reis Macedo,leandro.reis.macedo6372@email.com,Masculino,BR
6373,Andrea Cunha Costa,andrea.cunha.costa6373@email.com,Feminino,BR
6374,André Dias Teixeira,andré.dias.teixeira6374@email.com,Masculino,BR
6375,Tatiane Martins Siqueira,tatiane.martins.siqueira6375@email.com,Feminino,BR
6376,Alexandre Moura Ramos,alexandre.moura.ramos6376@email.com,Masculino,BR
6377,Vanessa Lopes Santos,vanessa.lopes.santos6377@email.com,Feminino,BR
6378,Marcos Rodrigues Duarte,marcos.rodrigues.duarte6378@email.com,Masculino,BR
6379,Vanessa Nunes Pinheiro,vanessa.nunes.pinheiro6379@email.com,Feminino,BR
6380,Sergio Macedo Rocha,sergio.macedo.rocha6380@email.com,Masculino,BR
6381,Carolina Duarte Xavier,carolina.duarte.xavier6381@email.com,Feminino,BR
6382,André Rocha Cunha,andré.rocha.cunha6382@email.com,Masculino,BR
6383,Simone Azevedo Araujo,simone.azevedo.araujo6383@email.com,Feminino,BR
6384,Gabriel Coelho Rezende,gabriel.coelho.rezende6384@email.com,Masculino,BR
6385,Simone Guimaraes Coelho,simone.guimaraes.coelho6385@email.com,Feminino,BR
6386,Cesar Moura Pinheiro,cesar.moura.pinheiro6386@email.com,Masculino,BR
6387,Juliana Brito Alves,juliana.brito.alves6387@email.com,Feminino,BR
6388,Ricardo Ferreira Santos,ricardo.ferreira.santos6388@email.com,Masculino,BR
6389,Maria Costa Teixeira,maria.costa.teixeira6389@email.com,Feminino,BR
6390,Bruno Cardoso Freitas,bruno.cardoso.freitas6390@email.com,Masculino,BR
6391,Renata Pinheiro Rocha,renata.pinheiro.rocha6391@email.com,Feminino,BR
6392,Marcos Monteiro Reis,marcos.monteiro.reis6392@email.com,Masculino,BR
6393,Patricia Campos Guimaraes,patricia.campos.guimaraes6393@email.com,Feminino,BR
6394,Diego Fonseca Reis,diego.fonseca.reis6394@email.com,Masculino,BR
6395,Jessica Machado Teixeira,jessica.machado.teixeira6395@email.com,Feminino,BR
6396,Daniel Barbosa Monteiro,daniel.barbosa.monteiro6396@email.com,Masculino,BR
6397,Amanda Fernandes Pires,amanda.fernandes.pires6397@email.com,Feminino,BR
6398,Thiago Rocha Martins,thiago.rocha.martins6398@email.com,Masculino,BR
6399,Bianca Lima Castro,bianca.lima.castro6399@email.com,Feminino,BR
6400,Cesar Cunha Martins,cesar.cunha.martins6400@email.com,Masculino,BR
6401,Tatiane Pires Morais,tatiane.pires.morais6401@email.com,Feminino,BR
6402,Fernando Nascimento Nunes,fernando.nascimento.nunes6402@email.com,Masculino,BR
6403,Priscila Lima Siqueira,priscila.lima.siqueira6403@email.com,Feminino,BR
6404,Rafael Lopes Alves,rafael.lopes.alves6404@email.com,Masculino,BR
6405,Juliana Souza Rodrigues,juliana.souza.rodrigues6405@email.com,Feminino,BR
6406,Fernando Rodrigues Machado,fernando.rodrigues.machado6406@email.com,Masculino,BR
6407,Mariana Macedo Santos,mariana.macedo.santos6407@email.com,Feminino,BR
6408,Mauricio Nascimento Torres,mauricio.nascimento.torres6408@email.com,Masculino,BR
6409,Carla Lopes Fonseca,carla.lopes.fonseca6409@email.com,Feminino,BR
6410,Sergio Ribeiro Lopes,sergio.ribeiro.lopes6410@email.com,Masculino,BR
6411,Ana Rezende Siqueira,ana.rezende.siqueira6411@email.com,Feminino,BR
6412,Sergio Freitas Teixeira,sergio.freitas.teixeira6412@email.com,Masculino,BR
6413,Camila Campos Pereira,camila.campos.pereira6413@email.com,Feminino,BR
6414,Daniel Souza Guimaraes,daniel.souza.guimaraes6414@email.com,Masculino,BR
6415,Raquel Brito Moreira,raquel.brito.moreira6415@email.com,Feminino,BR
6416,Rafael Lima Xavier,rafael.lima.xavier6416@email.com,Masculino,BR
6417,Renata Morais Cardoso,renata.morais.cardoso6417@email.com,Feminino,BR
6418,Rodrigo Correia Xavier,rodrigo.correia.xavier6418@email.com,Masculino,BR
6419,Camila Freitas Tavares,camila.freitas.tavares6419@email.com,Feminino,BR
6420,Antonio Santos Guimaraes,antonio.santos.guimaraes6420@email.com,Masculino,BR
6421,Rosana Cunha Martins,rosana.cunha.martins6421@email.com,Feminino,BR
6422,Fabio Melo Mendes,fabio.melo.mendes6422@email.com,Masculino,BR
6423,Renata Barros Nunes,renata.barros.nunes6423@email.com,Feminino,BR
6424,Francisco Santos Rezende,francisco.santos.rezende6424@email.com,Masculino,BR
6425,Simone Martins Costa,simone.martins.costa6425@email.com,Feminino,BR
6426,Gustavo Nascimento Monteiro,gustavo.nascimento.monteiro6426@email.com,Masculino,BR
6427,Adriana Lopes Ramos,adriana.lopes.ramos6427@email.com,Feminino,BR
6428,Igor Oliveira Nunes,igor.oliveira.nunes6428@email.com,Masculino,BR
6429,Bruna Siqueira Ferreira,bruna.siqueira.ferreira6429@email.com,Feminino,BR
6430,Igor Pires Oliveira,igor.pires.oliveira6430@email.com,Masculino,BR
6431,Beatriz Guimaraes Silva,beatriz.guimaraes.silva6431@email.com,Feminino,BR
6432,Sergio Santos Monteiro,sergio.santos.monteiro6432@email.com,Masculino,BR
6433,Daniela Gomes Machado,daniela.gomes.machado6433@email.com,Feminino,BR
6434,Alexandre Rodrigues Oliveira,alexandre.rodrigues.oliveira6434@email.com,Masculino,BR
6435,Sabrina Nascimento Rodrigues,sabrina.nascimento.rodrigues6435@email.com,Feminino,BR
6436,Igor Campos Fernandes,igor.campos.fernandes6436@email.com,Masculino,BR
6437,Aline Melo Xavier,aline.melo.xavier6437@email.com,Feminino,BR
6438,Guilherme Cunha Correia,guilherme.cunha.correia6438@email.com,Masculino,BR
6439,Monica Souza Freitas,monica.souza.freitas6439@email.com,Feminino,BR
6440,Henrique Pires Gomes,henrique.pires.gomes6440@email.com,Masculino,BR
6441,Pamela Barbosa Nunes,pamela.barbosa.nunes6441@email.com,Feminino,BR
6442,Bruno Lopes Siqueira,bruno.lopes.siqueira6442@email.com,Masculino,BR
6443,Camila Fernandes Siqueira,camila.fernandes.siqueira6443@email.com,Feminino,BR
6444,Diego Barros Lima,diego.barros.lima6444@email.com,Masculino,BR
6445,Ana Fernandes Souza,ana.fernandes.souza6445@email.com,Feminino,BR
6446,Lucas Araujo Pereira,lucas.araujo.pereira6446@email.com,Masculino,BR
6447,Vanessa Campos Pereira,vanessa.campos.pereira6447@email.com,Feminino,BR
6448,Rafael Duarte Fernandes,rafael.duarte.fernandes6448@email.com,Masculino,BR
6449,Priscila Macedo Ferreira,priscila.macedo.ferreira6449@email.com,Feminino,BR
6450,Ricardo Silva Matos,ricardo.silva.matos6450@email.com,Masculino,BR
6451,Maria Pinheiro Fernandes,maria.pinheiro.fernandes6451@email.com,Feminino,BR
6452,Igor Guimaraes Pereira,igor.guimaraes.pereira6452@email.com,Masculino,BR
6453,Isabela Fonseca Morais,isabela.fonseca.morais6453@email.com,Feminino,BR
6454,Caio Morais Teixeira,caio.morais.teixeira6454@email.com,Masculino,BR
6455,Amanda Guimaraes Lima,amanda.guimaraes.lima6455@email.com,Feminino,BR
6456,Roberto Correia Souza,roberto.correia.souza6456@email.com,Masculino,BR
6457,Renata Pinheiro Ferreira,renata.pinheiro.ferreira6457@email.com,Feminino,BR
6458,Daniel Ferreira Correia,daniel.ferreira.correia6458@email.com,Masculino,BR
6459,Camila Silva Ramos,camila.silva.ramos6459@email.com,Feminino,BR
6460,Eduardo Dias Costa,eduardo.dias.costa6460@email.com,Masculino,BR
6461,Camila Rodrigues Cardoso,camila.rodrigues.cardoso6461@email.com,Feminino,BR
6462,Francisco Gomes Machado,francisco.gomes.machado6462@email.com,Masculino,BR
6463,Renata Correia Rezende,renata.correia.rezende6463@email.com,Feminino,BR
6464,Wagner Correia Ribeiro,wagner.correia.ribeiro6464@email.com,Masculino,BR
6465,Thais Barbosa Matos,thais.barbosa.matos6465@email.com,Feminino,BR
6466,Mauricio Costa Lopes,mauricio.costa.lopes6466@email.com,Masculino,BR
6467,Vanessa Barros Silva,vanessa.barros.silva6467@email.com,Feminino,BR
6468,Bruno Ribeiro Gomes,bruno.ribeiro.gomes6468@email.com,Masculino,BR
6469,Adriana Rocha Castro,adriana.rocha.castro6469@email.com,Feminino,BR
6470,Sergio Gomes Nascimento,sergio.gomes.nascimento6470@email.com,Masculino,BR
6471,Larissa Nascimento Coelho,larissa.nascimento.coelho6471@email.com,Feminino,BR
6472,Ricardo Gomes Ribeiro,ricardo.gomes.ribeiro6472@email.com,Masculino,BR
6473,Simone Coelho Carvalho,simone.coelho.carvalho6473@email.com,Feminino,BR
6474,Thiago Moreira Morais,thiago.moreira.morais6474@email.com,Masculino,BR
6475,Rosana Barbosa Tavares,rosana.barbosa.tavares6475@email.com,Feminino,BR
6476,Matheus Barros Morais,matheus.barros.morais6476@email.com,Masculino,BR
6477,Leticia Dias Ramos,leticia.dias.ramos6477@email.com,Feminino,BR
6478,Henrique Torres Freitas,henrique.torres.freitas6478@email.com,Masculino,BR
6479,Priscila Moura Silva,priscila.moura.silva6479@email.com,Feminino,BR
6480,Henrique Barbosa Coelho,henrique.barbosa.coelho6480@email.com,Masculino,BR
6481,Mariana Pereira Costa,mariana.pereira.costa6481@email.com,Feminino,BR
6482,Ricardo Rezende Freitas,ricardo.rezende.freitas6482@email.com,Masculino,BR
6483,Fernanda Guimaraes Coelho,fernanda.guimaraes.coelho6483@email.com,Feminino,BR
6484,Guilherme Ferreira Brito,guilherme.ferreira.brito6484@email.com,Masculino,BR
6485,Jessica Silva Pinheiro,jessica.silva.pinheiro6485@email.com,Feminino,BR
6486,Bruno Cardoso Fonseca,bruno.cardoso.fonseca6486@email.com,Masculino,BR
6487,Carla Nascimento Brito,carla.nascimento.brito6487@email.com,Feminino,BR
6488,Wagner Brito Pereira,wagner.brito.pereira6488@email.com,Masculino,BR
6489,Eliane Mendes Matos,eliane.mendes.matos6489@email.com,Feminino,BR
6490,Diego Lopes Freitas,diego.lopes.freitas6490@email.com,Masculino,BR
6491,Thais Campos Rezende,thais.campos.rezende6491@email.com,Feminino,BR
6492,Leandro Coelho Rezende,leandro.coelho.rezende6492@email.com,Masculino,BR
6493,Simone Castro Pinheiro,simone.castro.pinheiro6493@email.com,Feminino,BR
6494,André Carvalho Fonseca,andré.carvalho.fonseca6494@email.com,Masculino,BR
6495,Mariana Oliveira Nascimento,mariana.oliveira.nascimento6495@email.com,Feminino,BR
6496,Paulo Cunha Azevedo,paulo.cunha.azevedo6496@email.com,Masculino,BR
6497,Bruna Cardoso Xavier,bruna.cardoso.xavier6497@email.com,Feminino,BR
6498,Leonardo Azevedo Azevedo,leonardo.azevedo.azevedo6498@email.com,Masculino,BR
6499,Jessica Rocha Rocha,jessica.rocha.rocha6499@email.com,Feminino,BR
6500,Alexandre Cunha Santos,alexandre.cunha.santos6500@email.com,Masculino,BR
6501,Beatriz Xavier Cardoso,beatriz.xavier.cardoso6501@email.com,Feminino,BR
6502,Alexandre Morais Rocha,alexandre.morais.rocha6502@email.com,Masculino,BR
6503,Carolina Campos Silva,carolina.campos.silva6503@email.com,Feminino,BR
6504,Guilherme Xavier Torres,guilherme.xavier.torres6504@email.com,Masculino,BR
6505,Vanessa Rocha Fonseca,vanessa.rocha.fonseca6505@email.com,Feminino,BR
6506,Daniel Dias Alves,daniel.dias.alves6506@email.com,Masculino,BR
6507,Ana Moreira Machado,ana.moreira.machado6507@email.com,Feminino,BR
6508,Rafael Nunes Teixeira,rafael.nunes.teixeira6508@email.com,Masculino,BR
6509,Renata Santos Rezende,renata.santos.rezende6509@email.com,Feminino,BR
6510,Leonardo Martins Monteiro,leonardo.martins.monteiro6510@email.com,Masculino,BR
6511,Tatiane Nunes Carvalho,tatiane.nunes.carvalho6511@email.com,Feminino,BR
6512,André Rezende Tavares,andré.rezende.tavares6512@email.com,Masculino,BR
6513,Pamela Ramos Ramos,pamela.ramos.ramos6513@email.com,Feminino,BR
6514,Thiago Rezende Siqueira,thiago.rezende.siqueira6514@email.com,Masculino,BR
6515,Fernanda Freitas Alves,fernanda.freitas.alves6515@email.com,Feminino,BR
6516,Ricardo Cardoso Correia,ricardo.cardoso.correia6516@email.com,Masculino,BR
6517,Thais Tavares Barbosa,thais.tavares.barbosa6517@email.com,Feminino,BR
6518,Rafael Araujo Moura,rafael.araujo.moura6518@email.com,Masculino,BR
6519,Pamela Fernandes Dias,pamela.fernandes.dias6519@email.com,Feminino,BR
6520,Matheus Rezende Silva,matheus.rezende.silva6520@email.com,Masculino,BR
6521,Raquel Morais Martins,raquel.morais.martins6521@email.com,Feminino,BR
6522,Igor Morais Monteiro,igor.morais.monteiro6522@email.com,Masculino,BR
6523,Andrea Ramos Guimaraes,andrea.ramos.guimaraes6523@email.com,Feminino,BR
6524,Felipe Tavares Souza,felipe.tavares.souza6524@email.com,Masculino,BR
6525,Fabiana Barbosa Teixeira,fabiana.barbosa.teixeira6525@email.com,Feminino,BR
6526,Fabio Fernandes Nascimento,fabio.fernandes.nascimento6526@email.com,Masculino,BR
6527,Beatriz Campos Duarte,beatriz.campos.duarte6527@email.com,Feminino,BR
6528,Fernando Pereira Santos,fernando.pereira.santos6528@email.com,Masculino,BR
6529,Jessica Campos Cunha,jessica.campos.cunha6529@email.com,Feminino,BR
6530,Gustavo Dias Cardoso,gustavo.dias.cardoso6530@email.com,Masculino,BR
6531,Cristina Cardoso Morais,cristina.cardoso.morais6531@email.com,Feminino,BR
6532,Fernando Xavier Nunes,fernando.xavier.nunes6532@email.com,Masculino,BR
6533,Tatiane Teixeira Duarte,tatiane.teixeira.duarte6533@email.com,Feminino,BR
6534,Igor Nascimento Gomes,igor.nascimento.gomes6534@email.com,Masculino,BR
6535,Beatriz Cardoso Xavier,beatriz.cardoso.xavier6535@email.com,Feminino,BR
6536,Sergio Carvalho Correia,sergio.carvalho.correia6536@email.com,Masculino,BR
6537,Rosana Guimaraes Araujo,rosana.guimaraes.araujo6537@email.com,Feminino,BR
6538,Gustavo Rezende Duarte,gustavo.rezende.duarte6538@email.com,Masculino,BR
6539,Thais Santos Cardoso,thais.santos.cardoso6539@email.com,Feminino,BR
6540,Jose Alves Rodrigues,jose.alves.rodrigues6540@email.com,Masculino,BR
6541,Isabela Guimaraes Cardoso,isabela.guimaraes.cardoso6541@email.com,Feminino,BR
6542,Bruno Moura Rezende,bruno.moura.rezende6542@email.com,Masculino,BR
6543,Bruna Tavares Matos,bruna.tavares.matos6543@email.com,Feminino,BR
6544,Vinicius Pereira Lopes,vinicius.pereira.lopes6544@email.com,Masculino,BR
6545,Daniela Macedo Gomes,daniela.macedo.gomes6545@email.com,Feminino,BR
6546,Vinicius Correia Rocha,vinicius.correia.rocha6546@email.com,Masculino,BR
6547,Carla Melo Macedo,carla.melo.macedo6547@email.com,Feminino,BR
6548,Roberto Machado Araujo,roberto.machado.araujo6548@email.com,Masculino,BR
6549,Cristina Morais Silva,cristina.morais.silva6549@email.com,Feminino,BR
6550,Diego Freitas Torres,diego.freitas.torres6550@email.com,Masculino,BR
6551,Andrea Machado Pires,andrea.machado.pires6551@email.com,Feminino,BR
6552,Rafael Xavier Nunes,rafael.xavier.nunes6552@email.com,Masculino,BR
6553,Simone Rezende Cardoso,simone.rezende.cardoso6553@email.com,Feminino,BR
6554,Wagner Castro Gomes,wagner.castro.gomes6554@email.com,Masculino,BR
6555,Renata Tavares Tavares,renata.tavares.tavares6555@email.com,Feminino,BR
6556,Felipe Barbosa Matos,felipe.barbosa.matos6556@email.com,Masculino,BR
6557,Fernanda Pinheiro Gomes,fernanda.pinheiro.gomes6557@email.com,Feminino,BR
6558,Francisco Fernandes Barros,francisco.fernandes.barros6558@email.com,Masculino,BR
6559,Leticia Araujo Xavier,leticia.araujo.xavier6559@email.com,Feminino,BR
6560,Alexandre Ramos Nascimento,alexandre.ramos.nascimento6560@email.com,Masculino,BR
6561,Maria Monteiro Mendes,maria.monteiro.mendes6561@email.com,Feminino,BR
6562,Marcos Rocha Barbosa,marcos.rocha.barbosa6562@email.com,Masculino,BR
6563,Ana Santos Vasconcelos,ana.santos.vasconcelos6563@email.com,Feminino,BR
6564,Matheus Ferreira Campos,matheus.ferreira.campos6564@email.com,Masculino,BR
6565,Bruna Macedo Rocha,bruna.macedo.rocha6565@email.com,Feminino,BR
6566,Renato Morais Rodrigues,renato.morais.rodrigues6566@email.com,Masculino,BR
6567,Tatiane Martins Tavares,tatiane.martins.tavares6567@email.com,Feminino,BR
6568,Renato Coelho Cardoso,renato.coelho.cardoso6568@email.com,Masculino,BR
6569,Amanda Nunes Azevedo,amanda.nunes.azevedo6569@email.com,Feminino,BR
6570,Vinicius Gomes Correia,vinicius.gomes.correia6570@email.com,Masculino,BR
6571,Claudia Azevedo Barbosa,claudia.azevedo.barbosa6571@email.com,Feminino,BR
6572,Thiago Fonseca Souza,thiago.fonseca.souza6572@email.com,Masculino,BR
6573,Simone Santos Lima,simone.santos.lima6573@email.com,Feminino,BR
6574,Roberto Cardoso Pires,roberto.cardoso.pires6574@email.com,Masculino,BR
6575,Thais Campos Rocha,thais.campos.rocha6575@email.com,Feminino,BR
6576,Diego Reis Matos,diego.reis.matos6576@email.com,Masculino,BR
6577,Daniela Pires Santos,daniela.pires.santos6577@email.com,Feminino,BR
6578,Guilherme Vasconcelos Cardoso,guilherme.vasconcelos.cardoso6578@email.com,Masculino,BR
6579,Carolina Ribeiro Cardoso,carolina.ribeiro.cardoso6579@email.com,Feminino,BR
6580,Cesar Reis Coelho,cesar.reis.coelho6580@email.com,Masculino,BR
6581,Juliana Vasconcelos Barbosa,juliana.vasconcelos.barbosa6581@email.com,Feminino,BR
6582,Diego Duarte Coelho,diego.duarte.coelho6582@email.com,Masculino,BR
6583,Eliane Oliveira Barros,eliane.oliveira.barros6583@email.com,Feminino,BR
6584,Roberto Matos Correia,roberto.matos.correia6584@email.com,Masculino,BR
6585,Beatriz Rezende Pereira,beatriz.rezende.pereira6585@email.com,Feminino,BR
6586,Ricardo Souza Rocha,ricardo.souza.rocha6586@email.com,Masculino,BR
6587,Amanda Moura Martins,amanda.moura.martins6587@email.com,Feminino,BR
6588,Gustavo Ferreira Coelho,gustavo.ferreira.coelho6588@email.com,Masculino,BR
6589,Carla Freitas Teixeira,carla.freitas.teixeira6589@email.com,Feminino,BR
6590,Bruno Cunha Teixeira,bruno.cunha.teixeira6590@email.com,Masculino,BR
6591,Patricia Rezende Moreira,patricia.rezende.moreira6591@email.com,Feminino,BR
6592,Marcelo Costa Moura,marcelo.costa.moura6592@email.com,Masculino,BR
6593,Bianca Vasconcelos Xavier,bianca.vasconcelos.xavier6593@email.com,Feminino,BR
6594,Leonardo Nascimento Rocha,leonardo.nascimento.rocha6594@email.com,Masculino,BR
6595,Tatiane Torres Ferreira,tatiane.torres.ferreira6595@email.com,Feminino,BR
6596,Marcos Lopes Martins,marcos.lopes.martins6596@email.com,Masculino,BR
6597,Larissa Coelho Mendes,larissa.coelho.mendes6597@email.com,Feminino,BR
6598,Eduardo Araujo Costa,eduardo.araujo.costa6598@email.com,Masculino,BR
6599,Tatiane Santos Costa,tatiane.santos.costa6599@email.com,Feminino,BR
6600,Eduardo Machado Oliveira,eduardo.machado.oliveira6600@email.com,Masculino,BR
6601,Juliana Carvalho Coelho,juliana.carvalho.coelho6601@email.com,Feminino,BR
6602,Eduardo Rocha Souza,eduardo.rocha.souza6602@email.com,Masculino,BR
6603,Aline Cardoso Cardoso,aline.cardoso.cardoso6603@email.com,Feminino,BR
6604,Alexandre Coelho Morais,alexandre.coelho.morais6604@email.com,Masculino,BR
6605,Carolina Santos Barros,carolina.santos.barros6605@email.com,Feminino,BR
6606,Rodrigo Rezende Santos,rodrigo.rezende.santos6606@email.com,Masculino,BR
6607,Bianca Pires Pereira,bianca.pires.pereira6607@email.com,Feminino,BR
6608,Carlos Gomes Fonseca,carlos.gomes.fonseca6608@email.com,Masculino,BR
6609,Juliana Dias Carvalho,juliana.dias.carvalho6609@email.com,Feminino,BR
6610,Mauricio Rezende Silva,mauricio.rezende.silva6610@email.com,Masculino,BR
6611,Sandra Nascimento Ferreira,sandra.nascimento.ferreira6611@email.com,Feminino,BR
6612,Mauricio Campos Barros,mauricio.campos.barros6612@email.com,Masculino,BR
6613,Mariana Moreira Dias,mariana.moreira.dias6613@email.com,Feminino,BR
6614,Rafael Castro Silva,rafael.castro.silva6614@email.com,Masculino,BR
6615,Andrea Barbosa Nunes,andrea.barbosa.nunes6615@email.com,Feminino,BR
6616,Rafael Campos Barros,rafael.campos.barros6616@email.com,Masculino,BR
6617,Daniela Martins Reis,daniela.martins.reis6617@email.com,Feminino,BR
6618,André Coelho Tavares,andré.coelho.tavares6618@email.com,Masculino,BR
6619,Adriana Teixeira Gomes,adriana.teixeira.gomes6619@email.com,Feminino,BR
6620,Diego Mendes Moreira,diego.mendes.moreira6620@email.com,Masculino,BR
6621,Larissa Vasconcelos Barbosa,larissa.vasconcelos.barbosa6621@email.com,Feminino,BR
6622,Renato Santos Lopes,renato.santos.lopes6622@email.com,Masculino,BR
6623,Claudia Vasconcelos Siqueira,claudia.vasconcelos.siqueira6623@email.com,Feminino,BR
6624,Jose Macedo Moreira,jose.macedo.moreira6624@email.com,Masculino,BR
6625,Tatiana Ribeiro Lima,tatiana.ribeiro.lima6625@email.com,Feminino,BR
6626,Carlos Rodrigues Fernandes,carlos.rodrigues.fernandes6626@email.com,Masculino,BR
6627,Amanda Pinheiro Dias,amanda.pinheiro.dias6627@email.com,Feminino,BR
6628,André Coelho Duarte,andré.coelho.duarte6628@email.com,Masculino,BR
6629,Raquel Reis Nascimento,raquel.reis.nascimento6629@email.com,Feminino,BR
6630,Marcos Fonseca Torres,marcos.fonseca.torres6630@email.com,Masculino,BR
6631,Raquel Campos Azevedo,raquel.campos.azevedo6631@email.com,Feminino,BR
6632,Roberto Vasconcelos Morais,roberto.vasconcelos.morais6632@email.com,Masculino,BR
6633,Cristina Duarte Reis,cristina.duarte.reis6633@email.com,Feminino,BR
6634,Henrique Dias Barros,henrique.dias.barros6634@email.com,Masculino,BR
6635,Ana Monteiro Silva,ana.monteiro.silva6635@email.com,Feminino,BR
6636,Marcos Reis Ribeiro,marcos.reis.ribeiro6636@email.com,Masculino,BR
6637,Monica Dias Rezende,monica.dias.rezende6637@email.com,Feminino,BR
6638,Alexandre Matos Cardoso,alexandre.matos.cardoso6638@email.com,Masculino,BR
6639,Bruna Moreira Tavares,bruna.moreira.tavares6639@email.com,Feminino,BR
6640,Thiago Rezende Machado,thiago.rezende.machado6640@email.com,Masculino,BR
6641,Tatiane Tavares Barbosa,tatiane.tavares.barbosa6641@email.com,Feminino,BR
6642,Gustavo Pereira Guimaraes,gustavo.pereira.guimaraes6642@email.com,Masculino,BR
6643,Amanda Silva Melo,amanda.silva.melo6643@email.com,Feminino,BR
6644,Pedro Guimaraes Costa,pedro.guimaraes.costa6644@email.com,Masculino,BR
6645,Maria Nunes Silva,maria.nunes.silva6645@email.com,Feminino,BR
6646,Leandro Lopes Rodrigues,leandro.lopes.rodrigues6646@email.com,Masculino,BR
6647,Eliane Martins Alves,eliane.martins.alves6647@email.com,Feminino,BR
6648,Roberto Campos Dias,roberto.campos.dias6648@email.com,Masculino,BR
6649,Renata Ramos Pinheiro,renata.ramos.pinheiro6649@email.com,Feminino,BR
6650,Fabio Pereira Nunes,fabio.pereira.nunes6650@email.com,Masculino,BR
6651,Bianca Vasconcelos Santos,bianca.vasconcelos.santos6651@email.com,Feminino,BR
6652,Leandro Macedo Oliveira,leandro.macedo.oliveira6652@email.com,Masculino,BR
6653,Larissa Monteiro Rocha,larissa.monteiro.rocha6653@email.com,Feminino,BR
6654,Henrique Azevedo Fernandes,henrique.azevedo.fernandes6654@email.com,Masculino,BR
6655,Tatiana Lima Morais,tatiana.lima.morais6655@email.com,Feminino,BR
6656,Pedro Machado Ribeiro,pedro.machado.ribeiro6656@email.com,Masculino,BR
6657,Maria Lima Ferreira,maria.lima.ferreira6657@email.com,Feminino,BR
6658,Gustavo Azevedo Fonseca,gustavo.azevedo.fonseca6658@email.com,Masculino,BR
6659,Tatiane Nunes Nunes,tatiane.nunes.nunes6659@email.com,Feminino,BR
6660,Pedro Nascimento Duarte,pedro.nascimento.duarte6660@email.com,Masculino,BR
6661,Thais Pereira Matos,thais.pereira.matos6661@email.com,Feminino,BR
6662,Rafael Dias Pereira,rafael.dias.pereira6662@email.com,Masculino,BR
6663,Carolina Brito Rodrigues,carolina.brito.rodrigues6663@email.com,Feminino,BR
6664,Pedro Oliveira Rezende,pedro.oliveira.rezende6664@email.com,Masculino,BR
6665,Luciana Reis Azevedo,luciana.reis.azevedo6665@email.com,Feminino,BR
6666,Matheus Ribeiro Silva,matheus.ribeiro.silva6666@email.com,Masculino,BR
6667,Eliane Oliveira Siqueira,eliane.oliveira.siqueira6667@email.com,Feminino,BR
6668,Ricardo Macedo Nunes,ricardo.macedo.nunes6668@email.com,Masculino,BR
6669,Leticia Matos Machado,leticia.matos.machado6669@email.com,Feminino,BR
6670,André Fernandes Nunes,andré.fernandes.nunes6670@email.com,Masculino,BR
6671,Ana Siqueira Nunes,ana.siqueira.nunes6671@email.com,Feminino,BR
6672,André Araujo Nascimento,andré.araujo.nascimento6672@email.com,Masculino,BR
6673,Jessica Fernandes Silva,jessica.fernandes.silva6673@email.com,Feminino,BR
6674,Carlos Duarte Reis,carlos.duarte.reis6674@email.com,Masculino,BR
6675,Luciana Pires Nascimento,luciana.pires.nascimento6675@email.com,Feminino,BR
6676,Antonio Xavier Carvalho,antonio.xavier.carvalho6676@email.com,Masculino,BR
6677,Fernanda Barbosa Campos,fernanda.barbosa.campos6677@email.com,Feminino,BR
6678,Bruno Tavares Campos,bruno.tavares.campos6678@email.com,Masculino,BR
6679,Bruna Torres Machado,bruna.torres.machado6679@email.com,Feminino,BR
6680,Marcelo Martins Campos,marcelo.martins.campos6680@email.com,Masculino,BR
6681,Carla Matos Pires,carla.matos.pires6681@email.com,Feminino,BR
6682,Marcelo Rocha Cardoso,marcelo.rocha.cardoso6682@email.com,Masculino,BR
6683,Sandra Cunha Ribeiro,sandra.cunha.ribeiro6683@email.com,Feminino,BR
6684,Mauricio Moreira Campos,mauricio.moreira.campos6684@email.com,Masculino,BR
6685,Bruna Freitas Macedo,bruna.freitas.macedo6685@email.com,Feminino,BR
6686,Rodrigo Rocha Torres,rodrigo.rocha.torres6686@email.com,Masculino,BR
6687,Pamela Brito Castro,pamela.brito.castro6687@email.com,Feminino,BR
6688,Matheus Campos Ramos,matheus.campos.ramos6688@email.com,Masculino,BR
6689,Camila Tavares Mendes,camila.tavares.mendes6689@email.com,Feminino,BR
6690,Gabriel Teixeira Freitas,gabriel.teixeira.freitas6690@email.com,Masculino,BR
6691,Bruna Lopes Coelho,bruna.lopes.coelho6691@email.com,Feminino,BR
6692,Marcelo Brito Martins,marcelo.brito.martins6692@email.com,Masculino,BR
6693,Juliana Teixeira Barros,juliana.teixeira.barros6693@email.com,Feminino,BR
6694,Rafael Tavares Teixeira,rafael.tavares.teixeira6694@email.com,Masculino,BR
6695,Gisele Morais Reis,gisele.morais.reis6695@email.com,Feminino,BR
6696,Thiago Melo Fernandes,thiago.melo.fernandes6696@email.com,Masculino,BR
6697,Eliane Souza Torres,eliane.souza.torres6697@email.com,Feminino,BR
6698,Marcos Torres Nascimento,marcos.torres.nascimento6698@email.com,Masculino,BR
6699,Carolina Ferreira Torres,carolina.ferreira.torres6699@email.com,Feminino,BR
6700,Matheus Lima Barros,matheus.lima.barros6700@email.com,Masculino,BR
6701,Gisele Oliveira Moura,gisele.oliveira.moura6701@email.com,Feminino,BR
6702,Lucas Duarte Silva,lucas.duarte.silva6702@email.com,Masculino,BR
6703,Adriana Pires Siqueira,adriana.pires.siqueira6703@email.com,Feminino,BR
6704,Thiago Pinheiro Carvalho,thiago.pinheiro.carvalho6704@email.com,Masculino,BR
6705,Monica Rezende Lima,monica.rezende.lima6705@email.com,Feminino,BR
6706,Diego Matos Reis,diego.matos.reis6706@email.com,Masculino,BR
6707,Carla Pires Moreira,carla.pires.moreira6707@email.com,Feminino,BR
6708,Francisco Siqueira Torres,francisco.siqueira.torres6708@email.com,Masculino,BR
6709,Carolina Carvalho Duarte,carolina.carvalho.duarte6709@email.com,Feminino,BR
6710,Paulo Pinheiro Cunha,paulo.pinheiro.cunha6710@email.com,Masculino,BR
6711,Amanda Carvalho Morais,amanda.carvalho.morais6711@email.com,Feminino,BR
6712,Caio Rocha Reis,caio.rocha.reis6712@email.com,Masculino,BR
6713,Renata Correia Silva,renata.correia.silva6713@email.com,Feminino,BR
6714,Jose Fernandes Alves,jose.fernandes.alves6714@email.com,Masculino,BR
6715,Pamela Rocha Pereira,pamela.rocha.pereira6715@email.com,Feminino,BR
6716,Leandro Araujo Coelho,leandro.araujo.coelho6716@email.com,Masculino,BR
6717,Carolina Monteiro Torres,carolina.monteiro.torres6717@email.com,Feminino,BR
6718,Marcos Castro Morais,marcos.castro.morais6718@email.com,Masculino,BR
6719,Amanda Torres Gomes,amanda.torres.gomes6719@email.com,Feminino,BR
6720,Pedro Santos Santos,pedro.santos.santos6720@email.com,Masculino,BR
6721,Leticia Lima Dias,leticia.lima.dias6721@email.com,Feminino,BR
6722,Daniel Torres Macedo,daniel.torres.macedo6722@email.com,Masculino,BR
6723,Patricia Pereira Mendes,patricia.pereira.mendes6723@email.com,Feminino,BR
6724,Renato Lima Ramos,renato.lima.ramos6724@email.com,Masculino,BR
6725,Sandra Siqueira Moreira,sandra.siqueira.moreira6725@email.com,Feminino,BR
6726,João Nascimento Tavares,joão.nascimento.tavares6726@email.com,Masculino,BR
6727,Raquel Teixeira Rodrigues,raquel.teixeira.rodrigues6727@email.com,Feminino,BR
6728,Fabio Dias Monteiro,fabio.dias.monteiro6728@email.com,Masculino,BR
6729,Luciana Guimaraes Fonseca,luciana.guimaraes.fonseca6729@email.com,Feminino,BR
6730,Fernando Morais Guimaraes,fernando.morais.guimaraes6730@email.com,Masculino,BR
6731,Rosana Oliveira Brito,rosana.oliveira.brito6731@email.com,Feminino,BR
6732,Antonio Oliveira Rezende,antonio.oliveira.rezende6732@email.com,Masculino,BR
6733,Simone Freitas Santos,simone.freitas.santos6733@email.com,Feminino,BR
6734,Henrique Nascimento Machado,henrique.nascimento.machado6734@email.com,Masculino,BR
6735,Daniela Coelho Castro,daniela.coelho.castro6735@email.com,Feminino,BR
6736,Lucas Ramos Nascimento,lucas.ramos.nascimento6736@email.com,Masculino,BR
6737,Rosana Guimaraes Freitas,rosana.guimaraes.freitas6737@email.com,Feminino,BR
6738,Antonio Santos Rodrigues,antonio.santos.rodrigues6738@email.com,Masculino,BR
6739,Juliana Rezende Coelho,juliana.rezende.coelho6739@email.com,Feminino,BR
6740,Bruno Machado Mendes,bruno.machado.mendes6740@email.com,Masculino,BR
6741,Gisele Ferreira Ferreira,gisele.ferreira.ferreira6741@email.com,Feminino,BR
6742,Gustavo Matos Reis,gustavo.matos.reis6742@email.com,Masculino,BR
6743,Amanda Azevedo Rodrigues,amanda.azevedo.rodrigues6743@email.com,Feminino,BR
6744,Igor Araujo Tavares,igor.araujo.tavares6744@email.com,Masculino,BR
6745,Thais Oliveira Cardoso,thais.oliveira.cardoso6745@email.com,Feminino,BR
6746,Leandro Pires Macedo,leandro.pires.macedo6746@email.com,Masculino,BR
6747,Jessica Dias Guimaraes,jessica.dias.guimaraes6747@email.com,Feminino,BR
6748,Matheus Alves Silva,matheus.alves.silva6748@email.com,Masculino,BR
6749,Beatriz Fonseca Brito,beatriz.fonseca.brito6749@email.com,Feminino,BR
6750,Pedro Barros Lopes,pedro.barros.lopes6750@email.com,Masculino,BR
6751,Patricia Barros Ribeiro,patricia.barros.ribeiro6751@email.com,Feminino,BR
6752,Caio Nunes Nascimento,caio.nunes.nascimento6752@email.com,Masculino,BR
6753,Eliane Rodrigues Fernandes,eliane.rodrigues.fernandes6753@email.com,Feminino,BR
6754,Marcelo Vasconcelos Matos,marcelo.vasconcelos.matos6754@email.com,Masculino,BR
6755,Fernanda Mendes Fonseca,fernanda.mendes.fonseca6755@email.com,Feminino,BR
6756,Felipe Nascimento Moura,felipe.nascimento.moura6756@email.com,Masculino,BR
6757,Pamela Ribeiro Lopes,pamela.ribeiro.lopes6757@email.com,Feminino,BR
6758,Rodrigo Melo Martins,rodrigo.melo.martins6758@email.com,Masculino,BR
6759,Juliana Barbosa Tavares,juliana.barbosa.tavares6759@email.com,Feminino,BR
6760,Igor Ramos Lima,igor.ramos.lima6760@email.com,Masculino,BR
6761,Isabela Reis Pereira,isabela.reis.pereira6761@email.com,Feminino,BR
6762,André Machado Rezende,andré.machado.rezende6762@email.com,Masculino,BR
6763,Priscila Silva Rodrigues,priscila.silva.rodrigues6763@email.com,Feminino,BR
6764,Daniel Macedo Rodrigues,daniel.macedo.rodrigues6764@email.com,Masculino,BR
6765,Juliana Monteiro Ribeiro,juliana.monteiro.ribeiro6765@email.com,Feminino,BR
6766,Eduardo Teixeira Brito,eduardo.teixeira.brito6766@email.com,Masculino,BR
6767,Rosana Melo Rezende,rosana.melo.rezende6767@email.com,Feminino,BR
6768,Eduardo Correia Lopes,eduardo.correia.lopes6768@email.com,Masculino,BR
6769,Larissa Alves Martins,larissa.alves.martins6769@email.com,Feminino,BR
6770,Gabriel Souza Pinheiro,gabriel.souza.pinheiro6770@email.com,Masculino,BR
6771,Claudia Duarte Santos,claudia.duarte.santos6771@email.com,Feminino,BR
6772,Renato Rezende Campos,renato.rezende.campos6772@email.com,Masculino,BR
6773,Luciana Santos Correia,luciana.santos.correia6773@email.com,Feminino,BR
6774,Francisco Nascimento Campos,francisco.nascimento.campos6774@email.com,Masculino,BR
6775,Gisele Alves Cunha,gisele.alves.cunha6775@email.com,Feminino,BR
6776,Fernando Oliveira Nunes,fernando.oliveira.nunes6776@email.com,Masculino,BR
6777,Luciana Pires Nascimento,luciana.pires.nascimento6777@email.com,Feminino,BR
6778,Guilherme Pereira Pereira,guilherme.pereira.pereira6778@email.com,Masculino,BR
6779,Camila Mendes Siqueira,camila.mendes.siqueira6779@email.com,Feminino,BR
6780,Paulo Machado Moreira,paulo.machado.moreira6780@email.com,Masculino,BR
6781,Aline Araujo Souza,aline.araujo.souza6781@email.com,Feminino,BR
6782,Felipe Santos Martins,felipe.santos.martins6782@email.com,Masculino,BR
6783,Camila Duarte Ribeiro,camila.duarte.ribeiro6783@email.com,Feminino,BR
6784,André Lopes Siqueira,andré.lopes.siqueira6784@email.com,Masculino,BR
6785,Gisele Campos Pires,gisele.campos.pires6785@email.com,Feminino,BR
6786,Henrique Machado Pereira,henrique.machado.pereira6786@email.com,Masculino,BR
6787,Vanessa Fonseca Cunha,vanessa.fonseca.cunha6787@email.com,Feminino,BR
6788,Felipe Pires Oliveira,felipe.pires.oliveira6788@email.com,Masculino,BR
6789,Cristina Gomes Rocha,cristina.gomes.rocha6789@email.com,Feminino,BR
6790,Leandro Souza Pinheiro,leandro.souza.pinheiro6790@email.com,Masculino,BR
6791,Carolina Silva Campos,carolina.silva.campos6791@email.com,Feminino,BR
6792,Roberto Barros Xavier,roberto.barros.xavier6792@email.com,Masculino,BR
6793,Maria Lima Moura,maria.lima.moura6793@email.com,Feminino,BR
6794,Vinicius Fonseca Moura,vinicius.fonseca.moura6794@email.com,Masculino,BR
6795,Maria Monteiro Fernandes,maria.monteiro.fernandes6795@email.com,Feminino,BR
6796,Gabriel Cardoso Araujo,gabriel.cardoso.araujo6796@email.com,Masculino,BR
6797,Thais Fernandes Dias,thais.fernandes.dias6797@email.com,Feminino,BR
6798,André Siqueira Machado,andré.siqueira.machado6798@email.com,Masculino,BR
6799,Thais Machado Dias,thais.machado.dias6799@email.com,Feminino,BR
6800,Lucas Ribeiro Rodrigues,lucas.ribeiro.rodrigues6800@email.com,Masculino,BR
6801,Tatiane Morais Morais,tatiane.morais.morais6801@email.com,Feminino,BR
6802,Marcelo Melo Fernandes,marcelo.melo.fernandes6802@email.com,Masculino,BR
6803,Patricia Rocha Siqueira,patricia.rocha.siqueira6803@email.com,Feminino,BR
6804,Gabriel Melo Barros,gabriel.melo.barros6804@email.com,Masculino,BR
6805,Isabela Coelho Pereira,isabela.coelho.pereira6805@email.com,Feminino,BR
6806,Fernando Barros Pereira,fernando.barros.pereira6806@email.com,Masculino,BR
6807,Eliane Martins Araujo,eliane.martins.araujo6807@email.com,Feminino,BR
6808,Matheus Reis Morais,matheus.reis.morais6808@email.com,Masculino,BR
6809,Carla Carvalho Torres,carla.carvalho.torres6809@email.com,Feminino,BR
6810,Henrique Cunha Costa,henrique.cunha.costa6810@email.com,Masculino,BR
6811,Luciana Oliveira Cardoso,luciana.oliveira.cardoso6811@email.com,Feminino,BR
6812,Leonardo Santos Gomes,leonardo.santos.gomes6812@email.com,Masculino,BR
6813,Carla Moreira Lopes,carla.moreira.lopes6813@email.com,Feminino,BR
6814,Wagner Reis Carvalho,wagner.reis.carvalho6814@email.com,Masculino,BR
6815,Beatriz Machado Guimaraes,beatriz.machado.guimaraes6815@email.com,Feminino,BR
6816,Jose Cunha Vasconcelos,jose.cunha.vasconcelos6816@email.com,Masculino,BR
6817,Mariana Araujo Tavares,mariana.araujo.tavares6817@email.com,Feminino,BR
6818,Francisco Barbosa Rezende,francisco.barbosa.rezende6818@email.com,Masculino,BR
6819,Patricia Ramos Tavares,patricia.ramos.tavares6819@email.com,Feminino,BR
6820,Pedro Cunha Pereira,pedro.cunha.pereira6820@email.com,Masculino,BR
6821,Tatiane Ferreira Correia,tatiane.ferreira.correia6821@email.com,Feminino,BR
6822,Rafael Macedo Vasconcelos,rafael.macedo.vasconcelos6822@email.com,Masculino,BR
6823,Juliana Campos Nunes,juliana.campos.nunes6823@email.com,Feminino,BR
6824,Leonardo Nunes Azevedo,leonardo.nunes.azevedo6824@email.com,Masculino,BR
6825,Monica Monteiro Reis,monica.monteiro.reis6825@email.com,Feminino,BR
6826,Marcelo Tavares Cardoso,marcelo.tavares.cardoso6826@email.com,Masculino,BR
6827,Raquel Melo Machado,raquel.melo.machado6827@email.com,Feminino,BR
6828,Jose Rezende Rodrigues,jose.rezende.rodrigues6828@email.com,Masculino,BR
6829,Rosana Nascimento Pires,rosana.nascimento.pires6829@email.com,Feminino,BR
6830,Wagner Tavares Siqueira,wagner.tavares.siqueira6830@email.com,Masculino,BR
6831,Eliane Souza Machado,eliane.souza.machado6831@email.com,Feminino,BR
6832,Igor Ferreira Nascimento,igor.ferreira.nascimento6832@email.com,Masculino,BR
6833,Pamela Teixeira Castro,pamela.teixeira.castro6833@email.com,Feminino,BR
6834,Francisco Guimaraes Morais,francisco.guimaraes.morais6834@email.com,Masculino,BR
6835,Patricia Mendes Morais,patricia.mendes.morais6835@email.com,Feminino,BR
6836,Vinicius Nunes Barbosa,vinicius.nunes.barbosa6836@email.com,Masculino,BR
6837,Claudia Barros Carvalho,claudia.barros.carvalho6837@email.com,Feminino,BR
6838,Diego Cardoso Araujo,diego.cardoso.araujo6838@email.com,Masculino,BR
6839,Eliane Gomes Freitas,eliane.gomes.freitas6839@email.com,Feminino,BR
6840,Leandro Gomes Torres,leandro.gomes.torres6840@email.com,Masculino,BR
6841,Monica Moura Brito,monica.moura.brito6841@email.com,Feminino,BR
6842,Matheus Nunes Mendes,matheus.nunes.mendes6842@email.com,Masculino,BR
6843,Claudia Ramos Siqueira,claudia.ramos.siqueira6843@email.com,Feminino,BR
6844,André Macedo Guimaraes,andré.macedo.guimaraes6844@email.com,Masculino,BR
6845,Beatriz Fernandes Macedo,beatriz.fernandes.macedo6845@email.com,Feminino,BR
6846,Rodrigo Gomes Brito,rodrigo.gomes.brito6846@email.com,Masculino,BR
6847,Carla Correia Castro,carla.correia.castro6847@email.com,Feminino,BR
6848,Rafael Cardoso Dias,rafael.cardoso.dias6848@email.com,Masculino,BR
6849,Bruna Fonseca Moura,bruna.fonseca.moura6849@email.com,Feminino,BR
6850,Daniel Lima Matos,daniel.lima.matos6850@email.com,Masculino,BR
6851,Leticia Morais Araujo,leticia.morais.araujo6851@email.com,Feminino,BR
6852,Marcos Tavares Xavier,marcos.tavares.xavier6852@email.com,Masculino,BR
6853,Monica Ribeiro Vasconcelos,monica.ribeiro.vasconcelos6853@email.com,Feminino,BR
6854,Antonio Campos Araujo,antonio.campos.araujo6854@email.com,Masculino,BR
6855,Carolina Machado Correia,carolina.machado.correia6855@email.com,Feminino,BR
6856,Vinicius Duarte Azevedo,vinicius.duarte.azevedo6856@email.com,Masculino,BR
6857,Gisele Teixeira Rocha,gisele.teixeira.rocha6857@email.com,Feminino,BR
6858,Henrique Tavares Pereira,henrique.tavares.pereira6858@email.com,Masculino,BR
6859,Adriana Lima Rodrigues,adriana.lima.rodrigues6859@email.com,Feminino,BR
6860,Rafael Moreira Silva,rafael.moreira.silva6860@email.com,Masculino,BR
6861,Patricia Gomes Fernandes,patricia.gomes.fernandes6861@email.com,Feminino,BR
6862,Henrique Rezende Azevedo,henrique.rezende.azevedo6862@email.com,Masculino,BR
6863,Tatiane Fonseca Torres,tatiane.fonseca.torres6863@email.com,Feminino,BR
6864,Vinicius Barros Duarte,vinicius.barros.duarte6864@email.com,Masculino,BR
6865,Bianca Gomes Nunes,bianca.gomes.nunes6865@email.com,Feminino,BR
6866,Roberto Ramos Morais,roberto.ramos.morais6866@email.com,Masculino,BR
6867,Pamela Tavares Alves,pamela.tavares.alves6867@email.com,Feminino,BR
6868,Fernando Ramos Rodrigues,fernando.ramos.rodrigues6868@email.com,Masculino,BR
6869,Simone Lima Souza,simone.lima.souza6869@email.com,Feminino,BR
6870,Daniel Lima Campos,daniel.lima.campos6870@email.com,Masculino,BR
6871,Fernanda Oliveira Melo,fernanda.oliveira.melo6871@email.com,Feminino,BR
6872,Ricardo Nunes Alves,ricardo.nunes.alves6872@email.com,Masculino,BR
6873,Tatiane Castro Nunes,tatiane.castro.nunes6873@email.com,Feminino,BR
6874,Gabriel Xavier Alves,gabriel.xavier.alves6874@email.com,Masculino,BR
6875,Luciana Dias Oliveira,luciana.dias.oliveira6875@email.com,Feminino,BR
6876,Sergio Costa Silva,sergio.costa.silva6876@email.com,Masculino,BR
6877,Larissa Teixeira Guimaraes,larissa.teixeira.guimaraes6877@email.com,Feminino,BR
6878,Vinicius Barbosa Ramos,vinicius.barbosa.ramos6878@email.com,Masculino,BR
6879,Priscila Carvalho Carvalho,priscila.carvalho.carvalho6879@email.com,Feminino,BR
6880,Cesar Tavares Duarte,cesar.tavares.duarte6880@email.com,Masculino,BR
6881,Sabrina Pires Freitas,sabrina.pires.freitas6881@email.com,Feminino,BR
6882,Gustavo Rocha Santos,gustavo.rocha.santos6882@email.com,Masculino,BR
6883,Tatiane Fonseca Cardoso,tatiane.fonseca.cardoso6883@email.com,Feminino,BR
6884,Eduardo Martins Fernandes,eduardo.martins.fernandes6884@email.com,Masculino,BR
6885,Daniela Dias Castro,daniela.dias.castro6885@email.com,Feminino,BR
6886,Cesar Santos Martins,cesar.santos.martins6886@email.com,Masculino,BR
6887,Camila Duarte Pinheiro,camila.duarte.pinheiro6887@email.com,Feminino,BR
6888,Cesar Nunes Fernandes,cesar.nunes.fernandes6888@email.com,Masculino,BR
6889,Pamela Lima Alves,pamela.lima.alves6889@email.com,Feminino,BR
6890,Gustavo Melo Cunha,gustavo.melo.cunha6890@email.com,Masculino,BR
6891,Cristina Araujo Azevedo,cristina.araujo.azevedo6891@email.com,Feminino,BR
6892,Cesar Martins Ribeiro,cesar.martins.ribeiro6892@email.com,Masculino,BR
6893,Cristina Nunes Alves,cristina.nunes.alves6893@email.com,Feminino,BR
6894,João Araujo Siqueira,joão.araujo.siqueira6894@email.com,Masculino,BR
6895,Raquel Ramos Fonseca,raquel.ramos.fonseca6895@email.com,Feminino,BR
6896,Wagner Melo Rodrigues,wagner.melo.rodrigues6896@email.com,Masculino,BR
6897,Jessica Dias Carvalho,jessica.dias.carvalho6897@email.com,Feminino,BR
6898,Lucas Melo Ferreira,lucas.melo.ferreira6898@email.com,Masculino,BR
6899,Bianca Correia Lopes,bianca.correia.lopes6899@email.com,Feminino,BR
6900,Renato Rocha Pinheiro,renato.rocha.pinheiro6900@email.com,Masculino,BR
6901,Daniela Melo Guimaraes,daniela.melo.guimaraes6901@email.com,Feminino,BR
6902,Alexandre Santos Castro,alexandre.santos.castro6902@email.com,Masculino,BR
6903,Sabrina Dias Brito,sabrina.dias.brito6903@email.com,Feminino,BR
6904,Antonio Ramos Xavier,antonio.ramos.xavier6904@email.com,Masculino,BR
6905,Fabiana Teixeira Cardoso,fabiana.teixeira.cardoso6905@email.com,Feminino,BR
6906,Pedro Rezende Barros,pedro.rezende.barros6906@email.com,Masculino,BR
6907,Andrea Rodrigues Reis,andrea.rodrigues.reis6907@email.com,Feminino,BR
6908,Renato Tavares Dias,renato.tavares.dias6908@email.com,Masculino,BR
6909,Carla Rocha Correia,carla.rocha.correia6909@email.com,Feminino,BR
6910,Ricardo Tavares Reis,ricardo.tavares.reis6910@email.com,Masculino,BR
6911,Daniela Martins Xavier,daniela.martins.xavier6911@email.com,Feminino,BR
6912,Leonardo Dias Dias,leonardo.dias.dias6912@email.com,Masculino,BR
6913,Simone Freitas Moreira,simone.freitas.moreira6913@email.com,Feminino,BR
6914,Vinicius Araujo Correia,vinicius.araujo.correia6914@email.com,Masculino,BR
6915,Leticia Carvalho Rodrigues,leticia.carvalho.rodrigues6915@email.com,Feminino,BR
6916,Wagner Machado Santos,wagner.machado.santos6916@email.com,Masculino,BR
6917,Eliane Araujo Vasconcelos,eliane.araujo.vasconcelos6917@email.com,Feminino,BR
6918,Ricardo Lopes Correia,ricardo.lopes.correia6918@email.com,Masculino,BR
6919,Ana Rodrigues Duarte,ana.rodrigues.duarte6919@email.com,Feminino,BR
6920,Paulo Campos Rodrigues,paulo.campos.rodrigues6920@email.com,Masculino,BR
6921,Ana Rezende Ramos,ana.rezende.ramos6921@email.com,Feminino,BR
6922,Renato Ramos Ferreira,renato.ramos.ferreira6922@email.com,Masculino,BR
6923,Luciana Mendes Freitas,luciana.mendes.freitas6923@email.com,Feminino,BR
6924,Eduardo Nunes Campos,eduardo.nunes.campos6924@email.com,Masculino,BR
6925,Adriana Machado Martins,adriana.machado.martins6925@email.com,Feminino,BR
6926,Thiago Carvalho Melo,thiago.carvalho.melo6926@email.com,Masculino,BR
6927,Rosana Vasconcelos Moura,rosana.vasconcelos.moura6927@email.com,Feminino,BR
6928,Wagner Moura Fernandes,wagner.moura.fernandes6928@email.com,Masculino,BR
6929,Renata Melo Oliveira,renata.melo.oliveira6929@email.com,Feminino,BR
6930,Alexandre Campos Costa,alexandre.campos.costa6930@email.com,Masculino,BR
6931,Cristina Ferreira Correia,cristina.ferreira.correia6931@email.com,Feminino,BR
6932,Thiago Ferreira Guimaraes,thiago.ferreira.guimaraes6932@email.com,Masculino,BR
6933,Tatiane Costa Mendes,tatiane.costa.mendes6933@email.com,Feminino,BR
6934,Bruno Moura Mendes,bruno.moura.mendes6934@email.com,Masculino,BR
6935,Jessica Rocha Barbosa,jessica.rocha.barbosa6935@email.com,Feminino,BR
6936,Rafael Melo Ramos,rafael.melo.ramos6936@email.com,Masculino,BR
6937,Sabrina Ribeiro Carvalho,sabrina.ribeiro.carvalho6937@email.com,Feminino,BR
6938,Matheus Monteiro Martins,matheus.monteiro.martins6938@email.com,Masculino,BR
6939,Fabiana Pereira Carvalho,fabiana.pereira.carvalho6939@email.com,Feminino,BR
6940,Bruno Guimaraes Costa,bruno.guimaraes.costa6940@email.com,Masculino,BR
6941,Eliane Vasconcelos Xavier,eliane.vasconcelos.xavier6941@email.com,Feminino,BR
6942,Daniel Barbosa Pires,daniel.barbosa.pires6942@email.com,Masculino,BR
6943,Thais Ramos Martins,thais.ramos.martins6943@email.com,Feminino,BR
6944,Gustavo Santos Fernandes,gustavo.santos.fernandes6944@email.com,Masculino,BR
6945,Renata Tavares Correia,renata.tavares.correia6945@email.com,Feminino,BR
6946,Ricardo Pereira Macedo,ricardo.pereira.macedo6946@email.com,Masculino,BR
6947,Amanda Nunes Torres,amanda.nunes.torres6947@email.com,Feminino,BR
6948,Daniel Castro Lima,daniel.castro.lima6948@email.com,Masculino,BR
6949,Bruna Pires Coelho,bruna.pires.coelho6949@email.com,Feminino,BR
6950,Fabio Matos Ribeiro,fabio.matos.ribeiro6950@email.com,Masculino,BR
6951,Isabela Castro Ribeiro,isabela.castro.ribeiro6951@email.com,Feminino,BR
6952,Gustavo Xavier Silva,gustavo.xavier.silva6952@email.com,Masculino,BR
6953,Simone Melo Martins,simone.melo.martins6953@email.com,Feminino,BR
6954,Vinicius Barros Torres,vinicius.barros.torres6954@email.com,Masculino,BR
6955,Ana Barros Barros,ana.barros.barros6955@email.com,Feminino,BR
6956,Roberto Moreira Souza,roberto.moreira.souza6956@email.com,Masculino,BR
6957,Mariana Costa Machado,mariana.costa.machado6957@email.com,Feminino,BR
6958,Rafael Melo Souza,rafael.melo.souza6958@email.com,Masculino,BR
6959,Priscila Tavares Reis,priscila.tavares.reis6959@email.com,Feminino,BR
6960,Fabio Duarte Xavier,fabio.duarte.xavier6960@email.com,Masculino,BR
6961,Sabrina Azevedo Araujo,sabrina.azevedo.araujo6961@email.com,Feminino,BR
6962,Caio Ribeiro Correia,caio.ribeiro.correia6962@email.com,Masculino,BR
6963,Larissa Correia Araujo,larissa.correia.araujo6963@email.com,Feminino,BR
6964,Thiago Morais Tavares,thiago.morais.tavares6964@email.com,Masculino,BR
6965,Juliana Pereira Rodrigues,juliana.pereira.rodrigues6965@email.com,Feminino,BR
6966,Gabriel Silva Barbosa,gabriel.silva.barbosa6966@email.com,Masculino,BR
6967,Bruna Moura Fernandes,bruna.moura.fernandes6967@email.com,Feminino,BR
6968,Antonio Brito Coelho,antonio.brito.coelho6968@email.com,Masculino,BR
6969,Carolina Pires Castro,carolina.pires.castro6969@email.com,Feminino,BR
6970,Leonardo Moura Azevedo,leonardo.moura.azevedo6970@email.com,Masculino,BR
6971,Fabiana Freitas Xavier,fabiana.freitas.xavier6971@email.com,Feminino,BR
6972,Wagner Duarte Correia,wagner.duarte.correia6972@email.com,Masculino,BR
6973,Carolina Coelho Mendes,carolina.coelho.mendes6973@email.com,Feminino,BR
6974,Francisco Cunha Martins,francisco.cunha.martins6974@email.com,Masculino,BR
6975,Aline Melo Rezende,aline.melo.rezende6975@email.com,Feminino,BR
6976,Gabriel Fernandes Oliveira,gabriel.fernandes.oliveira6976@email.com,Masculino,BR
6977,Tatiana Pereira Tavares,tatiana.pereira.tavares6977@email.com,Feminino,BR
6978,Fabio Reis Monteiro,fabio.reis.monteiro6978@email.com,Masculino,BR
6979,Larissa Tavares Cunha,larissa.tavares.cunha6979@email.com,Feminino,BR
6980,Alexandre Rodrigues Monteiro,alexandre.rodrigues.monteiro6980@email.com,Masculino,BR
6981,Carla Santos Cardoso,carla.santos.cardoso6981@email.com,Feminino,BR
6982,Antonio Gomes Coelho,antonio.gomes.coelho6982@email.com,Masculino,BR
6983,Ana Dias Ramos,ana.dias.ramos6983@email.com,Feminino,BR
6984,Rafael Lopes Fonseca,rafael.lopes.fonseca6984@email.com,Masculino,BR
6985,Beatriz Vasconcelos Xavier,beatriz.vasconcelos.xavier6985@email.com,Feminino,BR
6986,Leandro Moreira Araujo,leandro.moreira.araujo6986@email.com,Masculino,BR
6987,Isabela Santos Carvalho,isabela.santos.carvalho6987@email.com,Feminino,BR
6988,Renato Mendes Rezende,renato.mendes.rezende6988@email.com,Masculino,BR
6989,Carolina Azevedo Correia,carolina.azevedo.correia6989@email.com,Feminino,BR
6990,Caio Campos Dias,caio.campos.dias6990@email.com,Masculino,BR
6991,Bruna Souza Cunha,bruna.souza.cunha6991@email.com,Feminino,BR
6992,Roberto Araujo Rocha,roberto.araujo.rocha6992@email.com,Masculino,BR
6993,Amanda Barbosa Campos,amanda.barbosa.campos6993@email.com,Feminino,BR
6994,Roberto Freitas Azevedo,roberto.freitas.azevedo6994@email.com,Masculino,BR
6995,Daniela Vasconcelos Ramos,daniela.vasconcelos.ramos6995@email.com,Feminino,BR
6996,Ricardo Tavares Barbosa,ricardo.tavares.barbosa6996@email.com,Masculino,BR
6997,Sandra Torres Barros,sandra.torres.barros6997@email.com,Feminino,BR
6998,Rafael Machado Oliveira,rafael.machado.oliveira6998@email.com,Masculino,BR
6999,Thais Pereira Freitas,thais.pereira.freitas6999@email.com,Feminino,BR
7000,Igor Gomes Monteiro,igor.gomes.monteiro7000@email.com,Masculino,BR
7001,Aline Martins Silva,aline.martins.silva7001@email.com,Feminino,BR
7002,Lucas Rocha Pinheiro,lucas.rocha.pinheiro7002@email.com,Masculino,BR
7003,Tatiane Nunes Costa,tatiane.nunes.costa7003@email.com,Feminino,BR
7004,Pedro Barros Dias,pedro.barros.dias7004@email.com,Masculino,BR
7005,Fabiana Campos Santos,fabiana.campos.santos7005@email.com,Feminino,BR
7006,Renato Moreira Teixeira,renato.moreira.teixeira7006@email.com,Masculino,BR
7007,Andrea Azevedo Freitas,andrea.azevedo.freitas7007@email.com,Feminino,BR
7008,Cesar Cardoso Barbosa,cesar.cardoso.barbosa7008@email.com,Masculino,BR
7009,Carla Costa Fernandes,carla.costa.fernandes7009@email.com,Feminino,BR
7010,Francisco Fonseca Lima,francisco.fonseca.lima7010@email.com,Masculino,BR
7011,Jessica Coelho Rezende,jessica.coelho.rezende7011@email.com,Feminino,BR
7012,Guilherme Coelho Barros,guilherme.coelho.barros7012@email.com,Masculino,BR
7013,Juliana Siqueira Macedo,juliana.siqueira.macedo7013@email.com,Feminino,BR
7014,Rafael Matos Pinheiro,rafael.matos.pinheiro7014@email.com,Masculino,BR
7015,Eliane Barros Pereira,eliane.barros.pereira7015@email.com,Feminino,BR
7016,Rafael Torres Rodrigues,rafael.torres.rodrigues7016@email.com,Masculino,BR
7017,Monica Siqueira Correia,monica.siqueira.correia7017@email.com,Feminino,BR
7018,Renato Matos Matos,renato.matos.matos7018@email.com,Masculino,BR
7019,Sabrina Rocha Rocha,sabrina.rocha.rocha7019@email.com,Feminino,BR
7020,André Ferreira Guimaraes,andré.ferreira.guimaraes7020@email.com,Masculino,BR
7021,Daniela Nunes Moreira,daniela.nunes.moreira7021@email.com,Feminino,BR
7022,Eduardo Oliveira Oliveira,eduardo.oliveira.oliveira7022@email.com,Masculino,BR
7023,Raquel Silva Souza,raquel.silva.souza7023@email.com,Feminino,BR
7024,André Cunha Duarte,andré.cunha.duarte7024@email.com,Masculino,BR
7025,Renata Cunha Fernandes,renata.cunha.fernandes7025@email.com,Feminino,BR
7026,Rafael Ramos Pires,rafael.ramos.pires7026@email.com,Masculino,BR
7027,Eliane Mendes Dias,eliane.mendes.dias7027@email.com,Feminino,BR
7028,João Pereira Martins,joão.pereira.martins7028@email.com,Masculino,BR
7029,Juliana Mendes Matos,juliana.mendes.matos7029@email.com,Feminino,BR
7030,Fernando Xavier Pereira,fernando.xavier.pereira7030@email.com,Masculino,BR
7031,Cristina Azevedo Martins,cristina.azevedo.martins7031@email.com,Feminino,BR
7032,Antonio Lima Ferreira,antonio.lima.ferreira7032@email.com,Masculino,BR
7033,Bruna Fernandes Teixeira,bruna.fernandes.teixeira7033@email.com,Feminino,BR
7034,Cesar Matos Campos,cesar.matos.campos7034@email.com,Masculino,BR
7035,Thais Mendes Duarte,thais.mendes.duarte7035@email.com,Feminino,BR
7036,Rafael Pires Torres,rafael.pires.torres7036@email.com,Masculino,BR
7037,Monica Morais Siqueira,monica.morais.siqueira7037@email.com,Feminino,BR
7038,Diego Moura Rocha,diego.moura.rocha7038@email.com,Masculino,BR
7039,Rosana Moura Brito,rosana.moura.brito7039@email.com,Feminino,BR
7040,Vinicius Fernandes Tavares,vinicius.fernandes.tavares7040@email.com,Masculino,BR
7041,Priscila Carvalho Torres,priscila.carvalho.torres7041@email.com,Feminino,BR
7042,Pedro Ramos Machado,pedro.ramos.machado7042@email.com,Masculino,BR
7043,Sabrina Teixeira Barros,sabrina.teixeira.barros7043@email.com,Feminino,BR
7044,Leandro Rezende Matos,leandro.rezende.matos7044@email.com,Masculino,BR
7045,Carolina Costa Fonseca,carolina.costa.fonseca7045@email.com,Feminino,BR
7046,Leandro Fernandes Mendes,leandro.fernandes.mendes7046@email.com,Masculino,BR
7047,Amanda Torres Rocha,amanda.torres.rocha7047@email.com,Feminino,BR
7048,Rafael Carvalho Melo,rafael.carvalho.melo7048@email.com,Masculino,BR
7049,Cristina Araujo Azevedo,cristina.araujo.azevedo7049@email.com,Feminino,BR
7050,Rafael Alves Nascimento,rafael.alves.nascimento7050@email.com,Masculino,BR
7051,Gisele Barros Campos,gisele.barros.campos7051@email.com,Feminino,BR
7052,Matheus Pinheiro Moreira,matheus.pinheiro.moreira7052@email.com,Masculino,BR
7053,Bianca Duarte Teixeira,bianca.duarte.teixeira7053@email.com,Feminino,BR
7054,Leandro Ferreira Araujo,leandro.ferreira.araujo7054@email.com,Masculino,BR
7055,Mariana Guimaraes Machado,mariana.guimaraes.machado7055@email.com,Feminino,BR
7056,Ricardo Macedo Cardoso,ricardo.macedo.cardoso7056@email.com,Masculino,BR
7057,Fernanda Ramos Moreira,fernanda.ramos.moreira7057@email.com,Feminino,BR
7058,Guilherme Rocha Cunha,guilherme.rocha.cunha7058@email.com,Masculino,BR
7059,Thais Santos Teixeira,thais.santos.teixeira7059@email.com,Feminino,BR
7060,Fabio Lima Monteiro,fabio.lima.monteiro7060@email.com,Masculino,BR
7061,Priscila Rezende Rezende,priscila.rezende.rezende7061@email.com,Feminino,BR
7062,Leonardo Fonseca Dias,leonardo.fonseca.dias7062@email.com,Masculino,BR
7063,Carolina Ramos Melo,carolina.ramos.melo7063@email.com,Feminino,BR
7064,Gustavo Barbosa Araujo,gustavo.barbosa.araujo7064@email.com,Masculino,BR
7065,Andrea Fernandes Martins,andrea.fernandes.martins7065@email.com,Feminino,BR
7066,Igor Martins Tavares,igor.martins.tavares7066@email.com,Masculino,BR
7067,Simone Fonseca Rodrigues,simone.fonseca.rodrigues7067@email.com,Feminino,BR
7068,Bruno Alves Ferreira,bruno.alves.ferreira7068@email.com,Masculino,BR
7069,Camila Xavier Pinheiro,camila.xavier.pinheiro7069@email.com,Feminino,BR
7070,João Rocha Castro,joão.rocha.castro7070@email.com,Masculino,BR
7071,Luciana Rezende Ferreira,luciana.rezende.ferreira7071@email.com,Feminino,BR
7072,Rafael Costa Silva,rafael.costa.silva7072@email.com,Masculino,BR
7073,Thais Ribeiro Oliveira,thais.ribeiro.oliveira7073@email.com,Feminino,BR
7074,Gabriel Barbosa Reis,gabriel.barbosa.reis7074@email.com,Masculino,BR
7075,Carla Brito Brito,carla.brito.brito7075@email.com,Feminino,BR
7076,Paulo Siqueira Duarte,paulo.siqueira.duarte7076@email.com,Masculino,BR
7077,Camila Oliveira Martins,camila.oliveira.martins7077@email.com,Feminino,BR
7078,Leandro Teixeira Alves,leandro.teixeira.alves7078@email.com,Masculino,BR
7079,Juliana Fonseca Ferreira,juliana.fonseca.ferreira7079@email.com,Feminino,BR
7080,Carlos Guimaraes Silva,carlos.guimaraes.silva7080@email.com,Masculino,BR
7081,Renata Xavier Martins,renata.xavier.martins7081@email.com,Feminino,BR
7082,Leonardo Torres Rezende,leonardo.torres.rezende7082@email.com,Masculino,BR
7083,Amanda Nunes Fonseca,amanda.nunes.fonseca7083@email.com,Feminino,BR
7084,Rodrigo Guimaraes Reis,rodrigo.guimaraes.reis7084@email.com,Masculino,BR
7085,Fabiana Pereira Reis,fabiana.pereira.reis7085@email.com,Feminino,BR
7086,Cesar Barbosa Souza,cesar.barbosa.souza7086@email.com,Masculino,BR
7087,Patricia Azevedo Tavares,patricia.azevedo.tavares7087@email.com,Feminino,BR
7088,Henrique Martins Vasconcelos,henrique.martins.vasconcelos7088@email.com,Masculino,BR
7089,Aline Alves Rezende,aline.alves.rezende7089@email.com,Feminino,BR
7090,Wagner Carvalho Nascimento,wagner.carvalho.nascimento7090@email.com,Masculino,BR
7091,Leticia Oliveira Moreira,leticia.oliveira.moreira7091@email.com,Feminino,BR
7092,Igor Siqueira Martins,igor.siqueira.martins7092@email.com,Masculino,BR
7093,Thais Fernandes Lopes,thais.fernandes.lopes7093@email.com,Feminino,BR
7094,Paulo Barros Monteiro,paulo.barros.monteiro7094@email.com,Masculino,BR
7095,Leticia Vasconcelos Correia,leticia.vasconcelos.correia7095@email.com,Feminino,BR
7096,Leonardo Cunha Fernandes,leonardo.cunha.fernandes7096@email.com,Masculino,BR
7097,Priscila Xavier Melo,priscila.xavier.melo7097@email.com,Feminino,BR
7098,Leandro Siqueira Cardoso,leandro.siqueira.cardoso7098@email.com,Masculino,BR
7099,Tatiana Araujo Azevedo,tatiana.araujo.azevedo7099@email.com,Feminino,BR
7100,Rafael Correia Rocha,rafael.correia.rocha7100@email.com,Masculino,BR
7101,Juliana Ferreira Costa,juliana.ferreira.costa7101@email.com,Feminino,BR
7102,Mauricio Lima Rocha,mauricio.lima.rocha7102@email.com,Masculino,BR
7103,Amanda Lopes Souza,amanda.lopes.souza7103@email.com,Feminino,BR
7104,Rafael Matos Pereira,rafael.matos.pereira7104@email.com,Masculino,BR
7105,Leticia Macedo Teixeira,leticia.macedo.teixeira7105@email.com,Feminino,BR
7106,Diego Fonseca Araujo,diego.fonseca.araujo7106@email.com,Masculino,BR
7107,Thais Ramos Cunha,thais.ramos.cunha7107@email.com,Feminino,BR
7108,Felipe Vasconcelos Siqueira,felipe.vasconcelos.siqueira7108@email.com,Masculino,BR
7109,Tatiane Matos Fonseca,tatiane.matos.fonseca7109@email.com,Feminino,BR
7110,Leandro Correia Dias,leandro.correia.dias7110@email.com,Masculino,BR
7111,Thais Vasconcelos Oliveira,thais.vasconcelos.oliveira7111@email.com,Feminino,BR
7112,Fabio Martins Moreira,fabio.martins.moreira7112@email.com,Masculino,BR
7113,Renata Freitas Pereira,renata.freitas.pereira7113@email.com,Feminino,BR
7114,Roberto Oliveira Reis,roberto.oliveira.reis7114@email.com,Masculino,BR
7115,Adriana Rodrigues Ribeiro,adriana.rodrigues.ribeiro7115@email.com,Feminino,BR
7116,Antonio Azevedo Siqueira,antonio.azevedo.siqueira7116@email.com,Masculino,BR
7117,Carolina Xavier Correia,carolina.xavier.correia7117@email.com,Feminino,BR
7118,Diego Lopes Souza,diego.lopes.souza7118@email.com,Masculino,BR
7119,Simone Pinheiro Correia,simone.pinheiro.correia7119@email.com,Feminino,BR
7120,Guilherme Siqueira Cardoso,guilherme.siqueira.cardoso7120@email.com,Masculino,BR
7121,Eliane Nascimento Ribeiro,eliane.nascimento.ribeiro7121@email.com,Feminino,BR
7122,João Xavier Martins,joão.xavier.martins7122@email.com,Masculino,BR
7123,Adriana Cunha Ferreira,adriana.cunha.ferreira7123@email.com,Feminino,BR
7124,Antonio Teixeira Rocha,antonio.teixeira.rocha7124@email.com,Masculino,BR
7125,Juliana Souza Araujo,juliana.souza.araujo7125@email.com,Feminino,BR
7126,Jose Tavares Rezende,jose.tavares.rezende7126@email.com,Masculino,BR
7127,Sabrina Gomes Matos,sabrina.gomes.matos7127@email.com,Feminino,BR
7128,Daniel Cunha Oliveira,daniel.cunha.oliveira7128@email.com,Masculino,BR
7129,Maria Morais Campos,maria.morais.campos7129@email.com,Feminino,BR
7130,Igor Fernandes Guimaraes,igor.fernandes.guimaraes7130@email.com,Masculino,BR
7131,Carla Teixeira Silva,carla.teixeira.silva7131@email.com,Feminino,BR
7132,Lucas Machado Macedo,lucas.machado.macedo7132@email.com,Masculino,BR
7133,Aline Gomes Dias,aline.gomes.dias7133@email.com,Feminino,BR
7134,Rafael Teixeira Brito,rafael.teixeira.brito7134@email.com,Masculino,BR
7135,Aline Nunes Moura,aline.nunes.moura7135@email.com,Feminino,BR
7136,Leonardo Moura Fonseca,leonardo.moura.fonseca7136@email.com,Masculino,BR
7137,Andrea Guimaraes Gomes,andrea.guimaraes.gomes7137@email.com,Feminino,BR
7138,Guilherme Macedo Matos,guilherme.macedo.matos7138@email.com,Masculino,BR
7139,Juliana Azevedo Matos,juliana.azevedo.matos7139@email.com,Feminino,BR
7140,Mauricio Pires Barbosa,mauricio.pires.barbosa7140@email.com,Masculino,BR
7141,Gisele Coelho Azevedo,gisele.coelho.azevedo7141@email.com,Feminino,BR
7142,Carlos Barbosa Teixeira,carlos.barbosa.teixeira7142@email.com,Masculino,BR
7143,Ana Cunha Fonseca,ana.cunha.fonseca7143@email.com,Feminino,BR
7144,Ricardo Machado Reis,ricardo.machado.reis7144@email.com,Masculino,BR
7145,Bianca Azevedo Tavares,bianca.azevedo.tavares7145@email.com,Feminino,BR
7146,Sergio Carvalho Cardoso,sergio.carvalho.cardoso7146@email.com,Masculino,BR
7147,Rosana Carvalho Lopes,rosana.carvalho.lopes7147@email.com,Feminino,BR
7148,Henrique Monteiro Vasconcelos,henrique.monteiro.vasconcelos7148@email.com,Masculino,BR
7149,Juliana Torres Carvalho,juliana.torres.carvalho7149@email.com,Feminino,BR
7150,Mauricio Mendes Moreira,mauricio.mendes.moreira7150@email.com,Masculino,BR
7151,Adriana Silva Moura,adriana.silva.moura7151@email.com,Feminino,BR
7152,Eduardo Oliveira Carvalho,eduardo.oliveira.carvalho7152@email.com,Masculino,BR
7153,Jessica Araujo Moreira,jessica.araujo.moreira7153@email.com,Feminino,BR
7154,João Ramos Costa,joão.ramos.costa7154@email.com,Masculino,BR
7155,Patricia Fernandes Fernandes,patricia.fernandes.fernandes7155@email.com,Feminino,BR
7156,Vinicius Castro Torres,vinicius.castro.torres7156@email.com,Masculino,BR
7157,Gisele Cunha Santos,gisele.cunha.santos7157@email.com,Feminino,BR
7158,Jose Matos Xavier,jose.matos.xavier7158@email.com,Masculino,BR
7159,Raquel Macedo Tavares,raquel.macedo.tavares7159@email.com,Feminino,BR
7160,Roberto Rezende Fonseca,roberto.rezende.fonseca7160@email.com,Masculino,BR
7161,Tatiana Castro Siqueira,tatiana.castro.siqueira7161@email.com,Feminino,BR
7162,Rafael Barbosa Macedo,rafael.barbosa.macedo7162@email.com,Masculino,BR
7163,Larissa Melo Araujo,larissa.melo.araujo7163@email.com,Feminino,BR
7164,Alexandre Pires Matos,alexandre.pires.matos7164@email.com,Masculino,BR
7165,Monica Ribeiro Castro,monica.ribeiro.castro7165@email.com,Feminino,BR
7166,André Silva Brito,andré.silva.brito7166@email.com,Masculino,BR
7167,Luciana Ferreira Teixeira,luciana.ferreira.teixeira7167@email.com,Feminino,BR
7168,Gustavo Machado Santos,gustavo.machado.santos7168@email.com,Masculino,BR
7169,Amanda Souza Pinheiro,amanda.souza.pinheiro7169@email.com,Feminino,BR
7170,Henrique Martins Siqueira,henrique.martins.siqueira7170@email.com,Masculino,BR
7171,Leticia Siqueira Mendes,leticia.siqueira.mendes7171@email.com,Feminino,BR
7172,Matheus Martins Ramos,matheus.martins.ramos7172@email.com,Masculino,BR
7173,Tatiana Matos Martins,tatiana.matos.martins7173@email.com,Feminino,BR
7174,Fabio Alves Coelho,fabio.alves.coelho7174@email.com,Masculino,BR
7175,Leticia Monteiro Castro,leticia.monteiro.castro7175@email.com,Feminino,BR
7176,Rafael Morais Pereira,rafael.morais.pereira7176@email.com,Masculino,BR
7177,Patricia Rocha Lima,patricia.rocha.lima7177@email.com,Feminino,BR
7178,João Araujo Pereira,joão.araujo.pereira7178@email.com,Masculino,BR
7179,Sabrina Ribeiro Lima,sabrina.ribeiro.lima7179@email.com,Feminino,BR
7180,Renato Teixeira Lima,renato.teixeira.lima7180@email.com,Masculino,BR
7181,Aline Macedo Reis,aline.macedo.reis7181@email.com,Feminino,BR
7182,Marcelo Azevedo Barros,marcelo.azevedo.barros7182@email.com,Masculino,BR
7183,Larissa Machado Siqueira,larissa.machado.siqueira7183@email.com,Feminino,BR
7184,Cesar Nunes Xavier,cesar.nunes.xavier7184@email.com,Masculino,BR
7185,Camila Freitas Xavier,camila.freitas.xavier7185@email.com,Feminino,BR
7186,Bruno Freitas Ribeiro,bruno.freitas.ribeiro7186@email.com,Masculino,BR
7187,Daniela Fernandes Gomes,daniela.fernandes.gomes7187@email.com,Feminino,BR
7188,Marcelo Mendes Matos,marcelo.mendes.matos7188@email.com,Masculino,BR
7189,Ana Guimaraes Fernandes,ana.guimaraes.fernandes7189@email.com,Feminino,BR
7190,Bruno Pereira Martins,bruno.pereira.martins7190@email.com,Masculino,BR
7191,Isabela Teixeira Martins,isabela.teixeira.martins7191@email.com,Feminino,BR
7192,Francisco Torres Nascimento,francisco.torres.nascimento7192@email.com,Masculino,BR
7193,Gisele Gomes Machado,gisele.gomes.machado7193@email.com,Feminino,BR
7194,Paulo Santos Teixeira,paulo.santos.teixeira7194@email.com,Masculino,BR
7195,Daniela Xavier Coelho,daniela.xavier.coelho7195@email.com,Feminino,BR
7196,Guilherme Alves Fernandes,guilherme.alves.fernandes7196@email.com,Masculino,BR
7197,Aline Macedo Fernandes,aline.macedo.fernandes7197@email.com,Feminino,BR
7198,Leonardo Dias Martins,leonardo.dias.martins7198@email.com,Masculino,BR
7199,Renata Guimaraes Morais,renata.guimaraes.morais7199@email.com,Feminino,BR
7200,Fernando Macedo Fonseca,fernando.macedo.fonseca7200@email.com,Masculino,BR
7201,Patricia Pinheiro Carvalho,patricia.pinheiro.carvalho7201@email.com,Feminino,BR
7202,Antonio Pires Macedo,antonio.pires.macedo7202@email.com,Masculino,BR
7203,Bruna Rodrigues Cardoso,bruna.rodrigues.cardoso7203@email.com,Feminino,BR
7204,Fabio Gomes Oliveira,fabio.gomes.oliveira7204@email.com,Masculino,BR
7205,Juliana Lopes Gomes,juliana.lopes.gomes7205@email.com,Feminino,BR
7206,João Duarte Freitas,joão.duarte.freitas7206@email.com,Masculino,BR
7207,Ana Siqueira Campos,ana.siqueira.campos7207@email.com,Feminino,BR
7208,Igor Cunha Pinheiro,igor.cunha.pinheiro7208@email.com,Masculino,BR
7209,Maria Cardoso Azevedo,maria.cardoso.azevedo7209@email.com,Feminino,BR
7210,Bruno Souza Reis,bruno.souza.reis7210@email.com,Masculino,BR
7211,Amanda Tavares Moura,amanda.tavares.moura7211@email.com,Feminino,BR
7212,Rafael Macedo Lima,rafael.macedo.lima7212@email.com,Masculino,BR
7213,Rosana Souza Machado,rosana.souza.machado7213@email.com,Feminino,BR
7214,Antonio Pires Pires,antonio.pires.pires7214@email.com,Masculino,BR
7215,Monica Lima Guimaraes,monica.lima.guimaraes7215@email.com,Feminino,BR
7216,Carlos Xavier Reis,carlos.xavier.reis7216@email.com,Masculino,BR
7217,Simone Araujo Monteiro,simone.araujo.monteiro7217@email.com,Feminino,BR
7218,Marcelo Torres Ramos,marcelo.torres.ramos7218@email.com,Masculino,BR
7219,Leticia Oliveira Melo,leticia.oliveira.melo7219@email.com,Feminino,BR
7220,Lucas Costa Monteiro,lucas.costa.monteiro7220@email.com,Masculino,BR
7221,Beatriz Nascimento Mendes,beatriz.nascimento.mendes7221@email.com,Feminino,BR
7222,Alexandre Rocha Nunes,alexandre.rocha.nunes7222@email.com,Masculino,BR
7223,Monica Melo Cunha,monica.melo.cunha7223@email.com,Feminino,BR
7224,Ricardo Moura Campos,ricardo.moura.campos7224@email.com,Masculino,BR
7225,Patricia Rezende Monteiro,patricia.rezende.monteiro7225@email.com,Feminino,BR
7226,Leandro Cunha Santos,leandro.cunha.santos7226@email.com,Masculino,BR
7227,Ana Barbosa Cardoso,ana.barbosa.cardoso7227@email.com,Feminino,BR
7228,Daniel Correia Ferreira,daniel.correia.ferreira7228@email.com,Masculino,BR
7229,Beatriz Moura Tavares,beatriz.moura.tavares7229@email.com,Feminino,BR
7230,Wagner Melo Alves,wagner.melo.alves7230@email.com,Masculino,BR
7231,Carla Lima Alves,carla.lima.alves7231@email.com,Feminino,BR
7232,Henrique Macedo Teixeira,henrique.macedo.teixeira7232@email.com,Masculino,BR
7233,Simone Lima Ribeiro,simone.lima.ribeiro7233@email.com,Feminino,BR
7234,Sergio Dias Fonseca,sergio.dias.fonseca7234@email.com,Masculino,BR
7235,Camila Carvalho Costa,camila.carvalho.costa7235@email.com,Feminino,BR
7236,Vinicius Monteiro Reis,vinicius.monteiro.reis7236@email.com,Masculino,BR
7237,Tatiane Coelho Castro,tatiane.coelho.castro7237@email.com,Feminino,BR
7238,Bruno Fernandes Correia,bruno.fernandes.correia7238@email.com,Masculino,BR
7239,Tatiane Duarte Nascimento,tatiane.duarte.nascimento7239@email.com,Feminino,BR
7240,Marcelo Monteiro Pires,marcelo.monteiro.pires7240@email.com,Masculino,BR
7241,Raquel Alves Moreira,raquel.alves.moreira7241@email.com,Feminino,BR
7242,Carlos Monteiro Cunha,carlos.monteiro.cunha7242@email.com,Masculino,BR
7243,Camila Siqueira Teixeira,camila.siqueira.teixeira7243@email.com,Feminino,BR
7244,Vinicius Pinheiro Costa,vinicius.pinheiro.costa7244@email.com,Masculino,BR
7245,Beatriz Pereira Alves,beatriz.pereira.alves7245@email.com,Feminino,BR
7246,Mauricio Silva Alves,mauricio.silva.alves7246@email.com,Masculino,BR
7247,Thais Oliveira Machado,thais.oliveira.machado7247@email.com,Feminino,BR
7248,Fabio Moreira Castro,fabio.moreira.castro7248@email.com,Masculino,BR
7249,Amanda Mendes Martins,amanda.mendes.martins7249@email.com,Feminino,BR
7250,Mauricio Pires Xavier,mauricio.pires.xavier7250@email.com,Masculino,BR
7251,Priscila Ferreira Teixeira,priscila.ferreira.teixeira7251@email.com,Feminino,BR
7252,Thiago Ribeiro Vasconcelos,thiago.ribeiro.vasconcelos7252@email.com,Masculino,BR
7253,Eliane Nascimento Alves,eliane.nascimento.alves7253@email.com,Feminino,BR
7254,Pedro Machado Dias,pedro.machado.dias7254@email.com,Masculino,BR
7255,Beatriz Martins Pinheiro,beatriz.martins.pinheiro7255@email.com,Feminino,BR
7256,Jose Araujo Cunha,jose.araujo.cunha7256@email.com,Masculino,BR
7257,Maria Brito Moura,maria.brito.moura7257@email.com,Feminino,BR
7258,Vinicius Duarte Xavier,vinicius.duarte.xavier7258@email.com,Masculino,BR
7259,Renata Rezende Pires,renata.rezende.pires7259@email.com,Feminino,BR
7260,Gustavo Costa Ramos,gustavo.costa.ramos7260@email.com,Masculino,BR
7261,Tatiana Guimaraes Siqueira,tatiana.guimaraes.siqueira7261@email.com,Feminino,BR
7262,Alexandre Gomes Torres,alexandre.gomes.torres7262@email.com,Masculino,BR
7263,Fabiana Barbosa Freitas,fabiana.barbosa.freitas7263@email.com,Feminino,BR
7264,Gabriel Moreira Fonseca,gabriel.moreira.fonseca7264@email.com,Masculino,BR
7265,Bianca Fonseca Barbosa,bianca.fonseca.barbosa7265@email.com,Feminino,BR
7266,Vinicius Araujo Guimaraes,vinicius.araujo.guimaraes7266@email.com,Masculino,BR
7267,Larissa Correia Cunha,larissa.correia.cunha7267@email.com,Feminino,BR
7268,Henrique Vasconcelos Tavares,henrique.vasconcelos.tavares7268@email.com,Masculino,BR
7269,Pamela Silva Lima,pamela.silva.lima7269@email.com,Feminino,BR
7270,Leonardo Fonseca Gomes,leonardo.fonseca.gomes7270@email.com,Masculino,BR
7271,Adriana Nascimento Souza,adriana.nascimento.souza7271@email.com,Feminino,BR
7272,Sergio Ribeiro Torres,sergio.ribeiro.torres7272@email.com,Masculino,BR
7273,Rosana Lima Siqueira,rosana.lima.siqueira7273@email.com,Feminino,BR
7274,Gustavo Souza Correia,gustavo.souza.correia7274@email.com,Masculino,BR
7275,Juliana Carvalho Araujo,juliana.carvalho.araujo7275@email.com,Feminino,BR
7276,Carlos Matos Pereira,carlos.matos.pereira7276@email.com,Masculino,BR
7277,Carolina Souza Dias,carolina.souza.dias7277@email.com,Feminino,BR
7278,Vinicius Lima Duarte,vinicius.lima.duarte7278@email.com,Masculino,BR
7279,Maria Vasconcelos Dias,maria.vasconcelos.dias7279@email.com,Feminino,BR
7280,Felipe Reis Nascimento,felipe.reis.nascimento7280@email.com,Masculino,BR
7281,Maria Cunha Alves,maria.cunha.alves7281@email.com,Feminino,BR
7282,Igor Dias Lopes,igor.dias.lopes7282@email.com,Masculino,BR
7283,Isabela Rocha Matos,isabela.rocha.matos7283@email.com,Feminino,BR
7284,Felipe Campos Cardoso,felipe.campos.cardoso7284@email.com,Masculino,BR
7285,Bianca Rodrigues Siqueira,bianca.rodrigues.siqueira7285@email.com,Feminino,BR
7286,Francisco Brito Nunes,francisco.brito.nunes7286@email.com,Masculino,BR
7287,Jessica Siqueira Gomes,jessica.siqueira.gomes7287@email.com,Feminino,BR
7288,Rafael Dias Rodrigues,rafael.dias.rodrigues7288@email.com,Masculino,BR
7289,Sandra Gomes Siqueira,sandra.gomes.siqueira7289@email.com,Feminino,BR
7290,Gustavo Rezende Rezende,gustavo.rezende.rezende7290@email.com,Masculino,BR
7291,Sabrina Ramos Costa,sabrina.ramos.costa7291@email.com,Feminino,BR
7292,Henrique Silva Ramos,henrique.silva.ramos7292@email.com,Masculino,BR
7293,Bruna Martins Costa,bruna.martins.costa7293@email.com,Feminino,BR
7294,Roberto Pinheiro Azevedo,roberto.pinheiro.azevedo7294@email.com,Masculino,BR
7295,Fabiana Barbosa Dias,fabiana.barbosa.dias7295@email.com,Feminino,BR
7296,Matheus Lima Barbosa,matheus.lima.barbosa7296@email.com,Masculino,BR
7297,Isabela Barbosa Nunes,isabela.barbosa.nunes7297@email.com,Feminino,BR
7298,Daniel Ramos Macedo,daniel.ramos.macedo7298@email.com,Masculino,BR
7299,Maria Machado Xavier,maria.machado.xavier7299@email.com,Feminino,BR
7300,Francisco Pereira Fonseca,francisco.pereira.fonseca7300@email.com,Masculino,BR
7301,Bruna Freitas Monteiro,bruna.freitas.monteiro7301@email.com,Feminino,BR
7302,Eduardo Lopes Gomes,eduardo.lopes.gomes7302@email.com,Masculino,BR
7303,Sabrina Reis Machado,sabrina.reis.machado7303@email.com,Feminino,BR
7304,Alexandre Nunes Martins,alexandre.nunes.martins7304@email.com,Masculino,BR
7305,Thais Carvalho Lopes,thais.carvalho.lopes7305@email.com,Feminino,BR
7306,Gabriel Santos Macedo,gabriel.santos.macedo7306@email.com,Masculino,BR
7307,Priscila Vasconcelos Rezende,priscila.vasconcelos.rezende7307@email.com,Feminino,BR
7308,Alexandre Carvalho Pires,alexandre.carvalho.pires7308@email.com,Masculino,BR
7309,Aline Vasconcelos Rocha,aline.vasconcelos.rocha7309@email.com,Feminino,BR
7310,Felipe Nunes Matos,felipe.nunes.matos7310@email.com,Masculino,BR
7311,Carla Moura Mendes,carla.moura.mendes7311@email.com,Feminino,BR
7312,Lucas Nunes Siqueira,lucas.nunes.siqueira7312@email.com,Masculino,BR
7313,Fabiana Fernandes Monteiro,fabiana.fernandes.monteiro7313@email.com,Feminino,BR
7314,Leonardo Santos Pereira,leonardo.santos.pereira7314@email.com,Masculino,BR
7315,Eliane Alves Araujo,eliane.alves.araujo7315@email.com,Feminino,BR
7316,Rodrigo Mendes Fernandes,rodrigo.mendes.fernandes7316@email.com,Masculino,BR
7317,Priscila Coelho Siqueira,priscila.coelho.siqueira7317@email.com,Feminino,BR
7318,Rafael Melo Guimaraes,rafael.melo.guimaraes7318@email.com,Masculino,BR
7319,Eliane Fernandes Moura,eliane.fernandes.moura7319@email.com,Feminino,BR
7320,Daniel Morais Rezende,daniel.morais.rezende7320@email.com,Masculino,BR
7321,Fabiana Silva Rocha,fabiana.silva.rocha7321@email.com,Feminino,BR
7322,Pedro Cardoso Macedo,pedro.cardoso.macedo7322@email.com,Masculino,BR
7323,Tatiane Cunha Duarte,tatiane.cunha.duarte7323@email.com,Feminino,BR
7324,Igor Silva Machado,igor.silva.machado7324@email.com,Masculino,BR
7325,Renata Ribeiro Alves,renata.ribeiro.alves7325@email.com,Feminino,BR
7326,Leandro Matos Coelho,leandro.matos.coelho7326@email.com,Masculino,BR
7327,Luciana Mendes Nascimento,luciana.mendes.nascimento7327@email.com,Feminino,BR
7328,Vinicius Fonseca Gomes,vinicius.fonseca.gomes7328@email.com,Masculino,BR
7329,Carolina Siqueira Reis,carolina.siqueira.reis7329@email.com,Feminino,BR
7330,Wagner Duarte Duarte,wagner.duarte.duarte7330@email.com,Masculino,BR
7331,Sandra Alves Rodrigues,sandra.alves.rodrigues7331@email.com,Feminino,BR
7332,Fernando Guimaraes Gomes,fernando.guimaraes.gomes7332@email.com,Masculino,BR
7333,Priscila Cardoso Oliveira,priscila.cardoso.oliveira7333@email.com,Feminino,BR
7334,Igor Freitas Machado,igor.freitas.machado7334@email.com,Masculino,BR
7335,Priscila Castro Teixeira,priscila.castro.teixeira7335@email.com,Feminino,BR
7336,Antonio Carvalho Ramos,antonio.carvalho.ramos7336@email.com,Masculino,BR
7337,Tatiane Santos Nascimento,tatiane.santos.nascimento7337@email.com,Feminino,BR
7338,Ricardo Alves Duarte,ricardo.alves.duarte7338@email.com,Masculino,BR
7339,Beatriz Carvalho Cunha,beatriz.carvalho.cunha7339@email.com,Feminino,BR
7340,Carlos Dias Azevedo,carlos.dias.azevedo7340@email.com,Masculino,BR
7341,Bianca Castro Pinheiro,bianca.castro.pinheiro7341@email.com,Feminino,BR
7342,Ricardo Alves Brito,ricardo.alves.brito7342@email.com,Masculino,BR
7343,Tatiane Lopes Correia,tatiane.lopes.correia7343@email.com,Feminino,BR
7344,Gabriel Carvalho Pinheiro,gabriel.carvalho.pinheiro7344@email.com,Masculino,BR
7345,Tatiana Dias Campos,tatiana.dias.campos7345@email.com,Feminino,BR
7346,Lucas Oliveira Mendes,lucas.oliveira.mendes7346@email.com,Masculino,BR
7347,Maria Fonseca Cunha,maria.fonseca.cunha7347@email.com,Feminino,BR
7348,Felipe Nunes Vasconcelos,felipe.nunes.vasconcelos7348@email.com,Masculino,BR
7349,Rosana Lopes Dias,rosana.lopes.dias7349@email.com,Feminino,BR
7350,Bruno Teixeira Araujo,bruno.teixeira.araujo7350@email.com,Masculino,BR
7351,Andrea Lima Ferreira,andrea.lima.ferreira7351@email.com,Feminino,BR
7352,Henrique Xavier Tavares,henrique.xavier.tavares7352@email.com,Masculino,BR
7353,Gisele Pinheiro Morais,gisele.pinheiro.morais7353@email.com,Feminino,BR
7354,Gustavo Oliveira Machado,gustavo.oliveira.machado7354@email.com,Masculino,BR
7355,Sabrina Castro Martins,sabrina.castro.martins7355@email.com,Feminino,BR
7356,João Reis Rezende,joão.reis.rezende7356@email.com,Masculino,BR
7357,Tatiana Xavier Cunha,tatiana.xavier.cunha7357@email.com,Feminino,BR
7358,Igor Alves Ferreira,igor.alves.ferreira7358@email.com,Masculino,BR
7359,Aline Fonseca Carvalho,aline.fonseca.carvalho7359@email.com,Feminino,BR
7360,Sergio Nunes Silva,sergio.nunes.silva7360@email.com,Masculino,BR
7361,Luciana Nascimento Freitas,luciana.nascimento.freitas7361@email.com,Feminino,BR
7362,Paulo Coelho Lopes,paulo.coelho.lopes7362@email.com,Masculino,BR
7363,Tatiane Nascimento Martins,tatiane.nascimento.martins7363@email.com,Feminino,BR
7364,Pedro Pinheiro Alves,pedro.pinheiro.alves7364@email.com,Masculino,BR
7365,Eliane Santos Siqueira,eliane.santos.siqueira7365@email.com,Feminino,BR
7366,Vinicius Gomes Ribeiro,vinicius.gomes.ribeiro7366@email.com,Masculino,BR
7367,Mariana Carvalho Pinheiro,mariana.carvalho.pinheiro7367@email.com,Feminino,BR
7368,Carlos Matos Ribeiro,carlos.matos.ribeiro7368@email.com,Masculino,BR
7369,Renata Torres Dias,renata.torres.dias7369@email.com,Feminino,BR
7370,André Souza Barbosa,andré.souza.barbosa7370@email.com,Masculino,BR
7371,Bruna Costa Siqueira,bruna.costa.siqueira7371@email.com,Feminino,BR
7372,Renato Carvalho Guimaraes,renato.carvalho.guimaraes7372@email.com,Masculino,BR
7373,Beatriz Oliveira Lima,beatriz.oliveira.lima7373@email.com,Feminino,BR
7374,Marcos Campos Morais,marcos.campos.morais7374@email.com,Masculino,BR
7375,Raquel Reis Brito,raquel.reis.brito7375@email.com,Feminino,BR
7376,Guilherme Rocha Nascimento,guilherme.rocha.nascimento7376@email.com,Masculino,BR
7377,Patricia Reis Martins,patricia.reis.martins7377@email.com,Feminino,BR
7378,Fernando Rodrigues Silva,fernando.rodrigues.silva7378@email.com,Masculino,BR
7379,Mariana Campos Oliveira,mariana.campos.oliveira7379@email.com,Feminino,BR
7380,Marcelo Ribeiro Brito,marcelo.ribeiro.brito7380@email.com,Masculino,BR
7381,Bianca Alves Ferreira,bianca.alves.ferreira7381@email.com,Feminino,BR
7382,Thiago Dias Pereira,thiago.dias.pereira7382@email.com,Masculino,BR
7383,Isabela Cunha Alves,isabela.cunha.alves7383@email.com,Feminino,BR
7384,Guilherme Carvalho Nascimento,guilherme.carvalho.nascimento7384@email.com,Masculino,BR
7385,Mariana Nunes Correia,mariana.nunes.correia7385@email.com,Feminino,BR
7386,Francisco Correia Pires,francisco.correia.pires7386@email.com,Masculino,BR
7387,Fabiana Fonseca Fonseca,fabiana.fonseca.fonseca7387@email.com,Feminino,BR
7388,Igor Lopes Martins,igor.lopes.martins7388@email.com,Masculino,BR
7389,Claudia Castro Siqueira,claudia.castro.siqueira7389@email.com,Feminino,BR
7390,Sergio Dias Lopes,sergio.dias.lopes7390@email.com,Masculino,BR
7391,Luciana Ribeiro Guimaraes,luciana.ribeiro.guimaraes7391@email.com,Feminino,BR
7392,Renato Nunes Cardoso,renato.nunes.cardoso7392@email.com,Masculino,BR
7393,Adriana Tavares Dias,adriana.tavares.dias7393@email.com,Feminino,BR
7394,Pedro Gomes Moreira,pedro.gomes.moreira7394@email.com,Masculino,BR
7395,Leticia Rodrigues Macedo,leticia.rodrigues.macedo7395@email.com,Feminino,BR
7396,Marcelo Azevedo Ferreira,marcelo.azevedo.ferreira7396@email.com,Masculino,BR
7397,Rosana Lima Xavier,rosana.lima.xavier7397@email.com,Feminino,BR
7398,Gabriel Costa Carvalho,gabriel.costa.carvalho7398@email.com,Masculino,BR
7399,Gisele Melo Lima,gisele.melo.lima7399@email.com,Feminino,BR
7400,Rafael Machado Moreira,rafael.machado.moreira7400@email.com,Masculino,BR
7401,Rosana Correia Pinheiro,rosana.correia.pinheiro7401@email.com,Feminino,BR
7402,Gabriel Costa Moura,gabriel.costa.moura7402@email.com,Masculino,BR
7403,Vanessa Castro Carvalho,vanessa.castro.carvalho7403@email.com,Feminino,BR
7404,Gabriel Araujo Costa,gabriel.araujo.costa7404@email.com,Masculino,BR
7405,Aline Melo Tavares,aline.melo.tavares7405@email.com,Feminino,BR
7406,Marcelo Pereira Araujo,marcelo.pereira.araujo7406@email.com,Masculino,BR
7407,Gisele Pires Ferreira,gisele.pires.ferreira7407@email.com,Feminino,BR
7408,Igor Moura Castro,igor.moura.castro7408@email.com,Masculino,BR
7409,Camila Mendes Mendes,camila.mendes.mendes7409@email.com,Feminino,BR
7410,Igor Pires Souza,igor.pires.souza7410@email.com,Masculino,BR
7411,Vanessa Oliveira Ramos,vanessa.oliveira.ramos7411@email.com,Feminino,BR
7412,Antonio Melo Reis,antonio.melo.reis7412@email.com,Masculino,BR
7413,Tatiana Souza Fernandes,tatiana.souza.fernandes7413@email.com,Feminino,BR
7414,Eduardo Nascimento Morais,eduardo.nascimento.morais7414@email.com,Masculino,BR
7415,Camila Moura Rocha,camila.moura.rocha7415@email.com,Feminino,BR
7416,Cesar Lopes Pereira,cesar.lopes.pereira7416@email.com,Masculino,BR
7417,Luciana Matos Morais,luciana.matos.morais7417@email.com,Feminino,BR
7418,Marcelo Ferreira Pinheiro,marcelo.ferreira.pinheiro7418@email.com,Masculino,BR
7419,Simone Azevedo Martins,simone.azevedo.martins7419@email.com,Feminino,BR
7420,Vinicius Melo Teixeira,vinicius.melo.teixeira7420@email.com,Masculino,BR
7421,Ana Oliveira Coelho,ana.oliveira.coelho7421@email.com,Feminino,BR
7422,João Macedo Santos,joão.macedo.santos7422@email.com,Masculino,BR
7423,Ana Fernandes Matos,ana.fernandes.matos7423@email.com,Feminino,BR
7424,Pedro Ferreira Cardoso,pedro.ferreira.cardoso7424@email.com,Masculino,BR
7425,Mariana Coelho Pinheiro,mariana.coelho.pinheiro7425@email.com,Feminino,BR
7426,Mauricio Ferreira Ferreira,mauricio.ferreira.ferreira7426@email.com,Masculino,BR
7427,Renata Machado Fernandes,renata.machado.fernandes7427@email.com,Feminino,BR
7428,Lucas Lopes Xavier,lucas.lopes.xavier7428@email.com,Masculino,BR
7429,Gisele Vasconcelos Campos,gisele.vasconcelos.campos7429@email.com,Feminino,BR
7430,Roberto Xavier Morais,roberto.xavier.morais7430@email.com,Masculino,BR
7431,Claudia Santos Matos,claudia.santos.matos7431@email.com,Feminino,BR
7432,Rafael Freitas Cardoso,rafael.freitas.cardoso7432@email.com,Masculino,BR
7433,Daniela Brito Lima,daniela.brito.lima7433@email.com,Feminino,BR
7434,Jose Vasconcelos Barbosa,jose.vasconcelos.barbosa7434@email.com,Masculino,BR
7435,Leticia Mendes Martins,leticia.mendes.martins7435@email.com,Feminino,BR
7436,Bruno Castro Torres,bruno.castro.torres7436@email.com,Masculino,BR
7437,Isabela Tavares Siqueira,isabela.tavares.siqueira7437@email.com,Feminino,BR
7438,Sergio Castro Machado,sergio.castro.machado7438@email.com,Masculino,BR
7439,Leticia Rezende Moura,leticia.rezende.moura7439@email.com,Feminino,BR
7440,Ricardo Rocha Ribeiro,ricardo.rocha.ribeiro7440@email.com,Masculino,BR
7441,Leticia Barros Guimaraes,leticia.barros.guimaraes7441@email.com,Feminino,BR
7442,Carlos Cardoso Rodrigues,carlos.cardoso.rodrigues7442@email.com,Masculino,BR
7443,Thais Oliveira Barros,thais.oliveira.barros7443@email.com,Feminino,BR
7444,Guilherme Azevedo Santos,guilherme.azevedo.santos7444@email.com,Masculino,BR
7445,Juliana Tavares Costa,juliana.tavares.costa7445@email.com,Feminino,BR
7446,João Siqueira Mendes,joão.siqueira.mendes7446@email.com,Masculino,BR
7447,Priscila Rodrigues Freitas,priscila.rodrigues.freitas7447@email.com,Feminino,BR
7448,Igor Ferreira Campos,igor.ferreira.campos7448@email.com,Masculino,BR
7449,Fabiana Nunes Moura,fabiana.nunes.moura7449@email.com,Feminino,BR
7450,Rafael Moreira Rodrigues,rafael.moreira.rodrigues7450@email.com,Masculino,BR
7451,Eliane Lima Araujo,eliane.lima.araujo7451@email.com,Feminino,BR
7452,Matheus Rocha Fernandes,matheus.rocha.fernandes7452@email.com,Masculino,BR
7453,Sabrina Barros Carvalho,sabrina.barros.carvalho7453@email.com,Feminino,BR
7454,Diego Campos Siqueira,diego.campos.siqueira7454@email.com,Masculino,BR
7455,Fernanda Campos Monteiro,fernanda.campos.monteiro7455@email.com,Feminino,BR
7456,Thiago Xavier Duarte,thiago.xavier.duarte7456@email.com,Masculino,BR
7457,Daniela Matos Oliveira,daniela.matos.oliveira7457@email.com,Feminino,BR
7458,Rafael Correia Oliveira,rafael.correia.oliveira7458@email.com,Masculino,BR
7459,Thais Costa Cunha,thais.costa.cunha7459@email.com,Feminino,BR
7460,Marcos Araujo Cunha,marcos.araujo.cunha7460@email.com,Masculino,BR
7461,Claudia Melo Guimaraes,claudia.melo.guimaraes7461@email.com,Feminino,BR
7462,Rafael Azevedo Guimaraes,rafael.azevedo.guimaraes7462@email.com,Masculino,BR
7463,Sandra Xavier Santos,sandra.xavier.santos7463@email.com,Feminino,BR
7464,Cesar Macedo Morais,cesar.macedo.morais7464@email.com,Masculino,BR
7465,Fabiana Ribeiro Souza,fabiana.ribeiro.souza7465@email.com,Feminino,BR
7466,Ricardo Costa Nunes,ricardo.costa.nunes7466@email.com,Masculino,BR
7467,Fernanda Lima Moreira,fernanda.lima.moreira7467@email.com,Feminino,BR
7468,Henrique Reis Moura,henrique.reis.moura7468@email.com,Masculino,BR
7469,Larissa Pires Moura,larissa.pires.moura7469@email.com,Feminino,BR
7470,João Mendes Morais,joão.mendes.morais7470@email.com,Masculino,BR
7471,Adriana Melo Vasconcelos,adriana.melo.vasconcelos7471@email.com,Feminino,BR
7472,Daniel Pires Machado,daniel.pires.machado7472@email.com,Masculino,BR
7473,Pamela Araujo Moura,pamela.araujo.moura7473@email.com,Feminino,BR
7474,André Rodrigues Correia,andré.rodrigues.correia7474@email.com,Masculino,BR
7475,Renata Moura Vasconcelos,renata.moura.vasconcelos7475@email.com,Feminino,BR
7476,Ricardo Moreira Nunes,ricardo.moreira.nunes7476@email.com,Masculino,BR
7477,Priscila Rocha Brito,priscila.rocha.brito7477@email.com,Feminino,BR
7478,Ricardo Rocha Nascimento,ricardo.rocha.nascimento7478@email.com,Masculino,BR
7479,Carolina Guimaraes Brito,carolina.guimaraes.brito7479@email.com,Feminino,BR
7480,Rodrigo Matos Martins,rodrigo.matos.martins7480@email.com,Masculino,BR
7481,Fabiana Duarte Vasconcelos,fabiana.duarte.vasconcelos7481@email.com,Feminino,BR
7482,Leandro Cunha Monteiro,leandro.cunha.monteiro7482@email.com,Masculino,BR
7483,Mariana Santos Araujo,mariana.santos.araujo7483@email.com,Feminino,BR
7484,Matheus Coelho Correia,matheus.coelho.correia7484@email.com,Masculino,BR
7485,Beatriz Campos Matos,beatriz.campos.matos7485@email.com,Feminino,BR
7486,Francisco Ramos Dias,francisco.ramos.dias7486@email.com,Masculino,BR
7487,Amanda Monteiro Macedo,amanda.monteiro.macedo7487@email.com,Feminino,BR
7488,Henrique Ferreira Azevedo,henrique.ferreira.azevedo7488@email.com,Masculino,BR
7489,Juliana Torres Rodrigues,juliana.torres.rodrigues7489@email.com,Feminino,BR
7490,Rodrigo Morais Rodrigues,rodrigo.morais.rodrigues7490@email.com,Masculino,BR
7491,Mariana Freitas Coelho,mariana.freitas.coelho7491@email.com,Feminino,BR
7492,Fabio Coelho Barbosa,fabio.coelho.barbosa7492@email.com,Masculino,BR
7493,Juliana Ribeiro Moreira,juliana.ribeiro.moreira7493@email.com,Feminino,BR
7494,Eduardo Matos Brito,eduardo.matos.brito7494@email.com,Masculino,BR
7495,Carla Teixeira Castro,carla.teixeira.castro7495@email.com,Feminino,BR
7496,Daniel Barbosa Gomes,daniel.barbosa.gomes7496@email.com,Masculino,BR
7497,Ana Siqueira Ferreira,ana.siqueira.ferreira7497@email.com,Feminino,BR
7498,Fernando Rodrigues Monteiro,fernando.rodrigues.monteiro7498@email.com,Masculino,BR
7499,Bianca Xavier Nunes,bianca.xavier.nunes7499@email.com,Feminino,BR
7500,Rodrigo Barros Duarte,rodrigo.barros.duarte7500@email.com,Masculino,BR
7501,Fabiana Barros Santos,fabiana.barros.santos7501@email.com,Feminino,BR
7502,Eduardo Matos Alves,eduardo.matos.alves7502@email.com,Masculino,BR
7503,Carla Araujo Pires,carla.araujo.pires7503@email.com,Feminino,BR
7504,Jose Moura Ribeiro,jose.moura.ribeiro7504@email.com,Masculino,BR
7505,Sabrina Teixeira Matos,sabrina.teixeira.matos7505@email.com,Feminino,BR
7506,Gabriel Azevedo Guimaraes,gabriel.azevedo.guimaraes7506@email.com,Masculino,BR
7507,Fernanda Brito Nascimento,fernanda.brito.nascimento7507@email.com,Feminino,BR
7508,Igor Oliveira Barbosa,igor.oliveira.barbosa7508@email.com,Masculino,BR
7509,Fernanda Melo Barbosa,fernanda.melo.barbosa7509@email.com,Feminino,BR
7510,Gustavo Dias Dias,gustavo.dias.dias7510@email.com,Masculino,BR
7511,Tatiana Coelho Torres,tatiana.coelho.torres7511@email.com,Feminino,BR
7512,Paulo Gomes Reis,paulo.gomes.reis7512@email.com,Masculino,BR
7513,Fabiana Mendes Fonseca,fabiana.mendes.fonseca7513@email.com,Feminino,BR
7514,Diego Correia Lima,diego.correia.lima7514@email.com,Masculino,BR
7515,Carolina Matos Carvalho,carolina.matos.carvalho7515@email.com,Feminino,BR
7516,Rafael Fernandes Alves,rafael.fernandes.alves7516@email.com,Masculino,BR
7517,Camila Alves Correia,camila.alves.correia7517@email.com,Feminino,BR
7518,Wagner Azevedo Moura,wagner.azevedo.moura7518@email.com,Masculino,BR
7519,Bruna Matos Xavier,bruna.matos.xavier7519@email.com,Feminino,BR
7520,Felipe Castro Costa,felipe.castro.costa7520@email.com,Masculino,BR
7521,Claudia Gomes Araujo,claudia.gomes.araujo7521@email.com,Feminino,BR
7522,Mauricio Ferreira Morais,mauricio.ferreira.morais7522@email.com,Masculino,BR
7523,Renata Rezende Dias,renata.rezende.dias7523@email.com,Feminino,BR
7524,Gabriel Moreira Vasconcelos,gabriel.moreira.vasconcelos7524@email.com,Masculino,BR
7525,Simone Carvalho Oliveira,simone.carvalho.oliveira7525@email.com,Feminino,BR
7526,Matheus Melo Oliveira,matheus.melo.oliveira7526@email.com,Masculino,BR
7527,Patricia Ferreira Coelho,patricia.ferreira.coelho7527@email.com,Feminino,BR
7528,Cesar Coelho Barros,cesar.coelho.barros7528@email.com,Masculino,BR
7529,Pamela Coelho Cardoso,pamela.coelho.cardoso7529@email.com,Feminino,BR
7530,Alexandre Alves Azevedo,alexandre.alves.azevedo7530@email.com,Masculino,BR
7531,Aline Melo Cunha,aline.melo.cunha7531@email.com,Feminino,BR
7532,Rafael Matos Moura,rafael.matos.moura7532@email.com,Masculino,BR
7533,Maria Silva Ribeiro,maria.silva.ribeiro7533@email.com,Feminino,BR
7534,Marcos Torres Santos,marcos.torres.santos7534@email.com,Masculino,BR
7535,Ana Fonseca Alves,ana.fonseca.alves7535@email.com,Feminino,BR
7536,Igor Macedo Cunha,igor.macedo.cunha7536@email.com,Masculino,BR
7537,Larissa Pires Souza,larissa.pires.souza7537@email.com,Feminino,BR
7538,Wagner Moura Silva,wagner.moura.silva7538@email.com,Masculino,BR
7539,Priscila Nascimento Rodrigues,priscila.nascimento.rodrigues7539@email.com,Feminino,BR
7540,Igor Machado Morais,igor.machado.morais7540@email.com,Masculino,BR
7541,Pamela Mendes Matos,pamela.mendes.matos7541@email.com,Feminino,BR
7542,Rodrigo Torres Tavares,rodrigo.torres.tavares7542@email.com,Masculino,BR
7543,Larissa Matos Cunha,larissa.matos.cunha7543@email.com,Feminino,BR
7544,João Guimaraes Brito,joão.guimaraes.brito7544@email.com,Masculino,BR
7545,Tatiana Moreira Campos,tatiana.moreira.campos7545@email.com,Feminino,BR
7546,Cesar Xavier Freitas,cesar.xavier.freitas7546@email.com,Masculino,BR
7547,Beatriz Costa Pereira,beatriz.costa.pereira7547@email.com,Feminino,BR
7548,Leandro Tavares Pereira,leandro.tavares.pereira7548@email.com,Masculino,BR
7549,Larissa Moura Morais,larissa.moura.morais7549@email.com,Feminino,BR
7550,Sergio Barbosa Alves,sergio.barbosa.alves7550@email.com,Masculino,BR
7551,Gisele Barbosa Carvalho,gisele.barbosa.carvalho7551@email.com,Feminino,BR
7552,Eduardo Moreira Moura,eduardo.moreira.moura7552@email.com,Masculino,BR
7553,Thais Teixeira Reis,thais.teixeira.reis7553@email.com,Feminino,BR
7554,Pedro Fonseca Souza,pedro.fonseca.souza7554@email.com,Masculino,BR
7555,Bianca Gomes Martins,bianca.gomes.martins7555@email.com,Feminino,BR
7556,Thiago Dias Tavares,thiago.dias.tavares7556@email.com,Masculino,BR
7557,Claudia Barros Rocha,claudia.barros.rocha7557@email.com,Feminino,BR
7558,Ricardo Araujo Lopes,ricardo.araujo.lopes7558@email.com,Masculino,BR
7559,Sabrina Teixeira Teixeira,sabrina.teixeira.teixeira7559@email.com,Feminino,BR
7560,Matheus Pereira Ferreira,matheus.pereira.ferreira7560@email.com,Masculino,BR
7561,Adriana Oliveira Nascimento,adriana.oliveira.nascimento7561@email.com,Feminino,BR
7562,Rodrigo Souza Moura,rodrigo.souza.moura7562@email.com,Masculino,BR
7563,Gisele Cunha Pinheiro,gisele.cunha.pinheiro7563@email.com,Feminino,BR
7564,Carlos Reis Campos,carlos.reis.campos7564@email.com,Masculino,BR
7565,Ana Macedo Xavier,ana.macedo.xavier7565@email.com,Feminino,BR
7566,Igor Araujo Rezende,igor.araujo.rezende7566@email.com,Masculino,BR
7567,Carolina Ramos Ramos,carolina.ramos.ramos7567@email.com,Feminino,BR
7568,Carlos Moura Nascimento,carlos.moura.nascimento7568@email.com,Masculino,BR
7569,Amanda Lima Pinheiro,amanda.lima.pinheiro7569@email.com,Feminino,BR
7570,Gabriel Ramos Macedo,gabriel.ramos.macedo7570@email.com,Masculino,BR
7571,Ana Oliveira Gomes,ana.oliveira.gomes7571@email.com,Feminino,BR
7572,Roberto Moura Dias,roberto.moura.dias7572@email.com,Masculino,BR
7573,Carla Rodrigues Moreira,carla.rodrigues.moreira7573@email.com,Feminino,BR
7574,Wagner Ferreira Torres,wagner.ferreira.torres7574@email.com,Masculino,BR
7575,Ana Rodrigues Rocha,ana.rodrigues.rocha7575@email.com,Feminino,BR
7576,Caio Pereira Cardoso,caio.pereira.cardoso7576@email.com,Masculino,BR
7577,Tatiana Alves Ribeiro,tatiana.alves.ribeiro7577@email.com,Feminino,BR
7578,Marcos Mendes Teixeira,marcos.mendes.teixeira7578@email.com,Masculino,BR
7579,Sandra Costa Torres,sandra.costa.torres7579@email.com,Feminino,BR
7580,Guilherme Barros Pires,guilherme.barros.pires7580@email.com,Masculino,BR
7581,Vanessa Ramos Duarte,vanessa.ramos.duarte7581@email.com,Feminino,BR
7582,Lucas Rezende Morais,lucas.rezende.morais7582@email.com,Masculino,BR
7583,Pamela Ramos Coelho,pamela.ramos.coelho7583@email.com,Feminino,BR
7584,Rafael Vasconcelos Rocha,rafael.vasconcelos.rocha7584@email.com,Masculino,BR
7585,Andrea Dias Moura,andrea.dias.moura7585@email.com,Feminino,BR
7586,Henrique Barbosa Pinheiro,henrique.barbosa.pinheiro7586@email.com,Masculino,BR
7587,Juliana Lima Araujo,juliana.lima.araujo7587@email.com,Feminino,BR
7588,Leandro Pires Silva,leandro.pires.silva7588@email.com,Masculino,BR
7589,Fabiana Lopes Macedo,fabiana.lopes.macedo7589@email.com,Feminino,BR
7590,André Teixeira Monteiro,andré.teixeira.monteiro7590@email.com,Masculino,BR
7591,Priscila Machado Siqueira,priscila.machado.siqueira7591@email.com,Feminino,BR
7592,Rafael Pinheiro Moura,rafael.pinheiro.moura7592@email.com,Masculino,BR
7593,Beatriz Cunha Oliveira,beatriz.cunha.oliveira7593@email.com,Feminino,BR
7594,Marcos Carvalho Vasconcelos,marcos.carvalho.vasconcelos7594@email.com,Masculino,BR
7595,Carla Guimaraes Matos,carla.guimaraes.matos7595@email.com,Feminino,BR
7596,Felipe Costa Alves,felipe.costa.alves7596@email.com,Masculino,BR
7597,Carla Lopes Nascimento,carla.lopes.nascimento7597@email.com,Feminino,BR
7598,Pedro Tavares Torres,pedro.tavares.torres7598@email.com,Masculino,BR
7599,Fernanda Barros Campos,fernanda.barros.campos7599@email.com,Feminino,BR
7600,Sergio Fonseca Correia,sergio.fonseca.correia7600@email.com,Masculino,BR
7601,Patricia Fernandes Barbosa,patricia.fernandes.barbosa7601@email.com,Feminino,BR
7602,Rodrigo Duarte Ribeiro,rodrigo.duarte.ribeiro7602@email.com,Masculino,BR
7603,Ana Correia Lopes,ana.correia.lopes7603@email.com,Feminino,BR
7604,Henrique Fonseca Fernandes,henrique.fonseca.fernandes7604@email.com,Masculino,BR
7605,Mariana Moreira Coelho,mariana.moreira.coelho7605@email.com,Feminino,BR
7606,Wagner Correia Duarte,wagner.correia.duarte7606@email.com,Masculino,BR
7607,Andrea Morais Cunha,andrea.morais.cunha7607@email.com,Feminino,BR
7608,Cesar Duarte Fernandes,cesar.duarte.fernandes7608@email.com,Masculino,BR
7609,Daniela Macedo Siqueira,daniela.macedo.siqueira7609@email.com,Feminino,BR
7610,Rodrigo Reis Pires,rodrigo.reis.pires7610@email.com,Masculino,BR
7611,Claudia Coelho Tavares,claudia.coelho.tavares7611@email.com,Feminino,BR
7612,Caio Ferreira Moura,caio.ferreira.moura7612@email.com,Masculino,BR
7613,Leticia Rocha Castro,leticia.rocha.castro7613@email.com,Feminino,BR
7614,Fabio Fonseca Rodrigues,fabio.fonseca.rodrigues7614@email.com,Masculino,BR
7615,Eliane Araujo Rocha,eliane.araujo.rocha7615@email.com,Feminino,BR
7616,Igor Duarte Alves,igor.duarte.alves7616@email.com,Masculino,BR
7617,Leticia Santos Macedo,leticia.santos.macedo7617@email.com,Feminino,BR
7618,Jose Monteiro Duarte,jose.monteiro.duarte7618@email.com,Masculino,BR
7619,Andrea Xavier Melo,andrea.xavier.melo7619@email.com,Feminino,BR
7620,André Ribeiro Gomes,andré.ribeiro.gomes7620@email.com,Masculino,BR
7621,Amanda Ribeiro Reis,amanda.ribeiro.reis7621@email.com,Feminino,BR
7622,Eduardo Barbosa Macedo,eduardo.barbosa.macedo7622@email.com,Masculino,BR
7623,Isabela Macedo Ramos,isabela.macedo.ramos7623@email.com,Feminino,BR
7624,Leonardo Duarte Pires,leonardo.duarte.pires7624@email.com,Masculino,BR
7625,Fernanda Cunha Guimaraes,fernanda.cunha.guimaraes7625@email.com,Feminino,BR
7626,Pedro Pires Machado,pedro.pires.machado7626@email.com,Masculino,BR
7627,Isabela Moreira Morais,isabela.moreira.morais7627@email.com,Feminino,BR
7628,Felipe Azevedo Coelho,felipe.azevedo.coelho7628@email.com,Masculino,BR
7629,Bianca Santos Vasconcelos,bianca.santos.vasconcelos7629@email.com,Feminino,BR
7630,Renato Ribeiro Pinheiro,renato.ribeiro.pinheiro7630@email.com,Masculino,BR
7631,Tatiana Monteiro Pires,tatiana.monteiro.pires7631@email.com,Feminino,BR
7632,Eduardo Moura Tavares,eduardo.moura.tavares7632@email.com,Masculino,BR
7633,Cristina Cardoso Siqueira,cristina.cardoso.siqueira7633@email.com,Feminino,BR
7634,Wagner Campos Vasconcelos,wagner.campos.vasconcelos7634@email.com,Masculino,BR
7635,Priscila Moura Souza,priscila.moura.souza7635@email.com,Feminino,BR
7636,Rafael Coelho Santos,rafael.coelho.santos7636@email.com,Masculino,BR
7637,Leticia Torres Silva,leticia.torres.silva7637@email.com,Feminino,BR
7638,Paulo Cunha Siqueira,paulo.cunha.siqueira7638@email.com,Masculino,BR
7639,Larissa Rocha Nascimento,larissa.rocha.nascimento7639@email.com,Feminino,BR
7640,Sergio Guimaraes Ramos,sergio.guimaraes.ramos7640@email.com,Masculino,BR
7641,Monica Santos Pires,monica.santos.pires7641@email.com,Feminino,BR
7642,Rafael Moreira Fonseca,rafael.moreira.fonseca7642@email.com,Masculino,BR
7643,Sandra Castro Brito,sandra.castro.brito7643@email.com,Feminino,BR
7644,Rafael Ramos Siqueira,rafael.ramos.siqueira7644@email.com,Masculino,BR
7645,Sabrina Ferreira Xavier,sabrina.ferreira.xavier7645@email.com,Feminino,BR
7646,Rafael Rodrigues Duarte,rafael.rodrigues.duarte7646@email.com,Masculino,BR
7647,Daniela Freitas Cunha,daniela.freitas.cunha7647@email.com,Feminino,BR
7648,Ricardo Reis Dias,ricardo.reis.dias7648@email.com,Masculino,BR
7649,Maria Pires Machado,maria.pires.machado7649@email.com,Feminino,BR
7650,Guilherme Alves Brito,guilherme.alves.brito7650@email.com,Masculino,BR
7651,Isabela Macedo Gomes,isabela.macedo.gomes7651@email.com,Feminino,BR
7652,Francisco Cardoso Duarte,francisco.cardoso.duarte7652@email.com,Masculino,BR
7653,Monica Coelho Lima,monica.coelho.lima7653@email.com,Feminino,BR
7654,Henrique Reis Gomes,henrique.reis.gomes7654@email.com,Masculino,BR
7655,Sabrina Moreira Castro,sabrina.moreira.castro7655@email.com,Feminino,BR
7656,Rafael Araujo Fonseca,rafael.araujo.fonseca7656@email.com,Masculino,BR
7657,Raquel Melo Barros,raquel.melo.barros7657@email.com,Feminino,BR
7658,Vinicius Morais Oliveira,vinicius.morais.oliveira7658@email.com,Masculino,BR
7659,Ana Reis Martins,ana.reis.martins7659@email.com,Feminino,BR
7660,Fernando Coelho Carvalho,fernando.coelho.carvalho7660@email.com,Masculino,BR
7661,Maria Silva Siqueira,maria.silva.siqueira7661@email.com,Feminino,BR
7662,Jose Ramos Tavares,jose.ramos.tavares7662@email.com,Masculino,BR
7663,Carolina Rodrigues Pereira,carolina.rodrigues.pereira7663@email.com,Feminino,BR
7664,Roberto Lima Reis,roberto.lima.reis7664@email.com,Masculino,BR
7665,Daniela Barros Gomes,daniela.barros.gomes7665@email.com,Feminino,BR
7666,Ricardo Ferreira Siqueira,ricardo.ferreira.siqueira7666@email.com,Masculino,BR
7667,Renata Torres Guimaraes,renata.torres.guimaraes7667@email.com,Feminino,BR
7668,Igor Torres Torres,igor.torres.torres7668@email.com,Masculino,BR
7669,Ana Costa Pereira,ana.costa.pereira7669@email.com,Feminino,BR
7670,Alexandre Moura Costa,alexandre.moura.costa7670@email.com,Masculino,BR
7671,Andrea Vasconcelos Nunes,andrea.vasconcelos.nunes7671@email.com,Feminino,BR
7672,Bruno Barbosa Morais,bruno.barbosa.morais7672@email.com,Masculino,BR
7673,Claudia Pereira Melo,claudia.pereira.melo7673@email.com,Feminino,BR
7674,Diego Costa Azevedo,diego.costa.azevedo7674@email.com,Masculino,BR
7675,Bianca Macedo Ribeiro,bianca.macedo.ribeiro7675@email.com,Feminino,BR
7676,Francisco Gomes Fonseca,francisco.gomes.fonseca7676@email.com,Masculino,BR
7677,Jessica Vasconcelos Cunha,jessica.vasconcelos.cunha7677@email.com,Feminino,BR
7678,Rafael Costa Matos,rafael.costa.matos7678@email.com,Masculino,BR
7679,Carla Carvalho Morais,carla.carvalho.morais7679@email.com,Feminino,BR
7680,Vinicius Nunes Santos,vinicius.nunes.santos7680@email.com,Masculino,BR
7681,Pamela Lopes Lopes,pamela.lopes.lopes7681@email.com,Feminino,BR
7682,Wagner Barbosa Moreira,wagner.barbosa.moreira7682@email.com,Masculino,BR
7683,Mariana Costa Correia,mariana.costa.correia7683@email.com,Feminino,BR
7684,Renato Souza Matos,renato.souza.matos7684@email.com,Masculino,BR
7685,Carolina Coelho Cunha,carolina.coelho.cunha7685@email.com,Feminino,BR
7686,Gabriel Tavares Souza,gabriel.tavares.souza7686@email.com,Masculino,BR
7687,Sandra Santos Pires,sandra.santos.pires7687@email.com,Feminino,BR
7688,Bruno Pinheiro Rezende,bruno.pinheiro.rezende7688@email.com,Masculino,BR
7689,Thais Rodrigues Costa,thais.rodrigues.costa7689@email.com,Feminino,BR
7690,Thiago Duarte Nascimento,thiago.duarte.nascimento7690@email.com,Masculino,BR
7691,Claudia Pereira Macedo,claudia.pereira.macedo7691@email.com,Feminino,BR
7692,Henrique Santos Moreira,henrique.santos.moreira7692@email.com,Masculino,BR
7693,Fabiana Brito Castro,fabiana.brito.castro7693@email.com,Feminino,BR
7694,Henrique Pereira Gomes,henrique.pereira.gomes7694@email.com,Masculino,BR
7695,Renata Gomes Azevedo,renata.gomes.azevedo7695@email.com,Feminino,BR
7696,Eduardo Ferreira Souza,eduardo.ferreira.souza7696@email.com,Masculino,BR
7697,Simone Freitas Correia,simone.freitas.correia7697@email.com,Feminino,BR
7698,Thiago Gomes Freitas,thiago.gomes.freitas7698@email.com,Masculino,BR
7699,Carolina Alves Azevedo,carolina.alves.azevedo7699@email.com,Feminino,BR
7700,Marcelo Ferreira Azevedo,marcelo.ferreira.azevedo7700@email.com,Masculino,BR
7701,Maria Dias Melo,maria.dias.melo7701@email.com,Feminino,BR
7702,Thiago Brito Alves,thiago.brito.alves7702@email.com,Masculino,BR
7703,Camila Tavares Martins,camila.tavares.martins7703@email.com,Feminino,BR
7704,João Rodrigues Lima,joão.rodrigues.lima7704@email.com,Masculino,BR
7705,Cristina Coelho Ramos,cristina.coelho.ramos7705@email.com,Feminino,BR
7706,Gustavo Torres Barros,gustavo.torres.barros7706@email.com,Masculino,BR
7707,Simone Souza Azevedo,simone.souza.azevedo7707@email.com,Feminino,BR
7708,Antonio Castro Duarte,antonio.castro.duarte7708@email.com,Masculino,BR
7709,Sandra Rodrigues Lima,sandra.rodrigues.lima7709@email.com,Feminino,BR
7710,André Dias Lopes,andré.dias.lopes7710@email.com,Masculino,BR
7711,Patricia Siqueira Castro,patricia.siqueira.castro7711@email.com,Feminino,BR
7712,Rodrigo Monteiro Mendes,rodrigo.monteiro.mendes7712@email.com,Masculino,BR
7713,Rosana Costa Matos,rosana.costa.matos7713@email.com,Feminino,BR
7714,Thiago Fonseca Cardoso,thiago.fonseca.cardoso7714@email.com,Masculino,BR
7715,Fernanda Rocha Moreira,fernanda.rocha.moreira7715@email.com,Feminino,BR
7716,Rodrigo Barros Oliveira,rodrigo.barros.oliveira7716@email.com,Masculino,BR
7717,Amanda Ramos Nunes,amanda.ramos.nunes7717@email.com,Feminino,BR
7718,Rodrigo Costa Araujo,rodrigo.costa.araujo7718@email.com,Masculino,BR
7719,Jessica Dias Brito,jessica.dias.brito7719@email.com,Feminino,BR
7720,Henrique Reis Alves,henrique.reis.alves7720@email.com,Masculino,BR
7721,Carolina Machado Castro,carolina.machado.castro7721@email.com,Feminino,BR
7722,Lucas Rocha Azevedo,lucas.rocha.azevedo7722@email.com,Masculino,BR
7723,Pamela Siqueira Barros,pamela.siqueira.barros7723@email.com,Feminino,BR
7724,Thiago Ribeiro Pereira,thiago.ribeiro.pereira7724@email.com,Masculino,BR
7725,Maria Reis Martins,maria.reis.martins7725@email.com,Feminino,BR
7726,Bruno Rezende Torres,bruno.rezende.torres7726@email.com,Masculino,BR
7727,Rosana Castro Torres,rosana.castro.torres7727@email.com,Feminino,BR
7728,Daniel Alves Morais,daniel.alves.morais7728@email.com,Masculino,BR
7729,Renata Mendes Moura,renata.mendes.moura7729@email.com,Feminino,BR
7730,Matheus Martins Duarte,matheus.martins.duarte7730@email.com,Masculino,BR
7731,Gisele Teixeira Pinheiro,gisele.teixeira.pinheiro7731@email.com,Feminino,BR
7732,Antonio Xavier Matos,antonio.xavier.matos7732@email.com,Masculino,BR
7733,Claudia Lopes Carvalho,claudia.lopes.carvalho7733@email.com,Feminino,BR
7734,Guilherme Torres Carvalho,guilherme.torres.carvalho7734@email.com,Masculino,BR
7735,Gisele Araujo Lima,gisele.araujo.lima7735@email.com,Feminino,BR
7736,Jose Ribeiro Castro,jose.ribeiro.castro7736@email.com,Masculino,BR
7737,Simone Cunha Santos,simone.cunha.santos7737@email.com,Feminino,BR
7738,Igor Carvalho Duarte,igor.carvalho.duarte7738@email.com,Masculino,BR
7739,Jessica Pinheiro Santos,jessica.pinheiro.santos7739@email.com,Feminino,BR
7740,Antonio Xavier Nascimento,antonio.xavier.nascimento7740@email.com,Masculino,BR
7741,Rosana Castro Matos,rosana.castro.matos7741@email.com,Feminino,BR
7742,Guilherme Moreira Brito,guilherme.moreira.brito7742@email.com,Masculino,BR
7743,Larissa Azevedo Machado,larissa.azevedo.machado7743@email.com,Feminino,BR
7744,Roberto Moreira Rezende,roberto.moreira.rezende7744@email.com,Masculino,BR
7745,Priscila Moreira Moura,priscila.moreira.moura7745@email.com,Feminino,BR
7746,Rafael Xavier Silva,rafael.xavier.silva7746@email.com,Masculino,BR
7747,Carla Coelho Silva,carla.coelho.silva7747@email.com,Feminino,BR
7748,Alexandre Castro Rocha,alexandre.castro.rocha7748@email.com,Masculino,BR
7749,Camila Siqueira Reis,camila.siqueira.reis7749@email.com,Feminino,BR
7750,Thiago Ribeiro Carvalho,thiago.ribeiro.carvalho7750@email.com,Masculino,BR
7751,Sandra Cardoso Brito,sandra.cardoso.brito7751@email.com,Feminino,BR
7752,Thiago Ferreira Moreira,thiago.ferreira.moreira7752@email.com,Masculino,BR
7753,Carla Silva Macedo,carla.silva.macedo7753@email.com,Feminino,BR
7754,Igor Castro Lopes,igor.castro.lopes7754@email.com,Masculino,BR
7755,Amanda Brito Mendes,amanda.brito.mendes7755@email.com,Feminino,BR
7756,Leonardo Duarte Rocha,leonardo.duarte.rocha7756@email.com,Masculino,BR
7757,Patricia Moura Vasconcelos,patricia.moura.vasconcelos7757@email.com,Feminino,BR
7758,Daniel Pereira Duarte,daniel.pereira.duarte7758@email.com,Masculino,BR
7759,Beatriz Cardoso Duarte,beatriz.cardoso.duarte7759@email.com,Feminino,BR
7760,Leonardo Azevedo Coelho,leonardo.azevedo.coelho7760@email.com,Masculino,BR
7761,Claudia Oliveira Pires,claudia.oliveira.pires7761@email.com,Feminino,BR
7762,Mauricio Castro Macedo,mauricio.castro.macedo7762@email.com,Masculino,BR
7763,Sabrina Araujo Ramos,sabrina.araujo.ramos7763@email.com,Feminino,BR
7764,Cesar Tavares Castro,cesar.tavares.castro7764@email.com,Masculino,BR
7765,Leticia Xavier Castro,leticia.xavier.castro7765@email.com,Feminino,BR
7766,Pedro Martins Souza,pedro.martins.souza7766@email.com,Masculino,BR
7767,Juliana Melo Teixeira,juliana.melo.teixeira7767@email.com,Feminino,BR
7768,Carlos Tavares Nascimento,carlos.tavares.nascimento7768@email.com,Masculino,BR
7769,Cristina Siqueira Reis,cristina.siqueira.reis7769@email.com,Feminino,BR
7770,Marcelo Ramos Matos,marcelo.ramos.matos7770@email.com,Masculino,BR
7771,Claudia Correia Nascimento,claudia.correia.nascimento7771@email.com,Feminino,BR
7772,Henrique Barros Barbosa,henrique.barros.barbosa7772@email.com,Masculino,BR
7773,Beatriz Monteiro Tavares,beatriz.monteiro.tavares7773@email.com,Feminino,BR
7774,Igor Melo Pinheiro,igor.melo.pinheiro7774@email.com,Masculino,BR
7775,Andrea Barros Pires,andrea.barros.pires7775@email.com,Feminino,BR
7776,Ricardo Vasconcelos Ferreira,ricardo.vasconcelos.ferreira7776@email.com,Masculino,BR
7777,Leticia Freitas Lopes,leticia.freitas.lopes7777@email.com,Feminino,BR
7778,Marcelo Barros Azevedo,marcelo.barros.azevedo7778@email.com,Masculino,BR
7779,Juliana Nascimento Vasconcelos,juliana.nascimento.vasconcelos7779@email.com,Feminino,BR
7780,Renato Ferreira Freitas,renato.ferreira.freitas7780@email.com,Masculino,BR
7781,Vanessa Araujo Castro,vanessa.araujo.castro7781@email.com,Feminino,BR
7782,Leonardo Lopes Rodrigues,leonardo.lopes.rodrigues7782@email.com,Masculino,BR
7783,Thais Gomes Castro,thais.gomes.castro7783@email.com,Feminino,BR
7784,Daniel Santos Guimaraes,daniel.santos.guimaraes7784@email.com,Masculino,BR
7785,Jessica Nunes Rodrigues,jessica.nunes.rodrigues7785@email.com,Feminino,BR
7786,Ricardo Guimaraes Pereira,ricardo.guimaraes.pereira7786@email.com,Masculino,BR
7787,Bruna Rezende Guimaraes,bruna.rezende.guimaraes7787@email.com,Feminino,BR
7788,Marcelo Rezende Rodrigues,marcelo.rezende.rodrigues7788@email.com,Masculino,BR
7789,Gisele Rocha Melo,gisele.rocha.melo7789@email.com,Feminino,BR
7790,Cesar Duarte Ramos,cesar.duarte.ramos7790@email.com,Masculino,BR
7791,Aline Rezende Correia,aline.rezende.correia7791@email.com,Feminino,BR
7792,Rafael Reis Reis,rafael.reis.reis7792@email.com,Masculino,BR
7793,Beatriz Cardoso Moura,beatriz.cardoso.moura7793@email.com,Feminino,BR
7794,Sergio Gomes Rezende,sergio.gomes.rezende7794@email.com,Masculino,BR
7795,Juliana Xavier Vasconcelos,juliana.xavier.vasconcelos7795@email.com,Feminino,BR
7796,Marcelo Cardoso Brito,marcelo.cardoso.brito7796@email.com,Masculino,BR
7797,Fabiana Silva Moreira,fabiana.silva.moreira7797@email.com,Feminino,BR
7798,Daniel Brito Morais,daniel.brito.morais7798@email.com,Masculino,BR
7799,Priscila Campos Costa,priscila.campos.costa7799@email.com,Feminino,BR
7800,Vinicius Santos Siqueira,vinicius.santos.siqueira7800@email.com,Masculino,BR
7801,Carla Coelho Rodrigues,carla.coelho.rodrigues7801@email.com,Feminino,BR
7802,Alexandre Matos Guimaraes,alexandre.matos.guimaraes7802@email.com,Masculino,BR
7803,Monica Brito Azevedo,monica.brito.azevedo7803@email.com,Feminino,BR
7804,Sergio Oliveira Santos,sergio.oliveira.santos7804@email.com,Masculino,BR
7805,Larissa Martins Nunes,larissa.martins.nunes7805@email.com,Feminino,BR
7806,Marcelo Ribeiro Macedo,marcelo.ribeiro.macedo7806@email.com,Masculino,BR
7807,Monica Melo Campos,monica.melo.campos7807@email.com,Feminino,BR
7808,Vinicius Mendes Ribeiro,vinicius.mendes.ribeiro7808@email.com,Masculino,BR
7809,Fabiana Moreira Azevedo,fabiana.moreira.azevedo7809@email.com,Feminino,BR
7810,Mauricio Moreira Gomes,mauricio.moreira.gomes7810@email.com,Masculino,BR
7811,Beatriz Freitas Torres,beatriz.freitas.torres7811@email.com,Feminino,BR
7812,Cesar Barbosa Ribeiro,cesar.barbosa.ribeiro7812@email.com,Masculino,BR
7813,Priscila Morais Souza,priscila.morais.souza7813@email.com,Feminino,BR
7814,Marcelo Pinheiro Duarte,marcelo.pinheiro.duarte7814@email.com,Masculino,BR
7815,Sabrina Xavier Moreira,sabrina.xavier.moreira7815@email.com,Feminino,BR
7816,Eduardo Gomes Castro,eduardo.gomes.castro7816@email.com,Masculino,BR
7817,Eliane Alves Teixeira,eliane.alves.teixeira7817@email.com,Feminino,BR
7818,Leonardo Martins Mendes,leonardo.martins.mendes7818@email.com,Masculino,BR
7819,Camila Brito Brito,camila.brito.brito7819@email.com,Feminino,BR
7820,Diego Ribeiro Castro,diego.ribeiro.castro7820@email.com,Masculino,BR
7821,Monica Matos Machado,monica.matos.machado7821@email.com,Feminino,BR
7822,Daniel Teixeira Rodrigues,daniel.teixeira.rodrigues7822@email.com,Masculino,BR
7823,Mariana Duarte Martins,mariana.duarte.martins7823@email.com,Feminino,BR
7824,Leonardo Fonseca Carvalho,leonardo.fonseca.carvalho7824@email.com,Masculino,BR
7825,Cristina Teixeira Moura,cristina.teixeira.moura7825@email.com,Feminino,BR
7826,Wagner Xavier Brito,wagner.xavier.brito7826@email.com,Masculino,BR
7827,Carla Alves Carvalho,carla.alves.carvalho7827@email.com,Feminino,BR
7828,Jose Alves Pires,jose.alves.pires7828@email.com,Masculino,BR
7829,Carolina Campos Campos,carolina.campos.campos7829@email.com,Feminino,BR
7830,Pedro Vasconcelos Rezende,pedro.vasconcelos.rezende7830@email.com,Masculino,BR
7831,Fabiana Mendes Rodrigues,fabiana.mendes.rodrigues7831@email.com,Feminino,BR
7832,Rafael Cardoso Santos,rafael.cardoso.santos7832@email.com,Masculino,BR
7833,Andrea Cardoso Coelho,andrea.cardoso.coelho7833@email.com,Feminino,BR
7834,Antonio Macedo Brito,antonio.macedo.brito7834@email.com,Masculino,BR
7835,Leticia Torres Mendes,leticia.torres.mendes7835@email.com,Feminino,BR
7836,Eduardo Silva Gomes,eduardo.silva.gomes7836@email.com,Masculino,BR
7837,Raquel Morais Guimaraes,raquel.morais.guimaraes7837@email.com,Feminino,BR
7838,Felipe Brito Barros,felipe.brito.barros7838@email.com,Masculino,BR
7839,Eliane Pereira Reis,eliane.pereira.reis7839@email.com,Feminino,BR
7840,Felipe Machado Tavares,felipe.machado.tavares7840@email.com,Masculino,BR
7841,Thais Martins Costa,thais.martins.costa7841@email.com,Feminino,BR
7842,André Moura Reis,andré.moura.reis7842@email.com,Masculino,BR
7843,Monica Fonseca Araujo,monica.fonseca.araujo7843@email.com,Feminino,BR
7844,Vinicius Xavier Oliveira,vinicius.xavier.oliveira7844@email.com,Masculino,BR
7845,Camila Reis Campos,camila.reis.campos7845@email.com,Feminino,BR
7846,Marcos Moreira Monteiro,marcos.moreira.monteiro7846@email.com,Masculino,BR
7847,Camila Cardoso Barbosa,camila.cardoso.barbosa7847@email.com,Feminino,BR
7848,Caio Alves Cardoso,caio.alves.cardoso7848@email.com,Masculino,BR
7849,Simone Gomes Alves,simone.gomes.alves7849@email.com,Feminino,BR
7850,Marcos Matos Ribeiro,marcos.matos.ribeiro7850@email.com,Masculino,BR
7851,Carla Guimaraes Dias,carla.guimaraes.dias7851@email.com,Feminino,BR
7852,Matheus Machado Matos,matheus.machado.matos7852@email.com,Masculino,BR
7853,Fabiana Alves Araujo,fabiana.alves.araujo7853@email.com,Feminino,BR
7854,Guilherme Lopes Melo,guilherme.lopes.melo7854@email.com,Masculino,BR
7855,Simone Oliveira Santos,simone.oliveira.santos7855@email.com,Feminino,BR
7856,Cesar Nunes Melo,cesar.nunes.melo7856@email.com,Masculino,BR
7857,Isabela Nascimento Vasconcelos,isabela.nascimento.vasconcelos7857@email.com,Feminino,BR
7858,Lucas Barbosa Macedo,lucas.barbosa.macedo7858@email.com,Masculino,BR
7859,Camila Oliveira Macedo,camila.oliveira.macedo7859@email.com,Feminino,BR
7860,Paulo Ribeiro Azevedo,paulo.ribeiro.azevedo7860@email.com,Masculino,BR
7861,Daniela Guimaraes Moura,daniela.guimaraes.moura7861@email.com,Feminino,BR
7862,Felipe Nascimento Fonseca,felipe.nascimento.fonseca7862@email.com,Masculino,BR
7863,Fabiana Machado Pires,fabiana.machado.pires7863@email.com,Feminino,BR
7864,Roberto Tavares Matos,roberto.tavares.matos7864@email.com,Masculino,BR
7865,Beatriz Coelho Machado,beatriz.coelho.machado7865@email.com,Feminino,BR
7866,João Nunes Campos,joão.nunes.campos7866@email.com,Masculino,BR
7867,Beatriz Araujo Melo,beatriz.araujo.melo7867@email.com,Feminino,BR
7868,Jose Moura Pires,jose.moura.pires7868@email.com,Masculino,BR
7869,Sandra Moreira Martins,sandra.moreira.martins7869@email.com,Feminino,BR
7870,Gabriel Teixeira Pires,gabriel.teixeira.pires7870@email.com,Masculino,BR
7871,Luciana Cunha Costa,luciana.cunha.costa7871@email.com,Feminino,BR
7872,Diego Macedo Fonseca,diego.macedo.fonseca7872@email.com,Masculino,BR
7873,Aline Cunha Xavier,aline.cunha.xavier7873@email.com,Feminino,BR
7874,Renato Castro Lopes,renato.castro.lopes7874@email.com,Masculino,BR
7875,Sabrina Monteiro Martins,sabrina.monteiro.martins7875@email.com,Feminino,BR
7876,Gabriel Rezende Correia,gabriel.rezende.correia7876@email.com,Masculino,BR
7877,Monica Barros Teixeira,monica.barros.teixeira7877@email.com,Feminino,BR
7878,Vinicius Castro Morais,vinicius.castro.morais7878@email.com,Masculino,BR
7879,Monica Matos Fonseca,monica.matos.fonseca7879@email.com,Feminino,BR
7880,Guilherme Campos Xavier,guilherme.campos.xavier7880@email.com,Masculino,BR
7881,Simone Xavier Correia,simone.xavier.correia7881@email.com,Feminino,BR
7882,Cesar Barbosa Ribeiro,cesar.barbosa.ribeiro7882@email.com,Masculino,BR
7883,Aline Souza Monteiro,aline.souza.monteiro7883@email.com,Feminino,BR
7884,Cesar Lima Ferreira,cesar.lima.ferreira7884@email.com,Masculino,BR
7885,Luciana Teixeira Santos,luciana.teixeira.santos7885@email.com,Feminino,BR
7886,Gabriel Melo Silva,gabriel.melo.silva7886@email.com,Masculino,BR
7887,Juliana Oliveira Rocha,juliana.oliveira.rocha7887@email.com,Feminino,BR
7888,Leandro Campos Morais,leandro.campos.morais7888@email.com,Masculino,BR
7889,Cristina Fonseca Vasconcelos,cristina.fonseca.vasconcelos7889@email.com,Feminino,BR
7890,Eduardo Pereira Araujo,eduardo.pereira.araujo7890@email.com,Masculino,BR
7891,Beatriz Vasconcelos Torres,beatriz.vasconcelos.torres7891@email.com,Feminino,BR
7892,Felipe Fernandes Cardoso,felipe.fernandes.cardoso7892@email.com,Masculino,BR
7893,Simone Pereira Dias,simone.pereira.dias7893@email.com,Feminino,BR
7894,João Cardoso Teixeira,joão.cardoso.teixeira7894@email.com,Masculino,BR
7895,Thais Oliveira Moura,thais.oliveira.moura7895@email.com,Feminino,BR
7896,Marcos Morais Morais,marcos.morais.morais7896@email.com,Masculino,BR
7897,Luciana Pires Pinheiro,luciana.pires.pinheiro7897@email.com,Feminino,BR
7898,Daniel Brito Alves,daniel.brito.alves7898@email.com,Masculino,BR
7899,Leticia Monteiro Barbosa,leticia.monteiro.barbosa7899@email.com,Feminino,BR
7900,Francisco Moura Guimaraes,francisco.moura.guimaraes7900@email.com,Masculino,BR
7901,Daniela Rodrigues Fonseca,daniela.rodrigues.fonseca7901@email.com,Feminino,BR
7902,Cesar Correia Rezende,cesar.correia.rezende7902@email.com,Masculino,BR
7903,Isabela Rezende Melo,isabela.rezende.melo7903@email.com,Feminino,BR
7904,Eduardo Ramos Lopes,eduardo.ramos.lopes7904@email.com,Masculino,BR
7905,Jessica Matos Barbosa,jessica.matos.barbosa7905@email.com,Feminino,BR
7906,Matheus Rocha Pinheiro,matheus.rocha.pinheiro7906@email.com,Masculino,BR
7907,Maria Souza Campos,maria.souza.campos7907@email.com,Feminino,BR
7908,Jose Pinheiro Correia,jose.pinheiro.correia7908@email.com,Masculino,BR
7909,Mariana Campos Barbosa,mariana.campos.barbosa7909@email.com,Feminino,BR
7910,Marcos Pereira Moura,marcos.pereira.moura7910@email.com,Masculino,BR
7911,Tatiana Fernandes Torres,tatiana.fernandes.torres7911@email.com,Feminino,BR
7912,Daniel Correia Castro,daniel.correia.castro7912@email.com,Masculino,BR
7913,Amanda Pinheiro Souza,amanda.pinheiro.souza7913@email.com,Feminino,BR
7914,André Reis Pereira,andré.reis.pereira7914@email.com,Masculino,BR
7915,Beatriz Gomes Tavares,beatriz.gomes.tavares7915@email.com,Feminino,BR
7916,Rafael Reis Vasconcelos,rafael.reis.vasconcelos7916@email.com,Masculino,BR
7917,Maria Morais Monteiro,maria.morais.monteiro7917@email.com,Feminino,BR
7918,Cesar Ferreira Costa,cesar.ferreira.costa7918@email.com,Masculino,BR
7919,Daniela Pinheiro Silva,daniela.pinheiro.silva7919@email.com,Feminino,BR
7920,Bruno Moura Araujo,bruno.moura.araujo7920@email.com,Masculino,BR
7921,Bianca Mendes Rezende,bianca.mendes.rezende7921@email.com,Feminino,BR
7922,Thiago Dias Correia,thiago.dias.correia7922@email.com,Masculino,BR
7923,Tatiane Azevedo Freitas,tatiane.azevedo.freitas7923@email.com,Feminino,BR
7924,Pedro Castro Martins,pedro.castro.martins7924@email.com,Masculino,BR
7925,Thais Moreira Moura,thais.moreira.moura7925@email.com,Feminino,BR
7926,Bruno Siqueira Azevedo,bruno.siqueira.azevedo7926@email.com,Masculino,BR
7927,Vanessa Xavier Ribeiro,vanessa.xavier.ribeiro7927@email.com,Feminino,BR
7928,Paulo Machado Azevedo,paulo.machado.azevedo7928@email.com,Masculino,BR
7929,Simone Mendes Pinheiro,simone.mendes.pinheiro7929@email.com,Feminino,BR
7930,Fabio Pires Morais,fabio.pires.morais7930@email.com,Masculino,BR
7931,Sabrina Machado Souza,sabrina.machado.souza7931@email.com,Feminino,BR
7932,Alexandre Rocha Duarte,alexandre.rocha.duarte7932@email.com,Masculino,BR
7933,Juliana Cardoso Rocha,juliana.cardoso.rocha7933@email.com,Feminino,BR
7934,Cesar Ferreira Barros,cesar.ferreira.barros7934@email.com,Masculino,BR
7935,Bruna Rodrigues Siqueira,bruna.rodrigues.siqueira7935@email.com,Feminino,BR
7936,Rafael Araujo Matos,rafael.araujo.matos7936@email.com,Masculino,BR
7937,Amanda Moreira Costa,amanda.moreira.costa7937@email.com,Feminino,BR
7938,Rafael Ribeiro Correia,rafael.ribeiro.correia7938@email.com,Masculino,BR
7939,Jessica Lima Vasconcelos,jessica.lima.vasconcelos7939@email.com,Feminino,BR
7940,Fernando Ribeiro Pereira,fernando.ribeiro.pereira7940@email.com,Masculino,BR
7941,Bruna Brito Dias,bruna.brito.dias7941@email.com,Feminino,BR
7942,André Lopes Xavier,andré.lopes.xavier7942@email.com,Masculino,BR
7943,Tatiana Duarte Vasconcelos,tatiana.duarte.vasconcelos7943@email.com,Feminino,BR
7944,Mauricio Ribeiro Reis,mauricio.ribeiro.reis7944@email.com,Masculino,BR
7945,Ana Cardoso Ribeiro,ana.cardoso.ribeiro7945@email.com,Feminino,BR
7946,Daniel Rocha Duarte,daniel.rocha.duarte7946@email.com,Masculino,BR
7947,Eliane Guimaraes Dias,eliane.guimaraes.dias7947@email.com,Feminino,BR
7948,Matheus Martins Alves,matheus.martins.alves7948@email.com,Masculino,BR
7949,Luciana Fernandes Cardoso,luciana.fernandes.cardoso7949@email.com,Feminino,BR
7950,Mauricio Pereira Morais,mauricio.pereira.morais7950@email.com,Masculino,BR
7951,Raquel Araujo Pires,raquel.araujo.pires7951@email.com,Feminino,BR
7952,Rafael Rocha Araujo,rafael.rocha.araujo7952@email.com,Masculino,BR
7953,Mariana Cardoso Vasconcelos,mariana.cardoso.vasconcelos7953@email.com,Feminino,BR
7954,Fabio Nascimento Araujo,fabio.nascimento.araujo7954@email.com,Masculino,BR
7955,Eliane Melo Castro,eliane.melo.castro7955@email.com,Feminino,BR
7956,Marcos Cardoso Pires,marcos.cardoso.pires7956@email.com,Masculino,BR
7957,Raquel Nunes Cunha,raquel.nunes.cunha7957@email.com,Feminino,BR
7958,Felipe Rezende Matos,felipe.rezende.matos7958@email.com,Masculino,BR
7959,Bruna Pinheiro Pinheiro,bruna.pinheiro.pinheiro7959@email.com,Feminino,BR
7960,Antonio Carvalho Martins,antonio.carvalho.martins7960@email.com,Masculino,BR
7961,Carolina Barbosa Araujo,carolina.barbosa.araujo7961@email.com,Feminino,BR
7962,Pedro Duarte Teixeira,pedro.duarte.teixeira7962@email.com,Masculino,BR
7963,Adriana Mendes Duarte,adriana.mendes.duarte7963@email.com,Feminino,BR
7964,Antonio Guimaraes Correia,antonio.guimaraes.correia7964@email.com,Masculino,BR
7965,Larissa Ribeiro Lopes,larissa.ribeiro.lopes7965@email.com,Feminino,BR
7966,Wagner Torres Melo,wagner.torres.melo7966@email.com,Masculino,BR
7967,Rosana Lopes Silva,rosana.lopes.silva7967@email.com,Feminino,BR
7968,Daniel Duarte Ribeiro,daniel.duarte.ribeiro7968@email.com,Masculino,BR
7969,Jessica Pereira Martins,jessica.pereira.martins7969@email.com,Feminino,BR
7970,Roberto Teixeira Araujo,roberto.teixeira.araujo7970@email.com,Masculino,BR
7971,Claudia Azevedo Coelho,claudia.azevedo.coelho7971@email.com,Feminino,BR
7972,Francisco Rezende Matos,francisco.rezende.matos7972@email.com,Masculino,BR
7973,Larissa Dias Rezende,larissa.dias.rezende7973@email.com,Feminino,BR
7974,Diego Souza Fonseca,diego.souza.fonseca7974@email.com,Masculino,BR
7975,Tatiane Moura Araujo,tatiane.moura.araujo7975@email.com,Feminino,BR
7976,Gabriel Rocha Santos,gabriel.rocha.santos7976@email.com,Masculino,BR
7977,Amanda Souza Xavier,amanda.souza.xavier7977@email.com,Feminino,BR
7978,Fabio Moreira Matos,fabio.moreira.matos7978@email.com,Masculino,BR
7979,Fernanda Pires Gomes,fernanda.pires.gomes7979@email.com,Feminino,BR
7980,Daniel Oliveira Oliveira,daniel.oliveira.oliveira7980@email.com,Masculino,BR
7981,Adriana Coelho Pires,adriana.coelho.pires7981@email.com,Feminino,BR
7982,Antonio Tavares Fernandes,antonio.tavares.fernandes7982@email.com,Masculino,BR
7983,Bruna Moura Barros,bruna.moura.barros7983@email.com,Feminino,BR
7984,Jose Duarte Lopes,jose.duarte.lopes7984@email.com,Masculino,BR
7985,Sandra Brito Dias,sandra.brito.dias7985@email.com,Feminino,BR
7986,Fabio Siqueira Barros,fabio.siqueira.barros7986@email.com,Masculino,BR
7987,Sandra Ribeiro Araujo,sandra.ribeiro.araujo7987@email.com,Feminino,BR
7988,Marcelo Moreira Costa,marcelo.moreira.costa7988@email.com,Masculino,BR
7989,Juliana Gomes Santos,juliana.gomes.santos7989@email.com,Feminino,BR
7990,Vinicius Monteiro Araujo,vinicius.monteiro.araujo7990@email.com,Masculino,BR
7991,Daniela Vasconcelos Ferreira,daniela.vasconcelos.ferreira7991@email.com,Feminino,BR
7992,Sergio Melo Xavier,sergio.melo.xavier7992@email.com,Masculino,BR
7993,Eliane Cardoso Lima,eliane.cardoso.lima7993@email.com,Feminino,BR
7994,Caio Pereira Freitas,caio.pereira.freitas7994@email.com,Masculino,BR
7995,Mariana Dias Matos,mariana.dias.matos7995@email.com,Feminino,BR
7996,Sergio Ferreira Santos,sergio.ferreira.santos7996@email.com,Masculino,BR
7997,Isabela Vasconcelos Duarte,isabela.vasconcelos.duarte7997@email.com,Feminino,BR
7998,Thiago Macedo Matos,thiago.macedo.matos7998@email.com,Masculino,BR
7999,Rosana Pinheiro Freitas,rosana.pinheiro.freitas7999@email.com,Feminino,BR
8000,Pedro Ferreira Monteiro,pedro.ferreira.monteiro8000@email.com,Masculino,BR
8001,Renata Machado Nunes,renata.machado.nunes8001@email.com,Feminino,BR
8002,Jose Gomes Costa,jose.gomes.costa8002@email.com,Masculino,BR
8003,Andrea Torres Gomes,andrea.torres.gomes8003@email.com,Feminino,BR
8004,João Duarte Cunha,joão.duarte.cunha8004@email.com,Masculino,BR
8005,Thais Ferreira Dias,thais.ferreira.dias8005@email.com,Feminino,BR
8006,Mauricio Rezende Ferreira,mauricio.rezende.ferreira8006@email.com,Masculino,BR
8007,Claudia Lima Rocha,claudia.lima.rocha8007@email.com,Feminino,BR
8008,Leonardo Costa Morais,leonardo.costa.morais8008@email.com,Masculino,BR
8009,Isabela Matos Rocha,isabela.matos.rocha8009@email.com,Feminino,BR
8010,Felipe Dias Martins,felipe.dias.martins8010@email.com,Masculino,BR
8011,Larissa Brito Nascimento,larissa.brito.nascimento8011@email.com,Feminino,BR
8012,Caio Cunha Azevedo,caio.cunha.azevedo8012@email.com,Masculino,BR
8013,Beatriz Costa Lima,beatriz.costa.lima8013@email.com,Feminino,BR
8014,Wagner Macedo Pinheiro,wagner.macedo.pinheiro8014@email.com,Masculino,BR
8015,Camila Lima Lima,camila.lima.lima8015@email.com,Feminino,BR
8016,Alexandre Moreira Alves,alexandre.moreira.alves8016@email.com,Masculino,BR
8017,Beatriz Ribeiro Oliveira,beatriz.ribeiro.oliveira8017@email.com,Feminino,BR
8018,Felipe Guimaraes Matos,felipe.guimaraes.matos8018@email.com,Masculino,BR
8019,Juliana Lopes Souza,juliana.lopes.souza8019@email.com,Feminino,BR
8020,Igor Siqueira Pinheiro,igor.siqueira.pinheiro8020@email.com,Masculino,BR
8021,Fabiana Coelho Lopes,fabiana.coelho.lopes8021@email.com,Feminino,BR
8022,Gustavo Gomes Guimaraes,gustavo.gomes.guimaraes8022@email.com,Masculino,BR
8023,Tatiana Oliveira Barbosa,tatiana.oliveira.barbosa8023@email.com,Feminino,BR
8024,Sergio Gomes Ramos,sergio.gomes.ramos8024@email.com,Masculino,BR
8025,Daniela Teixeira Dias,daniela.teixeira.dias8025@email.com,Feminino,BR
8026,Marcelo Silva Siqueira,marcelo.silva.siqueira8026@email.com,Masculino,BR
8027,Vanessa Azevedo Vasconcelos,vanessa.azevedo.vasconcelos8027@email.com,Feminino,BR
8028,Leandro Macedo Moura,leandro.macedo.moura8028@email.com,Masculino,BR
8029,Amanda Rocha Coelho,amanda.rocha.coelho8029@email.com,Feminino,BR
8030,Rodrigo Ribeiro Alves,rodrigo.ribeiro.alves8030@email.com,Masculino,BR
8031,Camila Barbosa Santos,camila.barbosa.santos8031@email.com,Feminino,BR
8032,Rafael Brito Moreira,rafael.brito.moreira8032@email.com,Masculino,BR
8033,Fabiana Souza Teixeira,fabiana.souza.teixeira8033@email.com,Feminino,BR
8034,João Duarte Siqueira,joão.duarte.siqueira8034@email.com,Masculino,BR
8035,Simone Souza Rocha,simone.souza.rocha8035@email.com,Feminino,BR
8036,Wagner Barbosa Rodrigues,wagner.barbosa.rodrigues8036@email.com,Masculino,BR
8037,Beatriz Santos Reis,beatriz.santos.reis8037@email.com,Feminino,BR
8038,Mauricio Gomes Nascimento,mauricio.gomes.nascimento8038@email.com,Masculino,BR
8039,Carla Freitas Matos,carla.freitas.matos8039@email.com,Feminino,BR
8040,Alexandre Reis Xavier,alexandre.reis.xavier8040@email.com,Masculino,BR
8041,Patricia Fernandes Pinheiro,patricia.fernandes.pinheiro8041@email.com,Feminino,BR
8042,João Fernandes Dias,joão.fernandes.dias8042@email.com,Masculino,BR
8043,Eliane Tavares Freitas,eliane.tavares.freitas8043@email.com,Feminino,BR
8044,Gabriel Macedo Nascimento,gabriel.macedo.nascimento8044@email.com,Masculino,BR
8045,Rosana Rezende Torres,rosana.rezende.torres8045@email.com,Feminino,BR
8046,Pedro Macedo Alves,pedro.macedo.alves8046@email.com,Masculino,BR
8047,Cristina Azevedo Lima,cristina.azevedo.lima8047@email.com,Feminino,BR
8048,Rafael Nunes Gomes,rafael.nunes.gomes8048@email.com,Masculino,BR
8049,Luciana Freitas Pires,luciana.freitas.pires8049@email.com,Feminino,BR
8050,Diego Castro Campos,diego.castro.campos8050@email.com,Masculino,BR
8051,Daniela Monteiro Coelho,daniela.monteiro.coelho8051@email.com,Feminino,BR
8052,Gabriel Dias Melo,gabriel.dias.melo8052@email.com,Masculino,BR
8053,Ana Mendes Pereira,ana.mendes.pereira8053@email.com,Feminino,BR
8054,Rafael Santos Rocha,rafael.santos.rocha8054@email.com,Masculino,BR
8055,Thais Costa Ramos,thais.costa.ramos8055@email.com,Feminino,BR
8056,Felipe Campos Guimaraes,felipe.campos.guimaraes8056@email.com,Masculino,BR
8057,Mariana Machado Carvalho,mariana.machado.carvalho8057@email.com,Feminino,BR
8058,Rafael Rezende Nunes,rafael.rezende.nunes8058@email.com,Masculino,BR
8059,Fernanda Martins Tavares,fernanda.martins.tavares8059@email.com,Feminino,BR
8060,Cesar Costa Lopes,cesar.costa.lopes8060@email.com,Masculino,BR
8061,Camila Ramos Ramos,camila.ramos.ramos8061@email.com,Feminino,BR
8062,Mauricio Santos Cunha,mauricio.santos.cunha8062@email.com,Masculino,BR
8063,Cristina Souza Souza,cristina.souza.souza8063@email.com,Feminino,BR
8064,Rodrigo Moura Vasconcelos,rodrigo.moura.vasconcelos8064@email.com,Masculino,BR
8065,Amanda Teixeira Cardoso,amanda.teixeira.cardoso8065@email.com,Feminino,BR
8066,Henrique Martins Torres,henrique.martins.torres8066@email.com,Masculino,BR
8067,Maria Carvalho Nascimento,maria.carvalho.nascimento8067@email.com,Feminino,BR
8068,Rodrigo Oliveira Araujo,rodrigo.oliveira.araujo8068@email.com,Masculino,BR
8069,Fernanda Lima Santos,fernanda.lima.santos8069@email.com,Feminino,BR
8070,Cesar Campos Moreira,cesar.campos.moreira8070@email.com,Masculino,BR
8071,Pamela Duarte Macedo,pamela.duarte.macedo8071@email.com,Feminino,BR
8072,Renato Campos Ramos,renato.campos.ramos8072@email.com,Masculino,BR
8073,Raquel Guimaraes Pereira,raquel.guimaraes.pereira8073@email.com,Feminino,BR
8074,Fabio Lopes Fonseca,fabio.lopes.fonseca8074@email.com,Masculino,BR
8075,Sandra Campos Barbosa,sandra.campos.barbosa8075@email.com,Feminino,BR
8076,Guilherme Reis Ribeiro,guilherme.reis.ribeiro8076@email.com,Masculino,BR
8077,Priscila Mendes Machado,priscila.mendes.machado8077@email.com,Feminino,BR
8078,Lucas Souza Reis,lucas.souza.reis8078@email.com,Masculino,BR
8079,Adriana Azevedo Ramos,adriana.azevedo.ramos8079@email.com,Feminino,BR
8080,João Lima Oliveira,joão.lima.oliveira8080@email.com,Masculino,BR
8081,Tatiane Costa Macedo,tatiane.costa.macedo8081@email.com,Feminino,BR
8082,Felipe Fernandes Xavier,felipe.fernandes.xavier8082@email.com,Masculino,BR
8083,Aline Lima Oliveira,aline.lima.oliveira8083@email.com,Feminino,BR
8084,Marcos Santos Fernandes,marcos.santos.fernandes8084@email.com,Masculino,BR
8085,Bianca Pires Carvalho,bianca.pires.carvalho8085@email.com,Feminino,BR
8086,Lucas Lopes Moreira,lucas.lopes.moreira8086@email.com,Masculino,BR
8087,Sabrina Coelho Ferreira,sabrina.coelho.ferreira8087@email.com,Feminino,BR
8088,Antonio Martins Ramos,antonio.martins.ramos8088@email.com,Masculino,BR
8089,Fabiana Oliveira Castro,fabiana.oliveira.castro8089@email.com,Feminino,BR
8090,João Moura Alves,joão.moura.alves8090@email.com,Masculino,BR
8091,Carla Lopes Alves,carla.lopes.alves8091@email.com,Feminino,BR
8092,Rafael Fonseca Santos,rafael.fonseca.santos8092@email.com,Masculino,BR
8093,Amanda Teixeira Correia,amanda.teixeira.correia8093@email.com,Feminino,BR
8094,Roberto Azevedo Ferreira,roberto.azevedo.ferreira8094@email.com,Masculino,BR
8095,Renata Barros Oliveira,renata.barros.oliveira8095@email.com,Feminino,BR
8096,Matheus Lopes Alves,matheus.lopes.alves8096@email.com,Masculino,BR
8097,Priscila Costa Azevedo,priscila.costa.azevedo8097@email.com,Feminino,BR
8098,Eduardo Teixeira Ferreira,eduardo.teixeira.ferreira8098@email.com,Masculino,BR
8099,Fernanda Torres Barbosa,fernanda.torres.barbosa8099@email.com,Feminino,BR
8100,Fabio Moura Nunes,fabio.moura.nunes8100@email.com,Masculino,BR
8101,Pamela Monteiro Gomes,pamela.monteiro.gomes8101@email.com,Feminino,BR
8102,Leonardo Ribeiro Lima,leonardo.ribeiro.lima8102@email.com,Masculino,BR
8103,Renata Santos Santos,renata.santos.santos8103@email.com,Feminino,BR
8104,Sergio Ramos Ribeiro,sergio.ramos.ribeiro8104@email.com,Masculino,BR
8105,Sandra Castro Moura,sandra.castro.moura8105@email.com,Feminino,BR
8106,Paulo Lopes Ramos,paulo.lopes.ramos8106@email.com,Masculino,BR
8107,Luciana Tavares Mendes,luciana.tavares.mendes8107@email.com,Feminino,BR
8108,Antonio Santos Dias,antonio.santos.dias8108@email.com,Masculino,BR
8109,Larissa Pires Silva,larissa.pires.silva8109@email.com,Feminino,BR
8110,Igor Gomes Siqueira,igor.gomes.siqueira8110@email.com,Masculino,BR
8111,Renata Tavares Moreira,renata.tavares.moreira8111@email.com,Feminino,BR
8112,Thiago Torres Fernandes,thiago.torres.fernandes8112@email.com,Masculino,BR
8113,Jessica Mendes Reis,jessica.mendes.reis8113@email.com,Feminino,BR
8114,Guilherme Moreira Ramos,guilherme.moreira.ramos8114@email.com,Masculino,BR
8115,Isabela Ferreira Freitas,isabela.ferreira.freitas8115@email.com,Feminino,BR
8116,Mauricio Pereira Moura,mauricio.pereira.moura8116@email.com,Masculino,BR
8117,Priscila Reis Souza,priscila.reis.souza8117@email.com,Feminino,BR
8118,Fernando Santos Oliveira,fernando.santos.oliveira8118@email.com,Masculino,BR
8119,Fernanda Nunes Moreira,fernanda.nunes.moreira8119@email.com,Feminino,BR
8120,Matheus Ramos Alves,matheus.ramos.alves8120@email.com,Masculino,BR
8121,Raquel Teixeira Morais,raquel.teixeira.morais8121@email.com,Feminino,BR
8122,Mauricio Santos Coelho,mauricio.santos.coelho8122@email.com,Masculino,BR
8123,Patricia Xavier Lima,patricia.xavier.lima8123@email.com,Feminino,BR
8124,Roberto Lopes Fonseca,roberto.lopes.fonseca8124@email.com,Masculino,BR
8125,Pamela Siqueira Azevedo,pamela.siqueira.azevedo8125@email.com,Feminino,BR
8126,Felipe Mendes Oliveira,felipe.mendes.oliveira8126@email.com,Masculino,BR
8127,Ana Pinheiro Vasconcelos,ana.pinheiro.vasconcelos8127@email.com,Feminino,BR
8128,Henrique Fonseca Araujo,henrique.fonseca.araujo8128@email.com,Masculino,BR
8129,Gisele Macedo Pires,gisele.macedo.pires8129@email.com,Feminino,BR
8130,Ricardo Torres Correia,ricardo.torres.correia8130@email.com,Masculino,BR
8131,Eliane Coelho Nascimento,eliane.coelho.nascimento8131@email.com,Feminino,BR
8132,Vinicius Duarte Silva,vinicius.duarte.silva8132@email.com,Masculino,BR
8133,Simone Araujo Siqueira,simone.araujo.siqueira8133@email.com,Feminino,BR
8134,Ricardo Cardoso Xavier,ricardo.cardoso.xavier8134@email.com,Masculino,BR
8135,Vanessa Oliveira Mendes,vanessa.oliveira.mendes8135@email.com,Feminino,BR
8136,Cesar Tavares Barros,cesar.tavares.barros8136@email.com,Masculino,BR
8137,Juliana Fernandes Fonseca,juliana.fernandes.fonseca8137@email.com,Feminino,BR
8138,Leandro Vasconcelos Reis,leandro.vasconcelos.reis8138@email.com,Masculino,BR
8139,Claudia Torres Rezende,claudia.torres.rezende8139@email.com,Feminino,BR
8140,Leonardo Xavier Tavares,leonardo.xavier.tavares8140@email.com,Masculino,BR
8141,Fabiana Rezende Morais,fabiana.rezende.morais8141@email.com,Feminino,BR
8142,Eduardo Vasconcelos Pereira,eduardo.vasconcelos.pereira8142@email.com,Masculino,BR
8143,Renata Azevedo Fonseca,renata.azevedo.fonseca8143@email.com,Feminino,BR
8144,Renato Brito Lima,renato.brito.lima8144@email.com,Masculino,BR
8145,Bianca Rodrigues Tavares,bianca.rodrigues.tavares8145@email.com,Feminino,BR
8146,Rafael Pinheiro Barbosa,rafael.pinheiro.barbosa8146@email.com,Masculino,BR
8147,Amanda Cunha Rodrigues,amanda.cunha.rodrigues8147@email.com,Feminino,BR
8148,Lucas Rocha Dias,lucas.rocha.dias8148@email.com,Masculino,BR
8149,Pamela Barbosa Costa,pamela.barbosa.costa8149@email.com,Feminino,BR
8150,Antonio Machado Duarte,antonio.machado.duarte8150@email.com,Masculino,BR
8151,Sabrina Araujo Carvalho,sabrina.araujo.carvalho8151@email.com,Feminino,BR
8152,Daniel Coelho Cardoso,daniel.coelho.cardoso8152@email.com,Masculino,BR
8153,Luciana Ribeiro Dias,luciana.ribeiro.dias8153@email.com,Feminino,BR
8154,Jose Siqueira Fonseca,jose.siqueira.fonseca8154@email.com,Masculino,BR
8155,Claudia Barbosa Fonseca,claudia.barbosa.fonseca8155@email.com,Feminino,BR
8156,Sergio Lima Guimaraes,sergio.lima.guimaraes8156@email.com,Masculino,BR
8157,Jessica Fernandes Silva,jessica.fernandes.silva8157@email.com,Feminino,BR
8158,Ricardo Correia Torres,ricardo.correia.torres8158@email.com,Masculino,BR
8159,Adriana Martins Ramos,adriana.martins.ramos8159@email.com,Feminino,BR
8160,Gabriel Santos Dias,gabriel.santos.dias8160@email.com,Masculino,BR
8161,Bruna Costa Barros,bruna.costa.barros8161@email.com,Feminino,BR
8162,Caio Torres Castro,caio.torres.castro8162@email.com,Masculino,BR
8163,Mariana Alves Ferreira,mariana.alves.ferreira8163@email.com,Feminino,BR
8164,Matheus Costa Reis,matheus.costa.reis8164@email.com,Masculino,BR
8165,Mariana Siqueira Siqueira,mariana.siqueira.siqueira8165@email.com,Feminino,BR
8166,Pedro Morais Fernandes,pedro.morais.fernandes8166@email.com,Masculino,BR
8167,Adriana Alves Melo,adriana.alves.melo8167@email.com,Feminino,BR
8168,Marcelo Fernandes Ferreira,marcelo.fernandes.ferreira8168@email.com,Masculino,BR
8169,Priscila Campos Brito,priscila.campos.brito8169@email.com,Feminino,BR
8170,Cesar Duarte Barros,cesar.duarte.barros8170@email.com,Masculino,BR
8171,Claudia Barros Macedo,claudia.barros.macedo8171@email.com,Feminino,BR
8172,Mauricio Lopes Rocha,mauricio.lopes.rocha8172@email.com,Masculino,BR
8173,Larissa Ferreira Lopes,larissa.ferreira.lopes8173@email.com,Feminino,BR
8174,Pedro Matos Reis,pedro.matos.reis8174@email.com,Masculino,BR
8175,Gisele Barros Morais,gisele.barros.morais8175@email.com,Feminino,BR
8176,Mauricio Barbosa Siqueira,mauricio.barbosa.siqueira8176@email.com,Masculino,BR
8177,Aline Santos Torres,aline.santos.torres8177@email.com,Feminino,BR
8178,Ricardo Castro Moreira,ricardo.castro.moreira8178@email.com,Masculino,BR
8179,Adriana Monteiro Castro,adriana.monteiro.castro8179@email.com,Feminino,BR
8180,Gabriel Martins Coelho,gabriel.martins.coelho8180@email.com,Masculino,BR
8181,Larissa Lopes Freitas,larissa.lopes.freitas8181@email.com,Feminino,BR
8182,Francisco Barros Pinheiro,francisco.barros.pinheiro8182@email.com,Masculino,BR
8183,Cristina Duarte Lopes,cristina.duarte.lopes8183@email.com,Feminino,BR
8184,Jose Campos Lopes,jose.campos.lopes8184@email.com,Masculino,BR
8185,Maria Castro Ribeiro,maria.castro.ribeiro8185@email.com,Feminino,BR
8186,Roberto Fernandes Santos,roberto.fernandes.santos8186@email.com,Masculino,BR
8187,Adriana Castro Oliveira,adriana.castro.oliveira8187@email.com,Feminino,BR
8188,Matheus Machado Cardoso,matheus.machado.cardoso8188@email.com,Masculino,BR
8189,Thais Siqueira Ferreira,thais.siqueira.ferreira8189@email.com,Feminino,BR
8190,Daniel Reis Gomes,daniel.reis.gomes8190@email.com,Masculino,BR
8191,Daniela Duarte Ferreira,daniela.duarte.ferreira8191@email.com,Feminino,BR
8192,Leandro Tavares Moreira,leandro.tavares.moreira8192@email.com,Masculino,BR
8193,Camila Coelho Vasconcelos,camila.coelho.vasconcelos8193@email.com,Feminino,BR
8194,Bruno Martins Barros,bruno.martins.barros8194@email.com,Masculino,BR
8195,Pamela Brito Torres,pamela.brito.torres8195@email.com,Feminino,BR
8196,Mauricio Nunes Xavier,mauricio.nunes.xavier8196@email.com,Masculino,BR
8197,Mariana Tavares Siqueira,mariana.tavares.siqueira8197@email.com,Feminino,BR
8198,Guilherme Pires Barros,guilherme.pires.barros8198@email.com,Masculino,BR
8199,Isabela Azevedo Matos,isabela.azevedo.matos8199@email.com,Feminino,BR
8200,Leonardo Fonseca Siqueira,leonardo.fonseca.siqueira8200@email.com,Masculino,BR
8201,Thais Siqueira Morais,thais.siqueira.morais8201@email.com,Feminino,BR
8202,Roberto Nunes Oliveira,roberto.nunes.oliveira8202@email.com,Masculino,BR
8203,Rosana Freitas Carvalho,rosana.freitas.carvalho8203@email.com,Feminino,BR
8204,Felipe Mendes Xavier,felipe.mendes.xavier8204@email.com,Masculino,BR
8205,Camila Xavier Fonseca,camila.xavier.fonseca8205@email.com,Feminino,BR
8206,Guilherme Lima Freitas,guilherme.lima.freitas8206@email.com,Masculino,BR
8207,Luciana Oliveira Rezende,luciana.oliveira.rezende8207@email.com,Feminino,BR
8208,Rafael Vasconcelos Araujo,rafael.vasconcelos.araujo8208@email.com,Masculino,BR
8209,Vanessa Rezende Barbosa,vanessa.rezende.barbosa8209@email.com,Feminino,BR
8210,Rafael Pires Carvalho,rafael.pires.carvalho8210@email.com,Masculino,BR
8211,Monica Matos Rodrigues,monica.matos.rodrigues8211@email.com,Feminino,BR
8212,Paulo Alves Macedo,paulo.alves.macedo8212@email.com,Masculino,BR
8213,Bruna Fonseca Fernandes,bruna.fonseca.fernandes8213@email.com,Feminino,BR
8214,Leonardo Ribeiro Barbosa,leonardo.ribeiro.barbosa8214@email.com,Masculino,BR
8215,Juliana Tavares Cunha,juliana.tavares.cunha8215@email.com,Feminino,BR
8216,Rodrigo Reis Guimaraes,rodrigo.reis.guimaraes8216@email.com,Masculino,BR
8217,Daniela Rodrigues Castro,daniela.rodrigues.castro8217@email.com,Feminino,BR
8218,Gustavo Matos Mendes,gustavo.matos.mendes8218@email.com,Masculino,BR
8219,Andrea Ramos Santos,andrea.ramos.santos8219@email.com,Feminino,BR
8220,Vinicius Lopes Barros,vinicius.lopes.barros8220@email.com,Masculino,BR
8221,Raquel Rocha Pereira,raquel.rocha.pereira8221@email.com,Feminino,BR
8222,Renato Silva Rocha,renato.silva.rocha8222@email.com,Masculino,BR
8223,Tatiane Teixeira Alves,tatiane.teixeira.alves8223@email.com,Feminino,BR
8224,Alexandre Rocha Martins,alexandre.rocha.martins8224@email.com,Masculino,BR
8225,Sandra Fonseca Coelho,sandra.fonseca.coelho8225@email.com,Feminino,BR
8226,Gustavo Torres Morais,gustavo.torres.morais8226@email.com,Masculino,BR
8227,Bianca Nunes Castro,bianca.nunes.castro8227@email.com,Feminino,BR
8228,Marcelo Souza Silva,marcelo.souza.silva8228@email.com,Masculino,BR
8229,Aline Duarte Xavier,aline.duarte.xavier8229@email.com,Feminino,BR
8230,Eduardo Nunes Castro,eduardo.nunes.castro8230@email.com,Masculino,BR
8231,Carolina Castro Nascimento,carolina.castro.nascimento8231@email.com,Feminino,BR
8232,Jose Carvalho Guimaraes,jose.carvalho.guimaraes8232@email.com,Masculino,BR
8233,Juliana Ramos Souza,juliana.ramos.souza8233@email.com,Feminino,BR
8234,Henrique Moreira Machado,henrique.moreira.machado8234@email.com,Masculino,BR
8235,Isabela Coelho Moura,isabela.coelho.moura8235@email.com,Feminino,BR
8236,Renato Tavares Duarte,renato.tavares.duarte8236@email.com,Masculino,BR
8237,Patricia Ramos Santos,patricia.ramos.santos8237@email.com,Feminino,BR
8238,Cesar Reis Pereira,cesar.reis.pereira8238@email.com,Masculino,BR
8239,Camila Monteiro Pereira,camila.monteiro.pereira8239@email.com,Feminino,BR
8240,Marcos Reis Lima,marcos.reis.lima8240@email.com,Masculino,BR
8241,Rosana Coelho Matos,rosana.coelho.matos8241@email.com,Feminino,BR
8242,Gustavo Freitas Siqueira,gustavo.freitas.siqueira8242@email.com,Masculino,BR
8243,Claudia Morais Torres,claudia.morais.torres8243@email.com,Feminino,BR
8244,Thiago Torres Dias,thiago.torres.dias8244@email.com,Masculino,BR
8245,Bianca Alves Carvalho,bianca.alves.carvalho8245@email.com,Feminino,BR
8246,Marcos Machado Matos,marcos.machado.matos8246@email.com,Masculino,BR
8247,Bianca Silva Teixeira,bianca.silva.teixeira8247@email.com,Feminino,BR
8248,Daniel Araujo Oliveira,daniel.araujo.oliveira8248@email.com,Masculino,BR
8249,Adriana Cardoso Pires,adriana.cardoso.pires8249@email.com,Feminino,BR
8250,Jose Alves Moreira,jose.alves.moreira8250@email.com,Masculino,BR
8251,Monica Macedo Reis,monica.macedo.reis8251@email.com,Feminino,BR
8252,Pedro Martins Campos,pedro.martins.campos8252@email.com,Masculino,BR
8253,Sabrina Coelho Monteiro,sabrina.coelho.monteiro8253@email.com,Feminino,BR
8254,Antonio Rocha Mendes,antonio.rocha.mendes8254@email.com,Masculino,BR
8255,Larissa Guimaraes Alves,larissa.guimaraes.alves8255@email.com,Feminino,BR
8256,Guilherme Cardoso Vasconcelos,guilherme.cardoso.vasconcelos8256@email.com,Masculino,BR
8257,Juliana Gomes Nascimento,juliana.gomes.nascimento8257@email.com,Feminino,BR
8258,Rodrigo Nunes Santos,rodrigo.nunes.santos8258@email.com,Masculino,BR
8259,Eliane Cunha Moreira,eliane.cunha.moreira8259@email.com,Feminino,BR
8260,Ricardo Machado Coelho,ricardo.machado.coelho8260@email.com,Masculino,BR
8261,Thais Pinheiro Pereira,thais.pinheiro.pereira8261@email.com,Feminino,BR
8262,Francisco Souza Nascimento,francisco.souza.nascimento8262@email.com,Masculino,BR
8263,Adriana Tavares Castro,adriana.tavares.castro8263@email.com,Feminino,BR
8264,Sergio Coelho Castro,sergio.coelho.castro8264@email.com,Masculino,BR
8265,Juliana Castro Castro,juliana.castro.castro8265@email.com,Feminino,BR
8266,João Moreira Azevedo,joão.moreira.azevedo8266@email.com,Masculino,BR
8267,Tatiane Rocha Alves,tatiane.rocha.alves8267@email.com,Feminino,BR
8268,Vinicius Ferreira Lopes,vinicius.ferreira.lopes8268@email.com,Masculino,BR
8269,Sabrina Cunha Moura,sabrina.cunha.moura8269@email.com,Feminino,BR
8270,Lucas Xavier Carvalho,lucas.xavier.carvalho8270@email.com,Masculino,BR
8271,Simone Guimaraes Ribeiro,simone.guimaraes.ribeiro8271@email.com,Feminino,BR
8272,Leonardo Morais Rodrigues,leonardo.morais.rodrigues8272@email.com,Masculino,BR
8273,Adriana Castro Ramos,adriana.castro.ramos8273@email.com,Feminino,BR
8274,Cesar Siqueira Castro,cesar.siqueira.castro8274@email.com,Masculino,BR
8275,Andrea Fernandes Araujo,andrea.fernandes.araujo8275@email.com,Feminino,BR
8276,Mauricio Moreira Nascimento,mauricio.moreira.nascimento8276@email.com,Masculino,BR
8277,Andrea Pires Lopes,andrea.pires.lopes8277@email.com,Feminino,BR
8278,Leandro Barros Rodrigues,leandro.barros.rodrigues8278@email.com,Masculino,BR
8279,Eliane Monteiro Nascimento,eliane.monteiro.nascimento8279@email.com,Feminino,BR
8280,Bruno Cardoso Teixeira,bruno.cardoso.teixeira8280@email.com,Masculino,BR
8281,Rosana Mendes Cardoso,rosana.mendes.cardoso8281@email.com,Feminino,BR
8282,Roberto Lima Lima,roberto.lima.lima8282@email.com,Masculino,BR
8283,Andrea Souza Matos,andrea.souza.matos8283@email.com,Feminino,BR
8284,Wagner Brito Ribeiro,wagner.brito.ribeiro8284@email.com,Masculino,BR
8285,Fernanda Melo Brito,fernanda.melo.brito8285@email.com,Feminino,BR
8286,Fernando Campos Araujo,fernando.campos.araujo8286@email.com,Masculino,BR
8287,Daniela Nascimento Oliveira,daniela.nascimento.oliveira8287@email.com,Feminino,BR
8288,Paulo Lima Pereira,paulo.lima.pereira8288@email.com,Masculino,BR
8289,Thais Ferreira Ramos,thais.ferreira.ramos8289@email.com,Feminino,BR
8290,Roberto Carvalho Reis,roberto.carvalho.reis8290@email.com,Masculino,BR
8291,Claudia Castro Coelho,claudia.castro.coelho8291@email.com,Feminino,BR
8292,Rafael Fernandes Moreira,rafael.fernandes.moreira8292@email.com,Masculino,BR
8293,Tatiana Cunha Cardoso,tatiana.cunha.cardoso8293@email.com,Feminino,BR
8294,Gustavo Cunha Correia,gustavo.cunha.correia8294@email.com,Masculino,BR
8295,Beatriz Alves Barros,beatriz.alves.barros8295@email.com,Feminino,BR
8296,Mauricio Mendes Cardoso,mauricio.mendes.cardoso8296@email.com,Masculino,BR
8297,Carla Tavares Costa,carla.tavares.costa8297@email.com,Feminino,BR
8298,Alexandre Rezende Silva,alexandre.rezende.silva8298@email.com,Masculino,BR
8299,Fernanda Santos Tavares,fernanda.santos.tavares8299@email.com,Feminino,BR
8300,Sergio Monteiro Fernandes,sergio.monteiro.fernandes8300@email.com,Masculino,BR
8301,Beatriz Monteiro Moura,beatriz.monteiro.moura8301@email.com,Feminino,BR
8302,Mauricio Mendes Ribeiro,mauricio.mendes.ribeiro8302@email.com,Masculino,BR
8303,Fernanda Barbosa Rodrigues,fernanda.barbosa.rodrigues8303@email.com,Feminino,BR
8304,Alexandre Brito Nunes,alexandre.brito.nunes8304@email.com,Masculino,BR
8305,Tatiane Guimaraes Ramos,tatiane.guimaraes.ramos8305@email.com,Feminino,BR
8306,Guilherme Rezende Cunha,guilherme.rezende.cunha8306@email.com,Masculino,BR
8307,Fernanda Cardoso Xavier,fernanda.cardoso.xavier8307@email.com,Feminino,BR
8308,Guilherme Mendes Martins,guilherme.mendes.martins8308@email.com,Masculino,BR
8309,Maria Torres Xavier,maria.torres.xavier8309@email.com,Feminino,BR
8310,Leandro Cardoso Ramos,leandro.cardoso.ramos8310@email.com,Masculino,BR
8311,Carla Rezende Coelho,carla.rezende.coelho8311@email.com,Feminino,BR
8312,Renato Teixeira Castro,renato.teixeira.castro8312@email.com,Masculino,BR
8313,Ana Duarte Lopes,ana.duarte.lopes8313@email.com,Feminino,BR
8314,Leandro Macedo Cardoso,leandro.macedo.cardoso8314@email.com,Masculino,BR
8315,Cristina Gomes Xavier,cristina.gomes.xavier8315@email.com,Feminino,BR
8316,Jose Fernandes Tavares,jose.fernandes.tavares8316@email.com,Masculino,BR
8317,Ana Ramos Souza,ana.ramos.souza8317@email.com,Feminino,BR
8318,Gustavo Melo Xavier,gustavo.melo.xavier8318@email.com,Masculino,BR
8319,Carla Mendes Fernandes,carla.mendes.fernandes8319@email.com,Feminino,BR
8320,Leonardo Rodrigues Xavier,leonardo.rodrigues.xavier8320@email.com,Masculino,BR
8321,Beatriz Melo Morais,beatriz.melo.morais8321@email.com,Feminino,BR
8322,Daniel Macedo Cunha,daniel.macedo.cunha8322@email.com,Masculino,BR
8323,Monica Nascimento Barbosa,monica.nascimento.barbosa8323@email.com,Feminino,BR
8324,Roberto Alves Moreira,roberto.alves.moreira8324@email.com,Masculino,BR
8325,Monica Tavares Tavares,monica.tavares.tavares8325@email.com,Feminino,BR
8326,Paulo Carvalho Costa,paulo.carvalho.costa8326@email.com,Masculino,BR
8327,Maria Nascimento Brito,maria.nascimento.brito8327@email.com,Feminino,BR
8328,Guilherme Martins Melo,guilherme.martins.melo8328@email.com,Masculino,BR
8329,Vanessa Lima Ribeiro,vanessa.lima.ribeiro8329@email.com,Feminino,BR
8330,Rafael Barbosa Ribeiro,rafael.barbosa.ribeiro8330@email.com,Masculino,BR
8331,Jessica Ramos Machado,jessica.ramos.machado8331@email.com,Feminino,BR
8332,Fernando Monteiro Moreira,fernando.monteiro.moreira8332@email.com,Masculino,BR
8333,Beatriz Coelho Cardoso,beatriz.coelho.cardoso8333@email.com,Feminino,BR
8334,Cesar Pereira Rodrigues,cesar.pereira.rodrigues8334@email.com,Masculino,BR
8335,Ana Alves Ferreira,ana.alves.ferreira8335@email.com,Feminino,BR
8336,Daniel Nunes Correia,daniel.nunes.correia8336@email.com,Masculino,BR
8337,Amanda Ferreira Campos,amanda.ferreira.campos8337@email.com,Feminino,BR
8338,Jose Torres Mendes,jose.torres.mendes8338@email.com,Masculino,BR
8339,Gisele Fernandes Moura,gisele.fernandes.moura8339@email.com,Feminino,BR
8340,Alexandre Costa Silva,alexandre.costa.silva8340@email.com,Masculino,BR
8341,Gisele Silva Alves,gisele.silva.alves8341@email.com,Feminino,BR
8342,Fernando Fonseca Moura,fernando.fonseca.moura8342@email.com,Masculino,BR
8343,Carolina Machado Correia,carolina.machado.correia8343@email.com,Feminino,BR
8344,Antonio Pires Souza,antonio.pires.souza8344@email.com,Masculino,BR
8345,Renata Ferreira Ribeiro,renata.ferreira.ribeiro8345@email.com,Feminino,BR
8346,Sergio Tavares Freitas,sergio.tavares.freitas8346@email.com,Masculino,BR
8347,Jessica Xavier Silva,jessica.xavier.silva8347@email.com,Feminino,BR
8348,Vinicius Lopes Souza,vinicius.lopes.souza8348@email.com,Masculino,BR
8349,Bianca Xavier Mendes,bianca.xavier.mendes8349@email.com,Feminino,BR
8350,Thiago Morais Fernandes,thiago.morais.fernandes8350@email.com,Masculino,BR
8351,Luciana Pereira Rocha,luciana.pereira.rocha8351@email.com,Feminino,BR
8352,Felipe Martins Costa,felipe.martins.costa8352@email.com,Masculino,BR
8353,Tatiana Moura Mendes,tatiana.moura.mendes8353@email.com,Feminino,BR
8354,Eduardo Pinheiro Coelho,eduardo.pinheiro.coelho8354@email.com,Masculino,BR
8355,Thais Teixeira Carvalho,thais.teixeira.carvalho8355@email.com,Feminino,BR
8356,Guilherme Freitas Nascimento,guilherme.freitas.nascimento8356@email.com,Masculino,BR
8357,Rosana Matos Rodrigues,rosana.matos.rodrigues8357@email.com,Feminino,BR
8358,Marcelo Costa Azevedo,marcelo.costa.azevedo8358@email.com,Masculino,BR
8359,Tatiane Freitas Torres,tatiane.freitas.torres8359@email.com,Feminino,BR
8360,Thiago Campos Mendes,thiago.campos.mendes8360@email.com,Masculino,BR
8361,Aline Ribeiro Monteiro,aline.ribeiro.monteiro8361@email.com,Feminino,BR
8362,Gabriel Lima Siqueira,gabriel.lima.siqueira8362@email.com,Masculino,BR
8363,Tatiane Nascimento Coelho,tatiane.nascimento.coelho8363@email.com,Feminino,BR
8364,Eduardo Barros Cardoso,eduardo.barros.cardoso8364@email.com,Masculino,BR
8365,Adriana Campos Fernandes,adriana.campos.fernandes8365@email.com,Feminino,BR
8366,Vinicius Costa Oliveira,vinicius.costa.oliveira8366@email.com,Masculino,BR
8367,Luciana Mendes Monteiro,luciana.mendes.monteiro8367@email.com,Feminino,BR
8368,Fabio Barbosa Vasconcelos,fabio.barbosa.vasconcelos8368@email.com,Masculino,BR
8369,Bruna Teixeira Pinheiro,bruna.teixeira.pinheiro8369@email.com,Feminino,BR
8370,Rafael Gomes Melo,rafael.gomes.melo8370@email.com,Masculino,BR
8371,Patricia Lima Souza,patricia.lima.souza8371@email.com,Feminino,BR
8372,André Rocha Correia,andré.rocha.correia8372@email.com,Masculino,BR
8373,Jessica Barbosa Macedo,jessica.barbosa.macedo8373@email.com,Feminino,BR
8374,Marcelo Guimaraes Coelho,marcelo.guimaraes.coelho8374@email.com,Masculino,BR
8375,Pamela Brito Guimaraes,pamela.brito.guimaraes8375@email.com,Feminino,BR
8376,Bruno Lopes Lopes,bruno.lopes.lopes8376@email.com,Masculino,BR
8377,Carolina Coelho Dias,carolina.coelho.dias8377@email.com,Feminino,BR
8378,Gustavo Siqueira Barbosa,gustavo.siqueira.barbosa8378@email.com,Masculino,BR
8379,Mariana Rezende Martins,mariana.rezende.martins8379@email.com,Feminino,BR
8380,Pedro Gomes Reis,pedro.gomes.reis8380@email.com,Masculino,BR
8381,Tatiane Castro Rodrigues,tatiane.castro.rodrigues8381@email.com,Feminino,BR
8382,Thiago Torres Pereira,thiago.torres.pereira8382@email.com,Masculino,BR
8383,Thais Freitas Correia,thais.freitas.correia8383@email.com,Feminino,BR
8384,João Vasconcelos Castro,joão.vasconcelos.castro8384@email.com,Masculino,BR
8385,Fernanda Fernandes Melo,fernanda.fernandes.melo8385@email.com,Feminino,BR
8386,Ricardo Tavares Xavier,ricardo.tavares.xavier8386@email.com,Masculino,BR
8387,Daniela Araujo Torres,daniela.araujo.torres8387@email.com,Feminino,BR
8388,Carlos Mendes Teixeira,carlos.mendes.teixeira8388@email.com,Masculino,BR
8389,Renata Oliveira Rodrigues,renata.oliveira.rodrigues8389@email.com,Feminino,BR
8390,Wagner Xavier Carvalho,wagner.xavier.carvalho8390@email.com,Masculino,BR
8391,Simone Matos Castro,simone.matos.castro8391@email.com,Feminino,BR
8392,Jose Reis Rocha,jose.reis.rocha8392@email.com,Masculino,BR
8393,Sabrina Guimaraes Carvalho,sabrina.guimaraes.carvalho8393@email.com,Feminino,BR
8394,Igor Melo Carvalho,igor.melo.carvalho8394@email.com,Masculino,BR
8395,Raquel Silva Oliveira,raquel.silva.oliveira8395@email.com,Feminino,BR
8396,Lucas Barros Pereira,lucas.barros.pereira8396@email.com,Masculino,BR
8397,Carolina Lopes Machado,carolina.lopes.machado8397@email.com,Feminino,BR
8398,Jose Barbosa Barros,jose.barbosa.barros8398@email.com,Masculino,BR
8399,Patricia Reis Ramos,patricia.reis.ramos8399@email.com,Feminino,BR
8400,Paulo Ribeiro Nunes,paulo.ribeiro.nunes8400@email.com,Masculino,BR
8401,Adriana Mendes Siqueira,adriana.mendes.siqueira8401@email.com,Feminino,BR
8402,Fabio Mendes Mendes,fabio.mendes.mendes8402@email.com,Masculino,BR
8403,Luciana Costa Torres,luciana.costa.torres8403@email.com,Feminino,BR
8404,Marcelo Dias Torres,marcelo.dias.torres8404@email.com,Masculino,BR
8405,Gisele Campos Nascimento,gisele.campos.nascimento8405@email.com,Feminino,BR
8406,Ricardo Machado Tavares,ricardo.machado.tavares8406@email.com,Masculino,BR
8407,Andrea Dias Lopes,andrea.dias.lopes8407@email.com,Feminino,BR
8408,Rafael Alves Silva,rafael.alves.silva8408@email.com,Masculino,BR
8409,Simone Araujo Vasconcelos,simone.araujo.vasconcelos8409@email.com,Feminino,BR
8410,Wagner Lima Rocha,wagner.lima.rocha8410@email.com,Masculino,BR
8411,Gisele Azevedo Barros,gisele.azevedo.barros8411@email.com,Feminino,BR
8412,Jose Siqueira Mendes,jose.siqueira.mendes8412@email.com,Masculino,BR
8413,Gisele Pinheiro Rodrigues,gisele.pinheiro.rodrigues8413@email.com,Feminino,BR
8414,Cesar Duarte Fonseca,cesar.duarte.fonseca8414@email.com,Masculino,BR
8415,Luciana Fonseca Moura,luciana.fonseca.moura8415@email.com,Feminino,BR
8416,Jose Macedo Rocha,jose.macedo.rocha8416@email.com,Masculino,BR
8417,Claudia Costa Monteiro,claudia.costa.monteiro8417@email.com,Feminino,BR
8418,Diego Machado Fonseca,diego.machado.fonseca8418@email.com,Masculino,BR
8419,Beatriz Reis Machado,beatriz.reis.machado8419@email.com,Feminino,BR
8420,Lucas Nunes Reis,lucas.nunes.reis8420@email.com,Masculino,BR
8421,Jessica Brito Souza,jessica.brito.souza8421@email.com,Feminino,BR
8422,Henrique Rodrigues Carvalho,henrique.rodrigues.carvalho8422@email.com,Masculino,BR
8423,Juliana Fernandes Ferreira,juliana.fernandes.ferreira8423@email.com,Feminino,BR
8424,Wagner Castro Pinheiro,wagner.castro.pinheiro8424@email.com,Masculino,BR
8425,Daniela Correia Mendes,daniela.correia.mendes8425@email.com,Feminino,BR
8426,Daniel Nunes Souza,daniel.nunes.souza8426@email.com,Masculino,BR
8427,Tatiana Reis Pires,tatiana.reis.pires8427@email.com,Feminino,BR
8428,Eduardo Fonseca Lopes,eduardo.fonseca.lopes8428@email.com,Masculino,BR
8429,Mariana Moura Araujo,mariana.moura.araujo8429@email.com,Feminino,BR
8430,Gustavo Duarte Xavier,gustavo.duarte.xavier8430@email.com,Masculino,BR
8431,Amanda Rocha Lima,amanda.rocha.lima8431@email.com,Feminino,BR
8432,Rafael Rezende Santos,rafael.rezende.santos8432@email.com,Masculino,BR
8433,Carolina Torres Martins,carolina.torres.martins8433@email.com,Feminino,BR
8434,Sergio Dias Ribeiro,sergio.dias.ribeiro8434@email.com,Masculino,BR
8435,Fabiana Barros Costa,fabiana.barros.costa8435@email.com,Feminino,BR
8436,Sergio Pires Dias,sergio.pires.dias8436@email.com,Masculino,BR
8437,Mariana Rocha Lima,mariana.rocha.lima8437@email.com,Feminino,BR
8438,Carlos Torres Lima,carlos.torres.lima8438@email.com,Masculino,BR
8439,Maria Ribeiro Carvalho,maria.ribeiro.carvalho8439@email.com,Feminino,BR
8440,Daniel Silva Santos,daniel.silva.santos8440@email.com,Masculino,BR
8441,Patricia Nascimento Moura,patricia.nascimento.moura8441@email.com,Feminino,BR
8442,Alexandre Azevedo Ramos,alexandre.azevedo.ramos8442@email.com,Masculino,BR
8443,Daniela Lima Oliveira,daniela.lima.oliveira8443@email.com,Feminino,BR
8444,Pedro Barros Reis,pedro.barros.reis8444@email.com,Masculino,BR
8445,Claudia Siqueira Pires,claudia.siqueira.pires8445@email.com,Feminino,BR
8446,Fernando Correia Rodrigues,fernando.correia.rodrigues8446@email.com,Masculino,BR
8447,Larissa Silva Pires,larissa.silva.pires8447@email.com,Feminino,BR
8448,Bruno Torres Barbosa,bruno.torres.barbosa8448@email.com,Masculino,BR
8449,Renata Campos Rodrigues,renata.campos.rodrigues8449@email.com,Feminino,BR
8450,Bruno Barbosa Costa,bruno.barbosa.costa8450@email.com,Masculino,BR
8451,Priscila Pires Barbosa,priscila.pires.barbosa8451@email.com,Feminino,BR
8452,Diego Vasconcelos Araujo,diego.vasconcelos.araujo8452@email.com,Masculino,BR
8453,Camila Fonseca Barros,camila.fonseca.barros8453@email.com,Feminino,BR
8454,Roberto Xavier Machado,roberto.xavier.machado8454@email.com,Masculino,BR
8455,Sabrina Cunha Xavier,sabrina.cunha.xavier8455@email.com,Feminino,BR
8456,Rafael Vasconcelos Souza,rafael.vasconcelos.souza8456@email.com,Masculino,BR
8457,Renata Cardoso Monteiro,renata.cardoso.monteiro8457@email.com,Feminino,BR
8458,Matheus Fonseca Cardoso,matheus.fonseca.cardoso8458@email.com,Masculino,BR
8459,Amanda Oliveira Silva,amanda.oliveira.silva8459@email.com,Feminino,BR
8460,André Matos Macedo,andré.matos.macedo8460@email.com,Masculino,BR
8461,Ana Azevedo Reis,ana.azevedo.reis8461@email.com,Feminino,BR
8462,Leonardo Ribeiro Silva,leonardo.ribeiro.silva8462@email.com,Masculino,BR
8463,Carla Torres Torres,carla.torres.torres8463@email.com,Feminino,BR
8464,Vinicius Teixeira Pinheiro,vinicius.teixeira.pinheiro8464@email.com,Masculino,BR
8465,Rosana Rodrigues Lopes,rosana.rodrigues.lopes8465@email.com,Feminino,BR
8466,Ricardo Teixeira Santos,ricardo.teixeira.santos8466@email.com,Masculino,BR
8467,Juliana Ramos Ramos,juliana.ramos.ramos8467@email.com,Feminino,BR
8468,Alexandre Ramos Nunes,alexandre.ramos.nunes8468@email.com,Masculino,BR
8469,Camila Pereira Silva,camila.pereira.silva8469@email.com,Feminino,BR
8470,Leonardo Campos Monteiro,leonardo.campos.monteiro8470@email.com,Masculino,BR
8471,Camila Correia Ferreira,camila.correia.ferreira8471@email.com,Feminino,BR
8472,Eduardo Barbosa Silva,eduardo.barbosa.silva8472@email.com,Masculino,BR
8473,Jessica Castro Cardoso,jessica.castro.cardoso8473@email.com,Feminino,BR
8474,Lucas Moreira Guimaraes,lucas.moreira.guimaraes8474@email.com,Masculino,BR
8475,Rosana Nunes Macedo,rosana.nunes.macedo8475@email.com,Feminino,BR
8476,Cesar Machado Oliveira,cesar.machado.oliveira8476@email.com,Masculino,BR
8477,Fabiana Guimaraes Silva,fabiana.guimaraes.silva8477@email.com,Feminino,BR
8478,Fabio Macedo Pires,fabio.macedo.pires8478@email.com,Masculino,BR
8479,Renata Ramos Cunha,renata.ramos.cunha8479@email.com,Feminino,BR
8480,Rafael Gomes Barbosa,rafael.gomes.barbosa8480@email.com,Masculino,BR
8481,Tatiane Rocha Rodrigues,tatiane.rocha.rodrigues8481@email.com,Feminino,BR
8482,Marcelo Matos Duarte,marcelo.matos.duarte8482@email.com,Masculino,BR
8483,Eliane Guimaraes Moreira,eliane.guimaraes.moreira8483@email.com,Feminino,BR
8484,Thiago Rodrigues Tavares,thiago.rodrigues.tavares8484@email.com,Masculino,BR
8485,Bruna Xavier Silva,bruna.xavier.silva8485@email.com,Feminino,BR
8486,Francisco Carvalho Castro,francisco.carvalho.castro8486@email.com,Masculino,BR
8487,Luciana Pires Pires,luciana.pires.pires8487@email.com,Feminino,BR
8488,Francisco Morais Duarte,francisco.morais.duarte8488@email.com,Masculino,BR
8489,Larissa Machado Moura,larissa.machado.moura8489@email.com,Feminino,BR
8490,Antonio Xavier Guimaraes,antonio.xavier.guimaraes8490@email.com,Masculino,BR
8491,Patricia Campos Santos,patricia.campos.santos8491@email.com,Feminino,BR
8492,Fabio Fernandes Fonseca,fabio.fernandes.fonseca8492@email.com,Masculino,BR
8493,Luciana Ribeiro Campos,luciana.ribeiro.campos8493@email.com,Feminino,BR
8494,Caio Melo Pereira,caio.melo.pereira8494@email.com,Masculino,BR
8495,Eliane Azevedo Rodrigues,eliane.azevedo.rodrigues8495@email.com,Feminino,BR
8496,Pedro Nascimento Tavares,pedro.nascimento.tavares8496@email.com,Masculino,BR
8497,Priscila Souza Santos,priscila.souza.santos8497@email.com,Feminino,BR
8498,Bruno Souza Ramos,bruno.souza.ramos8498@email.com,Masculino,BR
8499,Sandra Azevedo Melo,sandra.azevedo.melo8499@email.com,Feminino,BR
8500,Francisco Duarte Pires,francisco.duarte.pires8500@email.com,Masculino,BR
8501,Vanessa Rodrigues Silva,vanessa.rodrigues.silva8501@email.com,Feminino,BR
8502,Leandro Ferreira Pires,leandro.ferreira.pires8502@email.com,Masculino,BR
8503,Maria Coelho Duarte,maria.coelho.duarte8503@email.com,Feminino,BR
8504,Fabio Souza Pereira,fabio.souza.pereira8504@email.com,Masculino,BR
8505,Bruna Campos Teixeira,bruna.campos.teixeira8505@email.com,Feminino,BR
8506,Jose Cardoso Lima,jose.cardoso.lima8506@email.com,Masculino,BR
8507,Bruna Rezende Azevedo,bruna.rezende.azevedo8507@email.com,Feminino,BR
8508,Rodrigo Correia Ferreira,rodrigo.correia.ferreira8508@email.com,Masculino,BR
8509,Beatriz Rezende Barbosa,beatriz.rezende.barbosa8509@email.com,Feminino,BR
8510,Alexandre Tavares Ribeiro,alexandre.tavares.ribeiro8510@email.com,Masculino,BR
8511,Patricia Alves Castro,patricia.alves.castro8511@email.com,Feminino,BR
8512,Rafael Rocha Nunes,rafael.rocha.nunes8512@email.com,Masculino,BR
8513,Camila Tavares Correia,camila.tavares.correia8513@email.com,Feminino,BR
8514,Mauricio Moreira Souza,mauricio.moreira.souza8514@email.com,Masculino,BR
8515,Luciana Nunes Ribeiro,luciana.nunes.ribeiro8515@email.com,Feminino,BR
8516,Thiago Rocha Tavares,thiago.rocha.tavares8516@email.com,Masculino,BR
8517,Thais Teixeira Barros,thais.teixeira.barros8517@email.com,Feminino,BR
8518,Mauricio Pereira Lopes,mauricio.pereira.lopes8518@email.com,Masculino,BR
8519,Fernanda Fernandes Correia,fernanda.fernandes.correia8519@email.com,Feminino,BR
8520,Henrique Matos Matos,henrique.matos.matos8520@email.com,Masculino,BR
8521,Carla Nunes Souza,carla.nunes.souza8521@email.com,Feminino,BR
8522,Lucas Torres Pires,lucas.torres.pires8522@email.com,Masculino,BR
8523,Sandra Brito Barbosa,sandra.brito.barbosa8523@email.com,Feminino,BR
8524,Fabio Rezende Reis,fabio.rezende.reis8524@email.com,Masculino,BR
8525,Juliana Cardoso Ramos,juliana.cardoso.ramos8525@email.com,Feminino,BR
8526,Jose Souza Silva,jose.souza.silva8526@email.com,Masculino,BR
8527,Eliane Rocha Souza,eliane.rocha.souza8527@email.com,Feminino,BR
8528,Fabio Rezende Reis,fabio.rezende.reis8528@email.com,Masculino,BR
8529,Maria Correia Duarte,maria.correia.duarte8529@email.com,Feminino,BR
8530,Pedro Matos Costa,pedro.matos.costa8530@email.com,Masculino,BR
8531,Patricia Morais Moreira,patricia.morais.moreira8531@email.com,Feminino,BR
8532,Eduardo Correia Teixeira,eduardo.correia.teixeira8532@email.com,Masculino,BR
8533,Bianca Nunes Costa,bianca.nunes.costa8533@email.com,Feminino,BR
8534,Caio Martins Dias,caio.martins.dias8534@email.com,Masculino,BR
8535,Beatriz Nunes Melo,beatriz.nunes.melo8535@email.com,Feminino,BR
8536,Fernando Ribeiro Barros,fernando.ribeiro.barros8536@email.com,Masculino,BR
8537,Mariana Pires Guimaraes,mariana.pires.guimaraes8537@email.com,Feminino,BR
8538,Diego Matos Xavier,diego.matos.xavier8538@email.com,Masculino,BR
8539,Sabrina Silva Costa,sabrina.silva.costa8539@email.com,Feminino,BR
8540,Bruno Rezende Moura,bruno.rezende.moura8540@email.com,Masculino,BR
8541,Fabiana Ribeiro Martins,fabiana.ribeiro.martins8541@email.com,Feminino,BR
8542,Henrique Correia Lopes,henrique.correia.lopes8542@email.com,Masculino,BR
8543,Priscila Ferreira Souza,priscila.ferreira.souza8543@email.com,Feminino,BR
8544,Matheus Pereira Rodrigues,matheus.pereira.rodrigues8544@email.com,Masculino,BR
8545,Gisele Xavier Macedo,gisele.xavier.macedo8545@email.com,Feminino,BR
8546,Fabio Silva Machado,fabio.silva.machado8546@email.com,Masculino,BR
8547,Patricia Costa Xavier,patricia.costa.xavier8547@email.com,Feminino,BR
8548,Paulo Pires Vasconcelos,paulo.pires.vasconcelos8548@email.com,Masculino,BR
8549,Fernanda Ferreira Lima,fernanda.ferreira.lima8549@email.com,Feminino,BR
8550,Sergio Campos Silva,sergio.campos.silva8550@email.com,Masculino,BR
8551,Andrea Ribeiro Melo,andrea.ribeiro.melo8551@email.com,Feminino,BR
8552,Caio Fernandes Alves,caio.fernandes.alves8552@email.com,Masculino,BR
8553,Camila Cardoso Ribeiro,camila.cardoso.ribeiro8553@email.com,Feminino,BR
8554,Guilherme Ferreira Pinheiro,guilherme.ferreira.pinheiro8554@email.com,Masculino,BR
8555,Juliana Pinheiro Campos,juliana.pinheiro.campos8555@email.com,Feminino,BR
8556,Eduardo Torres Xavier,eduardo.torres.xavier8556@email.com,Masculino,BR
8557,Jessica Costa Torres,jessica.costa.torres8557@email.com,Feminino,BR
8558,Sergio Souza Gomes,sergio.souza.gomes8558@email.com,Masculino,BR
8559,Juliana Oliveira Azevedo,juliana.oliveira.azevedo8559@email.com,Feminino,BR
8560,Ricardo Fernandes Ramos,ricardo.fernandes.ramos8560@email.com,Masculino,BR
8561,Rosana Cardoso Brito,rosana.cardoso.brito8561@email.com,Feminino,BR
8562,João Silva Machado,joão.silva.machado8562@email.com,Masculino,BR
8563,Adriana Nascimento Reis,adriana.nascimento.reis8563@email.com,Feminino,BR
8564,Bruno Barros Duarte,bruno.barros.duarte8564@email.com,Masculino,BR
8565,Raquel Pires Correia,raquel.pires.correia8565@email.com,Feminino,BR
8566,Diego Nascimento Barbosa,diego.nascimento.barbosa8566@email.com,Masculino,BR
8567,Cristina Fernandes Vasconcelos,cristina.fernandes.vasconcelos8567@email.com,Feminino,BR
8568,Rafael Fernandes Duarte,rafael.fernandes.duarte8568@email.com,Masculino,BR
8569,Fabiana Azevedo Cunha,fabiana.azevedo.cunha8569@email.com,Feminino,BR
8570,Mauricio Pires Duarte,mauricio.pires.duarte8570@email.com,Masculino,BR
8571,Tatiana Melo Cunha,tatiana.melo.cunha8571@email.com,Feminino,BR
8572,Paulo Souza Tavares,paulo.souza.tavares8572@email.com,Masculino,BR
8573,Adriana Nunes Machado,adriana.nunes.machado8573@email.com,Feminino,BR
8574,Felipe Cunha Reis,felipe.cunha.reis8574@email.com,Masculino,BR
8575,Camila Guimaraes Xavier,camila.guimaraes.xavier8575@email.com,Feminino,BR
8576,Jose Rocha Machado,jose.rocha.machado8576@email.com,Masculino,BR
8577,Renata Fernandes Monteiro,renata.fernandes.monteiro8577@email.com,Feminino,BR
8578,Marcelo Ferreira Dias,marcelo.ferreira.dias8578@email.com,Masculino,BR
8579,Patricia Oliveira Mendes,patricia.oliveira.mendes8579@email.com,Feminino,BR
8580,Igor Oliveira Rocha,igor.oliveira.rocha8580@email.com,Masculino,BR
8581,Sandra Macedo Pires,sandra.macedo.pires8581@email.com,Feminino,BR
8582,Cesar Moreira Carvalho,cesar.moreira.carvalho8582@email.com,Masculino,BR
8583,Vanessa Pereira Azevedo,vanessa.pereira.azevedo8583@email.com,Feminino,BR
8584,Rodrigo Dias Xavier,rodrigo.dias.xavier8584@email.com,Masculino,BR
8585,Carla Lopes Mendes,carla.lopes.mendes8585@email.com,Feminino,BR
8586,Francisco Coelho Torres,francisco.coelho.torres8586@email.com,Masculino,BR
8587,Priscila Teixeira Rocha,priscila.teixeira.rocha8587@email.com,Feminino,BR
8588,Matheus Moura Costa,matheus.moura.costa8588@email.com,Masculino,BR
8589,Carolina Nunes Castro,carolina.nunes.castro8589@email.com,Feminino,BR
8590,Guilherme Oliveira Pinheiro,guilherme.oliveira.pinheiro8590@email.com,Masculino,BR
8591,Luciana Lopes Gomes,luciana.lopes.gomes8591@email.com,Feminino,BR
8592,Mauricio Pires Carvalho,mauricio.pires.carvalho8592@email.com,Masculino,BR
8593,Adriana Monteiro Castro,adriana.monteiro.castro8593@email.com,Feminino,BR
8594,Jose Gomes Pires,jose.gomes.pires8594@email.com,Masculino,BR
8595,Raquel Ribeiro Cardoso,raquel.ribeiro.cardoso8595@email.com,Feminino,BR
8596,Eduardo Rodrigues Fernandes,eduardo.rodrigues.fernandes8596@email.com,Masculino,BR
8597,Raquel Moreira Souza,raquel.moreira.souza8597@email.com,Feminino,BR
8598,Marcelo Costa Teixeira,marcelo.costa.teixeira8598@email.com,Masculino,BR
8599,Monica Costa Lopes,monica.costa.lopes8599@email.com,Feminino,BR
8600,Renato Nunes Correia,renato.nunes.correia8600@email.com,Masculino,BR
8601,Fernanda Moreira Campos,fernanda.moreira.campos8601@email.com,Feminino,BR
8602,Renato Guimaraes Teixeira,renato.guimaraes.teixeira8602@email.com,Masculino,BR
8603,Sandra Ferreira Campos,sandra.ferreira.campos8603@email.com,Feminino,BR
8604,Leonardo Martins Dias,leonardo.martins.dias8604@email.com,Masculino,BR
8605,Eliane Ribeiro Matos,eliane.ribeiro.matos8605@email.com,Feminino,BR
8606,João Tavares Oliveira,joão.tavares.oliveira8606@email.com,Masculino,BR
8607,Gisele Teixeira Macedo,gisele.teixeira.macedo8607@email.com,Feminino,BR
8608,Diego Alves Oliveira,diego.alves.oliveira8608@email.com,Masculino,BR
8609,Pamela Morais Nascimento,pamela.morais.nascimento8609@email.com,Feminino,BR
8610,Leandro Matos Santos,leandro.matos.santos8610@email.com,Masculino,BR
8611,Claudia Alves Carvalho,claudia.alves.carvalho8611@email.com,Feminino,BR
8612,Lucas Ferreira Alves,lucas.ferreira.alves8612@email.com,Masculino,BR
8613,Bruna Macedo Barros,bruna.macedo.barros8613@email.com,Feminino,BR
8614,Alexandre Alves Tavares,alexandre.alves.tavares8614@email.com,Masculino,BR
8615,Ana Rocha Teixeira,ana.rocha.teixeira8615@email.com,Feminino,BR
8616,Rodrigo Correia Lopes,rodrigo.correia.lopes8616@email.com,Masculino,BR
8617,Daniela Costa Brito,daniela.costa.brito8617@email.com,Feminino,BR
8618,Daniel Martins Morais,daniel.martins.morais8618@email.com,Masculino,BR
8619,Ana Moreira Correia,ana.moreira.correia8619@email.com,Feminino,BR
8620,Cesar Campos Carvalho,cesar.campos.carvalho8620@email.com,Masculino,BR
8621,Simone Torres Nunes,simone.torres.nunes8621@email.com,Feminino,BR
8622,Bruno Brito Ribeiro,bruno.brito.ribeiro8622@email.com,Masculino,BR
8623,Maria Ferreira Siqueira,maria.ferreira.siqueira8623@email.com,Feminino,BR
8624,Gabriel Ribeiro Lopes,gabriel.ribeiro.lopes8624@email.com,Masculino,BR
8625,Simone Xavier Xavier,simone.xavier.xavier8625@email.com,Feminino,BR
8626,Sergio Freitas Costa,sergio.freitas.costa8626@email.com,Masculino,BR
8627,Maria Martins Cunha,maria.martins.cunha8627@email.com,Feminino,BR
8628,Roberto Ferreira Cardoso,roberto.ferreira.cardoso8628@email.com,Masculino,BR
8629,Larissa Teixeira Dias,larissa.teixeira.dias8629@email.com,Feminino,BR
8630,Daniel Freitas Fernandes,daniel.freitas.fernandes8630@email.com,Masculino,BR
8631,Rosana Mendes Lopes,rosana.mendes.lopes8631@email.com,Feminino,BR
8632,Cesar Teixeira Oliveira,cesar.teixeira.oliveira8632@email.com,Masculino,BR
8633,Jessica Barbosa Oliveira,jessica.barbosa.oliveira8633@email.com,Feminino,BR
8634,Antonio Alves Coelho,antonio.alves.coelho8634@email.com,Masculino,BR
8635,Jessica Correia Gomes,jessica.correia.gomes8635@email.com,Feminino,BR
8636,Gabriel Azevedo Tavares,gabriel.azevedo.tavares8636@email.com,Masculino,BR
8637,Tatiane Costa Freitas,tatiane.costa.freitas8637@email.com,Feminino,BR
8638,Mauricio Brito Campos,mauricio.brito.campos8638@email.com,Masculino,BR
8639,Ana Carvalho Siqueira,ana.carvalho.siqueira8639@email.com,Feminino,BR
8640,Ricardo Costa Silva,ricardo.costa.silva8640@email.com,Masculino,BR
8641,Carolina Barbosa Brito,carolina.barbosa.brito8641@email.com,Feminino,BR
8642,Cesar Dias Monteiro,cesar.dias.monteiro8642@email.com,Masculino,BR
8643,Maria Dias Nascimento,maria.dias.nascimento8643@email.com,Feminino,BR
8644,Mauricio Lima Silva,mauricio.lima.silva8644@email.com,Masculino,BR
8645,Sabrina Freitas Souza,sabrina.freitas.souza8645@email.com,Feminino,BR
8646,Carlos Dias Ramos,carlos.dias.ramos8646@email.com,Masculino,BR
8647,Juliana Barros Guimaraes,juliana.barros.guimaraes8647@email.com,Feminino,BR
8648,Rodrigo Pereira Pereira,rodrigo.pereira.pereira8648@email.com,Masculino,BR
8649,Gisele Monteiro Morais,gisele.monteiro.morais8649@email.com,Feminino,BR
8650,Cesar Alves Carvalho,cesar.alves.carvalho8650@email.com,Masculino,BR
8651,Monica Guimaraes Guimaraes,monica.guimaraes.guimaraes8651@email.com,Feminino,BR
8652,Daniel Castro Freitas,daniel.castro.freitas8652@email.com,Masculino,BR
8653,Sandra Coelho Coelho,sandra.coelho.coelho8653@email.com,Feminino,BR
8654,Gustavo Campos Brito,gustavo.campos.brito8654@email.com,Masculino,BR
8655,Eliane Teixeira Rocha,eliane.teixeira.rocha8655@email.com,Feminino,BR
8656,Carlos Campos Rodrigues,carlos.campos.rodrigues8656@email.com,Masculino,BR
8657,Patricia Oliveira Costa,patricia.oliveira.costa8657@email.com,Feminino,BR
8658,Matheus Rezende Duarte,matheus.rezende.duarte8658@email.com,Masculino,BR
8659,Eliane Silva Vasconcelos,eliane.silva.vasconcelos8659@email.com,Feminino,BR
8660,Pedro Moreira Duarte,pedro.moreira.duarte8660@email.com,Masculino,BR
8661,Luciana Torres Pires,luciana.torres.pires8661@email.com,Feminino,BR
8662,Roberto Pereira Castro,roberto.pereira.castro8662@email.com,Masculino,BR
8663,Daniela Correia Lopes,daniela.correia.lopes8663@email.com,Feminino,BR
8664,Fernando Mendes Oliveira,fernando.mendes.oliveira8664@email.com,Masculino,BR
8665,Priscila Machado Barros,priscila.machado.barros8665@email.com,Feminino,BR
8666,Vinicius Nascimento Brito,vinicius.nascimento.brito8666@email.com,Masculino,BR
8667,Beatriz Correia Dias,beatriz.correia.dias8667@email.com,Feminino,BR
8668,André Duarte Melo,andré.duarte.melo8668@email.com,Masculino,BR
8669,Leticia Monteiro Fonseca,leticia.monteiro.fonseca8669@email.com,Feminino,BR
8670,Fabio Carvalho Santos,fabio.carvalho.santos8670@email.com,Masculino,BR
8671,Maria Moreira Rezende,maria.moreira.rezende8671@email.com,Feminino,BR
8672,Caio Rodrigues Coelho,caio.rodrigues.coelho8672@email.com,Masculino,BR
8673,Mariana Teixeira Cardoso,mariana.teixeira.cardoso8673@email.com,Feminino,BR
8674,João Dias Martins,joão.dias.martins8674@email.com,Masculino,BR
8675,Sandra Reis Silva,sandra.reis.silva8675@email.com,Feminino,BR
8676,Ricardo Rezende Dias,ricardo.rezende.dias8676@email.com,Masculino,BR
8677,Daniela Cardoso Mendes,daniela.cardoso.mendes8677@email.com,Feminino,BR
8678,Gabriel Moreira Ribeiro,gabriel.moreira.ribeiro8678@email.com,Masculino,BR
8679,Leticia Alves Azevedo,leticia.alves.azevedo8679@email.com,Feminino,BR
8680,Marcelo Mendes Ribeiro,marcelo.mendes.ribeiro8680@email.com,Masculino,BR
8681,Rosana Costa Morais,rosana.costa.morais8681@email.com,Feminino,BR
8682,Daniel Siqueira Duarte,daniel.siqueira.duarte8682@email.com,Masculino,BR
8683,Isabela Carvalho Xavier,isabela.carvalho.xavier8683@email.com,Feminino,BR
8684,Eduardo Monteiro Teixeira,eduardo.monteiro.teixeira8684@email.com,Masculino,BR
8685,Amanda Pereira Silva,amanda.pereira.silva8685@email.com,Feminino,BR
8686,Carlos Duarte Oliveira,carlos.duarte.oliveira8686@email.com,Masculino,BR
8687,Bianca Reis Brito,bianca.reis.brito8687@email.com,Feminino,BR
8688,Carlos Freitas Araujo,carlos.freitas.araujo8688@email.com,Masculino,BR
8689,Maria Morais Coelho,maria.morais.coelho8689@email.com,Feminino,BR
8690,Marcelo Pires Cunha,marcelo.pires.cunha8690@email.com,Masculino,BR
8691,Aline Mendes Araujo,aline.mendes.araujo8691@email.com,Feminino,BR
8692,João Rocha Lima,joão.rocha.lima8692@email.com,Masculino,BR
8693,Camila Rodrigues Moreira,camila.rodrigues.moreira8693@email.com,Feminino,BR
8694,Renato Carvalho Xavier,renato.carvalho.xavier8694@email.com,Masculino,BR
8695,Beatriz Guimaraes Silva,beatriz.guimaraes.silva8695@email.com,Feminino,BR
8696,Rodrigo Brito Teixeira,rodrigo.brito.teixeira8696@email.com,Masculino,BR
8697,Bruna Teixeira Coelho,bruna.teixeira.coelho8697@email.com,Feminino,BR
8698,Sergio Pires Xavier,sergio.pires.xavier8698@email.com,Masculino,BR
8699,Gisele Lopes Cardoso,gisele.lopes.cardoso8699@email.com,Feminino,BR
8700,Sergio Ribeiro Ferreira,sergio.ribeiro.ferreira8700@email.com,Masculino,BR
8701,Mariana Fonseca Pinheiro,mariana.fonseca.pinheiro8701@email.com,Feminino,BR
8702,Mauricio Macedo Ramos,mauricio.macedo.ramos8702@email.com,Masculino,BR
8703,Raquel Martins Moreira,raquel.martins.moreira8703@email.com,Feminino,BR
8704,Carlos Carvalho Reis,carlos.carvalho.reis8704@email.com,Masculino,BR
8705,Priscila Cunha Siqueira,priscila.cunha.siqueira8705@email.com,Feminino,BR
8706,Daniel Fernandes Silva,daniel.fernandes.silva8706@email.com,Masculino,BR
8707,Isabela Azevedo Campos,isabela.azevedo.campos8707@email.com,Feminino,BR
8708,Paulo Moura Ribeiro,paulo.moura.ribeiro8708@email.com,Masculino,BR
8709,Patricia Mendes Azevedo,patricia.mendes.azevedo8709@email.com,Feminino,BR
8710,Caio Santos Nascimento,caio.santos.nascimento8710@email.com,Masculino,BR
8711,Claudia Souza Silva,claudia.souza.silva8711@email.com,Feminino,BR
8712,Renato Lima Ferreira,renato.lima.ferreira8712@email.com,Masculino,BR
8713,Sandra Reis Martins,sandra.reis.martins8713@email.com,Feminino,BR
8714,Eduardo Correia Coelho,eduardo.correia.coelho8714@email.com,Masculino,BR
8715,Tatiane Silva Ribeiro,tatiane.silva.ribeiro8715@email.com,Feminino,BR
8716,André Ramos Nascimento,andré.ramos.nascimento8716@email.com,Masculino,BR
8717,Mariana Alves Vasconcelos,mariana.alves.vasconcelos8717@email.com,Feminino,BR
8718,Wagner Matos Siqueira,wagner.matos.siqueira8718@email.com,Masculino,BR
8719,Mariana Pereira Freitas,mariana.pereira.freitas8719@email.com,Feminino,BR
8720,Francisco Xavier Lima,francisco.xavier.lima8720@email.com,Masculino,BR
8721,Fabiana Duarte Rezende,fabiana.duarte.rezende8721@email.com,Feminino,BR
8722,João Brito Campos,joão.brito.campos8722@email.com,Masculino,BR
8723,Eliane Alves Ramos,eliane.alves.ramos8723@email.com,Feminino,BR
8724,Lucas Macedo Lima,lucas.macedo.lima8724@email.com,Masculino,BR
8725,Aline Ramos Dias,aline.ramos.dias8725@email.com,Feminino,BR
8726,Marcelo Campos Teixeira,marcelo.campos.teixeira8726@email.com,Masculino,BR
8727,Tatiane Pires Ferreira,tatiane.pires.ferreira8727@email.com,Feminino,BR
8728,Mauricio Cardoso Duarte,mauricio.cardoso.duarte8728@email.com,Masculino,BR
8729,Bruna Nascimento Machado,bruna.nascimento.machado8729@email.com,Feminino,BR
8730,Thiago Correia Nascimento,thiago.correia.nascimento8730@email.com,Masculino,BR
8731,Amanda Rodrigues Pires,amanda.rodrigues.pires8731@email.com,Feminino,BR
8732,Francisco Oliveira Correia,francisco.oliveira.correia8732@email.com,Masculino,BR
8733,Fernanda Coelho Macedo,fernanda.coelho.macedo8733@email.com,Feminino,BR
8734,Igor Araujo Machado,igor.araujo.machado8734@email.com,Masculino,BR
8735,Gisele Coelho Fernandes,gisele.coelho.fernandes8735@email.com,Feminino,BR
8736,Wagner Melo Dias,wagner.melo.dias8736@email.com,Masculino,BR
8737,Patricia Pires Rodrigues,patricia.pires.rodrigues8737@email.com,Feminino,BR
8738,Wagner Rocha Barros,wagner.rocha.barros8738@email.com,Masculino,BR
8739,Rosana Machado Ribeiro,rosana.machado.ribeiro8739@email.com,Feminino,BR
8740,Jose Nunes Teixeira,jose.nunes.teixeira8740@email.com,Masculino,BR
8741,Raquel Costa Siqueira,raquel.costa.siqueira8741@email.com,Feminino,BR
8742,Lucas Barros Souza,lucas.barros.souza8742@email.com,Masculino,BR
8743,Mariana Matos Coelho,mariana.matos.coelho8743@email.com,Feminino,BR
8744,Fernando Martins Silva,fernando.martins.silva8744@email.com,Masculino,BR
8745,Fernanda Ribeiro Pires,fernanda.ribeiro.pires8745@email.com,Feminino,BR
8746,Marcos Guimaraes Barbosa,marcos.guimaraes.barbosa8746@email.com,Masculino,BR
8747,Gisele Souza Morais,gisele.souza.morais8747@email.com,Feminino,BR
8748,Eduardo Souza Siqueira,eduardo.souza.siqueira8748@email.com,Masculino,BR
8749,Isabela Costa Mendes,isabela.costa.mendes8749@email.com,Feminino,BR
8750,Bruno Nunes Nunes,bruno.nunes.nunes8750@email.com,Masculino,BR
8751,Pamela Nunes Vasconcelos,pamela.nunes.vasconcelos8751@email.com,Feminino,BR
8752,Marcos Matos Souza,marcos.matos.souza8752@email.com,Masculino,BR
8753,Fabiana Pinheiro Lima,fabiana.pinheiro.lima8753@email.com,Feminino,BR
8754,Ricardo Cunha Campos,ricardo.cunha.campos8754@email.com,Masculino,BR
8755,Eliane Tavares Correia,eliane.tavares.correia8755@email.com,Feminino,BR
8756,André Nascimento Silva,andré.nascimento.silva8756@email.com,Masculino,BR
8757,Beatriz Pinheiro Morais,beatriz.pinheiro.morais8757@email.com,Feminino,BR
8758,João Souza Oliveira,joão.souza.oliveira8758@email.com,Masculino,BR
8759,Tatiana Costa Nunes,tatiana.costa.nunes8759@email.com,Feminino,BR
8760,Rafael Carvalho Melo,rafael.carvalho.melo8760@email.com,Masculino,BR
8761,Beatriz Souza Correia,beatriz.souza.correia8761@email.com,Feminino,BR
8762,Renato Rezende Freitas,renato.rezende.freitas8762@email.com,Masculino,BR
8763,Beatriz Nascimento Alves,beatriz.nascimento.alves8763@email.com,Feminino,BR
8764,Gustavo Campos Correia,gustavo.campos.correia8764@email.com,Masculino,BR
8765,Renata Oliveira Macedo,renata.oliveira.macedo8765@email.com,Feminino,BR
8766,Gabriel Barros Ferreira,gabriel.barros.ferreira8766@email.com,Masculino,BR
8767,Bianca Teixeira Costa,bianca.teixeira.costa8767@email.com,Feminino,BR
8768,Matheus Mendes Moreira,matheus.mendes.moreira8768@email.com,Masculino,BR
8769,Renata Silva Brito,renata.silva.brito8769@email.com,Feminino,BR
8770,Roberto Freitas Correia,roberto.freitas.correia8770@email.com,Masculino,BR
8771,Claudia Carvalho Reis,claudia.carvalho.reis8771@email.com,Feminino,BR
8772,Renato Azevedo Azevedo,renato.azevedo.azevedo8772@email.com,Masculino,BR
8773,Sandra Moreira Fonseca,sandra.moreira.fonseca8773@email.com,Feminino,BR
8774,Lucas Guimaraes Castro,lucas.guimaraes.castro8774@email.com,Masculino,BR
8775,Cristina Souza Macedo,cristina.souza.macedo8775@email.com,Feminino,BR
8776,Ricardo Brito Santos,ricardo.brito.santos8776@email.com,Masculino,BR
8777,Mariana Tavares Ferreira,mariana.tavares.ferreira8777@email.com,Feminino,BR
8778,Matheus Brito Torres,matheus.brito.torres8778@email.com,Masculino,BR
8779,Patricia Machado Monteiro,patricia.machado.monteiro8779@email.com,Feminino,BR
8780,Alexandre Tavares Oliveira,alexandre.tavares.oliveira8780@email.com,Masculino,BR
8781,Mariana Fonseca Pinheiro,mariana.fonseca.pinheiro8781@email.com,Feminino,BR
8782,Francisco Dias Lima,francisco.dias.lima8782@email.com,Masculino,BR
8783,Ana Mendes Araujo,ana.mendes.araujo8783@email.com,Feminino,BR
8784,Marcelo Torres Nunes,marcelo.torres.nunes8784@email.com,Masculino,BR
8785,Patricia Guimaraes Rodrigues,patricia.guimaraes.rodrigues8785@email.com,Feminino,BR
8786,Leonardo Martins Rocha,leonardo.martins.rocha8786@email.com,Masculino,BR
8787,Eliane Ferreira Fernandes,eliane.ferreira.fernandes8787@email.com,Feminino,BR
8788,André Lima Cunha,andré.lima.cunha8788@email.com,Masculino,BR
8789,Pamela Silva Barros,pamela.silva.barros8789@email.com,Feminino,BR
8790,Roberto Campos Moreira,roberto.campos.moreira8790@email.com,Masculino,BR
8791,Tatiane Campos Reis,tatiane.campos.reis8791@email.com,Feminino,BR
8792,Matheus Reis Moreira,matheus.reis.moreira8792@email.com,Masculino,BR
8793,Bruna Coelho Oliveira,bruna.coelho.oliveira8793@email.com,Feminino,BR
8794,Alexandre Carvalho Nascimento,alexandre.carvalho.nascimento8794@email.com,Masculino,BR
8795,Carolina Rocha Ferreira,carolina.rocha.ferreira8795@email.com,Feminino,BR
8796,Sergio Barros Fernandes,sergio.barros.fernandes8796@email.com,Masculino,BR
8797,Carolina Campos Campos,carolina.campos.campos8797@email.com,Feminino,BR
8798,Roberto Monteiro Fonseca,roberto.monteiro.fonseca8798@email.com,Masculino,BR
8799,Leticia Macedo Coelho,leticia.macedo.coelho8799@email.com,Feminino,BR
8800,Henrique Monteiro Vasconcelos,henrique.monteiro.vasconcelos8800@email.com,Masculino,BR
8801,Juliana Lopes Ramos,juliana.lopes.ramos8801@email.com,Feminino,BR
8802,Leonardo Gomes Brito,leonardo.gomes.brito8802@email.com,Masculino,BR
8803,Raquel Tavares Macedo,raquel.tavares.macedo8803@email.com,Feminino,BR
8804,André Correia Carvalho,andré.correia.carvalho8804@email.com,Masculino,BR
8805,Eliane Cunha Freitas,eliane.cunha.freitas8805@email.com,Feminino,BR
8806,João Monteiro Vasconcelos,joão.monteiro.vasconcelos8806@email.com,Masculino,BR
8807,Claudia Rodrigues Martins,claudia.rodrigues.martins8807@email.com,Feminino,BR
8808,Caio Gomes Souza,caio.gomes.souza8808@email.com,Masculino,BR
8809,Mariana Rodrigues Souza,mariana.rodrigues.souza8809@email.com,Feminino,BR
8810,Guilherme Reis Lima,guilherme.reis.lima8810@email.com,Masculino,BR
8811,Camila Barbosa Rocha,camila.barbosa.rocha8811@email.com,Feminino,BR
8812,Henrique Dias Xavier,henrique.dias.xavier8812@email.com,Masculino,BR
8813,Bianca Siqueira Souza,bianca.siqueira.souza8813@email.com,Feminino,BR
8814,Igor Vasconcelos Pires,igor.vasconcelos.pires8814@email.com,Masculino,BR
8815,Simone Nunes Brito,simone.nunes.brito8815@email.com,Feminino,BR
8816,Rafael Alves Brito,rafael.alves.brito8816@email.com,Masculino,BR
8817,Aline Melo Barros,aline.melo.barros8817@email.com,Feminino,BR
8818,Carlos Castro Pinheiro,carlos.castro.pinheiro8818@email.com,Masculino,BR
8819,Pamela Tavares Brito,pamela.tavares.brito8819@email.com,Feminino,BR
8820,Cesar Alves Pinheiro,cesar.alves.pinheiro8820@email.com,Masculino,BR
8821,Andrea Cunha Rocha,andrea.cunha.rocha8821@email.com,Feminino,BR
8822,Gustavo Matos Monteiro,gustavo.matos.monteiro8822@email.com,Masculino,BR
8823,Camila Siqueira Tavares,camila.siqueira.tavares8823@email.com,Feminino,BR
8824,Sergio Brito Rodrigues,sergio.brito.rodrigues8824@email.com,Masculino,BR
8825,Adriana Carvalho Gomes,adriana.carvalho.gomes8825@email.com,Feminino,BR
8826,Rafael Teixeira Fernandes,rafael.teixeira.fernandes8826@email.com,Masculino,BR
8827,Priscila Souza Matos,priscila.souza.matos8827@email.com,Feminino,BR
8828,Rodrigo Azevedo Ribeiro,rodrigo.azevedo.ribeiro8828@email.com,Masculino,BR
8829,Carla Siqueira Costa,carla.siqueira.costa8829@email.com,Feminino,BR
8830,Fabio Castro Araujo,fabio.castro.araujo8830@email.com,Masculino,BR
8831,Cristina Araujo Mendes,cristina.araujo.mendes8831@email.com,Feminino,BR
8832,André Torres Oliveira,andré.torres.oliveira8832@email.com,Masculino,BR
8833,Priscila Pereira Ferreira,priscila.pereira.ferreira8833@email.com,Feminino,BR
8834,Fabio Melo Siqueira,fabio.melo.siqueira8834@email.com,Masculino,BR
8835,Fabiana Rezende Moreira,fabiana.rezende.moreira8835@email.com,Feminino,BR
8836,Pedro Campos Matos,pedro.campos.matos8836@email.com,Masculino,BR
8837,Sabrina Campos Azevedo,sabrina.campos.azevedo8837@email.com,Feminino,BR
8838,Alexandre Nascimento Duarte,alexandre.nascimento.duarte8838@email.com,Masculino,BR
8839,Sabrina Rezende Teixeira,sabrina.rezende.teixeira8839@email.com,Feminino,BR
8840,Caio Moreira Fonseca,caio.moreira.fonseca8840@email.com,Masculino,BR
8841,Sabrina Matos Macedo,sabrina.matos.macedo8841@email.com,Feminino,BR
8842,Igor Gomes Campos,igor.gomes.campos8842@email.com,Masculino,BR
8843,Priscila Ramos Campos,priscila.ramos.campos8843@email.com,Feminino,BR
8844,Sergio Machado Melo,sergio.machado.melo8844@email.com,Masculino,BR
8845,Sabrina Moreira Rodrigues,sabrina.moreira.rodrigues8845@email.com,Feminino,BR
8846,Wagner Macedo Barros,wagner.macedo.barros8846@email.com,Masculino,BR
8847,Daniela Fernandes Pereira,daniela.fernandes.pereira8847@email.com,Feminino,BR
8848,Guilherme Dias Nunes,guilherme.dias.nunes8848@email.com,Masculino,BR
8849,Beatriz Ferreira Ribeiro,beatriz.ferreira.ribeiro8849@email.com,Feminino,BR
8850,Igor Barbosa Campos,igor.barbosa.campos8850@email.com,Masculino,BR
8851,Ana Castro Nascimento,ana.castro.nascimento8851@email.com,Feminino,BR
8852,João Duarte Teixeira,joão.duarte.teixeira8852@email.com,Masculino,BR
8853,Andrea Monteiro Barros,andrea.monteiro.barros8853@email.com,Feminino,BR
8854,Bruno Torres Teixeira,bruno.torres.teixeira8854@email.com,Masculino,BR
8855,Vanessa Coelho Moreira,vanessa.coelho.moreira8855@email.com,Feminino,BR
8856,Wagner Rocha Cardoso,wagner.rocha.cardoso8856@email.com,Masculino,BR
8857,Carla Duarte Rodrigues,carla.duarte.rodrigues8857@email.com,Feminino,BR
8858,Leonardo Monteiro Melo,leonardo.monteiro.melo8858@email.com,Masculino,BR
8859,Jessica Ribeiro Lima,jessica.ribeiro.lima8859@email.com,Feminino,BR
8860,Gustavo Silva Azevedo,gustavo.silva.azevedo8860@email.com,Masculino,BR
8861,Sabrina Souza Araujo,sabrina.souza.araujo8861@email.com,Feminino,BR
8862,Fabio Macedo Correia,fabio.macedo.correia8862@email.com,Masculino,BR
8863,Rosana Lima Nunes,rosana.lima.nunes8863@email.com,Feminino,BR
8864,Daniel Rodrigues Lima,daniel.rodrigues.lima8864@email.com,Masculino,BR
8865,Leticia Costa Siqueira,leticia.costa.siqueira8865@email.com,Feminino,BR
8866,Henrique Vasconcelos Castro,henrique.vasconcelos.castro8866@email.com,Masculino,BR
8867,Rosana Gomes Araujo,rosana.gomes.araujo8867@email.com,Feminino,BR
8868,Thiago Cunha Torres,thiago.cunha.torres8868@email.com,Masculino,BR
8869,Larissa Monteiro Macedo,larissa.monteiro.macedo8869@email.com,Feminino,BR
8870,Diego Monteiro Dias,diego.monteiro.dias8870@email.com,Masculino,BR
8871,Fernanda Lopes Duarte,fernanda.lopes.duarte8871@email.com,Feminino,BR
8872,Matheus Carvalho Siqueira,matheus.carvalho.siqueira8872@email.com,Masculino,BR
8873,Bruna Carvalho Alves,bruna.carvalho.alves8873@email.com,Feminino,BR
8874,Pedro Santos Castro,pedro.santos.castro8874@email.com,Masculino,BR
8875,Larissa Rezende Moura,larissa.rezende.moura8875@email.com,Feminino,BR
8876,Paulo Martins Rocha,paulo.martins.rocha8876@email.com,Masculino,BR
8877,Larissa Ferreira Campos,larissa.ferreira.campos8877@email.com,Feminino,BR
8878,Rafael Lopes Ferreira,rafael.lopes.ferreira8878@email.com,Masculino,BR
8879,Tatiane Nunes Cardoso,tatiane.nunes.cardoso8879@email.com,Feminino,BR
8880,Thiago Dias Campos,thiago.dias.campos8880@email.com,Masculino,BR
8881,Sabrina Pinheiro Ribeiro,sabrina.pinheiro.ribeiro8881@email.com,Feminino,BR
8882,Guilherme Barros Fernandes,guilherme.barros.fernandes8882@email.com,Masculino,BR
8883,Bruna Mendes Nunes,bruna.mendes.nunes8883@email.com,Feminino,BR
8884,Antonio Costa Lima,antonio.costa.lima8884@email.com,Masculino,BR
8885,Pamela Gomes Vasconcelos,pamela.gomes.vasconcelos8885@email.com,Feminino,BR
8886,Thiago Vasconcelos Torres,thiago.vasconcelos.torres8886@email.com,Masculino,BR
8887,Ana Nascimento Moura,ana.nascimento.moura8887@email.com,Feminino,BR
8888,Matheus Xavier Teixeira,matheus.xavier.teixeira8888@email.com,Masculino,BR
8889,Isabela Carvalho Lopes,isabela.carvalho.lopes8889@email.com,Feminino,BR
8890,Caio Lopes Souza,caio.lopes.souza8890@email.com,Masculino,BR
8891,Eliane Ramos Moreira,eliane.ramos.moreira8891@email.com,Feminino,BR
8892,Diego Cunha Gomes,diego.cunha.gomes8892@email.com,Masculino,BR
8893,Renata Azevedo Silva,renata.azevedo.silva8893@email.com,Feminino,BR
8894,Felipe Nunes Costa,felipe.nunes.costa8894@email.com,Masculino,BR
8895,Juliana Coelho Morais,juliana.coelho.morais8895@email.com,Feminino,BR
8896,Paulo Torres Rocha,paulo.torres.rocha8896@email.com,Masculino,BR
8897,Jessica Castro Pereira,jessica.castro.pereira8897@email.com,Feminino,BR
8898,Pedro Campos Cardoso,pedro.campos.cardoso8898@email.com,Masculino,BR
8899,Fabiana Siqueira Oliveira,fabiana.siqueira.oliveira8899@email.com,Feminino,BR
8900,Carlos Santos Rocha,carlos.santos.rocha8900@email.com,Masculino,BR
8901,Thais Melo Brito,thais.melo.brito8901@email.com,Feminino,BR
8902,Daniel Matos Souza,daniel.matos.souza8902@email.com,Masculino,BR
8903,Patricia Monteiro Ribeiro,patricia.monteiro.ribeiro8903@email.com,Feminino,BR
8904,Diego Azevedo Siqueira,diego.azevedo.siqueira8904@email.com,Masculino,BR
8905,Renata Lima Ramos,renata.lima.ramos8905@email.com,Feminino,BR
8906,Pedro Tavares Monteiro,pedro.tavares.monteiro8906@email.com,Masculino,BR
8907,Cristina Duarte Nascimento,cristina.duarte.nascimento8907@email.com,Feminino,BR
8908,Felipe Macedo Dias,felipe.macedo.dias8908@email.com,Masculino,BR
8909,Carolina Moura Fernandes,carolina.moura.fernandes8909@email.com,Feminino,BR
8910,Bruno Rezende Martins,bruno.rezende.martins8910@email.com,Masculino,BR
8911,Juliana Gomes Lima,juliana.gomes.lima8911@email.com,Feminino,BR
8912,André Rodrigues Guimaraes,andré.rodrigues.guimaraes8912@email.com,Masculino,BR
8913,Sandra Freitas Correia,sandra.freitas.correia8913@email.com,Feminino,BR
8914,Rafael Moura Macedo,rafael.moura.macedo8914@email.com,Masculino,BR
8915,Carolina Ribeiro Matos,carolina.ribeiro.matos8915@email.com,Feminino,BR
8916,Pedro Tavares Vasconcelos,pedro.tavares.vasconcelos8916@email.com,Masculino,BR
8917,Vanessa Duarte Matos,vanessa.duarte.matos8917@email.com,Feminino,BR
8918,Antonio Xavier Araujo,antonio.xavier.araujo8918@email.com,Masculino,BR
8919,Sandra Souza Matos,sandra.souza.matos8919@email.com,Feminino,BR
8920,Fabio Guimaraes Freitas,fabio.guimaraes.freitas8920@email.com,Masculino,BR
8921,Tatiana Araujo Rocha,tatiana.araujo.rocha8921@email.com,Feminino,BR
8922,Thiago Rocha Morais,thiago.rocha.morais8922@email.com,Masculino,BR
8923,Jessica Carvalho Nascimento,jessica.carvalho.nascimento8923@email.com,Feminino,BR
8924,Cesar Gomes Moura,cesar.gomes.moura8924@email.com,Masculino,BR
8925,Claudia Tavares Ribeiro,claudia.tavares.ribeiro8925@email.com,Feminino,BR
8926,João Barbosa Campos,joão.barbosa.campos8926@email.com,Masculino,BR
8927,Thais Nascimento Nascimento,thais.nascimento.nascimento8927@email.com,Feminino,BR
8928,Eduardo Xavier Freitas,eduardo.xavier.freitas8928@email.com,Masculino,BR
8929,Cristina Souza Carvalho,cristina.souza.carvalho8929@email.com,Feminino,BR
8930,Guilherme Ramos Ferreira,guilherme.ramos.ferreira8930@email.com,Masculino,BR
8931,Aline Freitas Oliveira,aline.freitas.oliveira8931@email.com,Feminino,BR
8932,Fernando Moreira Ferreira,fernando.moreira.ferreira8932@email.com,Masculino,BR
8933,Fernanda Pires Azevedo,fernanda.pires.azevedo8933@email.com,Feminino,BR
8934,Carlos Barros Ribeiro,carlos.barros.ribeiro8934@email.com,Masculino,BR
8935,Daniela Tavares Rezende,daniela.tavares.rezende8935@email.com,Feminino,BR
8936,Felipe Coelho Barros,felipe.coelho.barros8936@email.com,Masculino,BR
8937,Mariana Reis Melo,mariana.reis.melo8937@email.com,Feminino,BR
8938,André Rodrigues Oliveira,andré.rodrigues.oliveira8938@email.com,Masculino,BR
8939,Amanda Silva Rezende,amanda.silva.rezende8939@email.com,Feminino,BR
8940,Felipe Rocha Moreira,felipe.rocha.moreira8940@email.com,Masculino,BR
8941,Amanda Freitas Vasconcelos,amanda.freitas.vasconcelos8941@email.com,Feminino,BR
8942,Rafael Carvalho Pires,rafael.carvalho.pires8942@email.com,Masculino,BR
8943,Tatiane Morais Ribeiro,tatiane.morais.ribeiro8943@email.com,Feminino,BR
8944,Bruno Melo Rezende,bruno.melo.rezende8944@email.com,Masculino,BR
8945,Luciana Correia Coelho,luciana.correia.coelho8945@email.com,Feminino,BR
8946,Henrique Castro Mendes,henrique.castro.mendes8946@email.com,Masculino,BR
8947,Carolina Machado Gomes,carolina.machado.gomes8947@email.com,Feminino,BR
8948,Diego Lopes Coelho,diego.lopes.coelho8948@email.com,Masculino,BR
8949,Adriana Souza Rocha,adriana.souza.rocha8949@email.com,Feminino,BR
8950,Marcos Dias Nascimento,marcos.dias.nascimento8950@email.com,Masculino,BR
8951,Isabela Rocha Martins,isabela.rocha.martins8951@email.com,Feminino,BR
8952,Jose Santos Morais,jose.santos.morais8952@email.com,Masculino,BR
8953,Amanda Coelho Tavares,amanda.coelho.tavares8953@email.com,Feminino,BR
8954,Rodrigo Mendes Rocha,rodrigo.mendes.rocha8954@email.com,Masculino,BR
8955,Sandra Pires Siqueira,sandra.pires.siqueira8955@email.com,Feminino,BR
8956,Sergio Rocha Correia,sergio.rocha.correia8956@email.com,Masculino,BR
8957,Vanessa Ribeiro Matos,vanessa.ribeiro.matos8957@email.com,Feminino,BR
8958,Paulo Moreira Costa,paulo.moreira.costa8958@email.com,Masculino,BR
8959,Daniela Ribeiro Torres,daniela.ribeiro.torres8959@email.com,Feminino,BR
8960,Cesar Teixeira Dias,cesar.teixeira.dias8960@email.com,Masculino,BR
8961,Carla Vasconcelos Costa,carla.vasconcelos.costa8961@email.com,Feminino,BR
8962,Alexandre Araujo Reis,alexandre.araujo.reis8962@email.com,Masculino,BR
8963,Thais Fernandes Araujo,thais.fernandes.araujo8963@email.com,Feminino,BR
8964,Ricardo Melo Vasconcelos,ricardo.melo.vasconcelos8964@email.com,Masculino,BR
8965,Larissa Castro Costa,larissa.castro.costa8965@email.com,Feminino,BR
8966,Vinicius Moreira Brito,vinicius.moreira.brito8966@email.com,Masculino,BR
8967,Pamela Nunes Alves,pamela.nunes.alves8967@email.com,Feminino,BR
8968,Gustavo Silva Rezende,gustavo.silva.rezende8968@email.com,Masculino,BR
8969,Simone Carvalho Melo,simone.carvalho.melo8969@email.com,Feminino,BR
8970,Rafael Monteiro Macedo,rafael.monteiro.macedo8970@email.com,Masculino,BR
8971,Larissa Vasconcelos Pires,larissa.vasconcelos.pires8971@email.com,Feminino,BR
8972,Diego Rocha Silva,diego.rocha.silva8972@email.com,Masculino,BR
8973,Patricia Carvalho Macedo,patricia.carvalho.macedo8973@email.com,Feminino,BR
8974,Alexandre Ribeiro Moreira,alexandre.ribeiro.moreira8974@email.com,Masculino,BR
8975,Fernanda Barros Xavier,fernanda.barros.xavier8975@email.com,Feminino,BR
8976,Rodrigo Siqueira Moreira,rodrigo.siqueira.moreira8976@email.com,Masculino,BR
8977,Cristina Duarte Reis,cristina.duarte.reis8977@email.com,Feminino,BR
8978,Fernando Siqueira Campos,fernando.siqueira.campos8978@email.com,Masculino,BR
8979,Daniela Pereira Cardoso,daniela.pereira.cardoso8979@email.com,Feminino,BR
8980,Vinicius Xavier Machado,vinicius.xavier.machado8980@email.com,Masculino,BR
8981,Juliana Campos Cardoso,juliana.campos.cardoso8981@email.com,Feminino,BR
8982,Henrique Duarte Pereira,henrique.duarte.pereira8982@email.com,Masculino,BR
8983,Vanessa Morais Siqueira,vanessa.morais.siqueira8983@email.com,Feminino,BR
8984,Ricardo Campos Ferreira,ricardo.campos.ferreira8984@email.com,Masculino,BR
8985,Luciana Matos Nunes,luciana.matos.nunes8985@email.com,Feminino,BR
8986,Ricardo Pereira Duarte,ricardo.pereira.duarte8986@email.com,Masculino,BR
8987,Monica Teixeira Ramos,monica.teixeira.ramos8987@email.com,Feminino,BR
8988,Vinicius Santos Duarte,vinicius.santos.duarte8988@email.com,Masculino,BR
8989,Camila Duarte Matos,camila.duarte.matos8989@email.com,Feminino,BR
8990,Alexandre Fonseca Dias,alexandre.fonseca.dias8990@email.com,Masculino,BR
8991,Rosana Cardoso Lopes,rosana.cardoso.lopes8991@email.com,Feminino,BR
8992,Rafael Rezende Freitas,rafael.rezende.freitas8992@email.com,Masculino,BR
8993,Vanessa Costa Machado,vanessa.costa.machado8993@email.com,Feminino,BR
8994,João Fernandes Souza,joão.fernandes.souza8994@email.com,Masculino,BR
8995,Ana Mendes Martins,ana.mendes.martins8995@email.com,Feminino,BR
8996,Guilherme Martins Siqueira,guilherme.martins.siqueira8996@email.com,Masculino,BR
8997,Maria Pereira Guimaraes,maria.pereira.guimaraes8997@email.com,Feminino,BR
8998,Antonio Alves Souza,antonio.alves.souza8998@email.com,Masculino,BR
8999,Camila Rocha Monteiro,camila.rocha.monteiro8999@email.com,Feminino,BR
9000,Ricardo Gomes Duarte,ricardo.gomes.duarte9000@email.com,Masculino,BR
9001,Priscila Coelho Correia,priscila.coelho.correia9001@email.com,Feminino,BR
9002,Guilherme Guimaraes Moreira,guilherme.guimaraes.moreira9002@email.com,Masculino,BR
9003,Bruna Castro Duarte,bruna.castro.duarte9003@email.com,Feminino,BR
9004,Caio Moreira Oliveira,caio.moreira.oliveira9004@email.com,Masculino,BR
9005,Eliane Moura Machado,eliane.moura.machado9005@email.com,Feminino,BR
9006,Marcos Pereira Martins,marcos.pereira.martins9006@email.com,Masculino,BR
9007,Luciana Rezende Machado,luciana.rezende.machado9007@email.com,Feminino,BR
9008,Eduardo Ferreira Fernandes,eduardo.ferreira.fernandes9008@email.com,Masculino,BR
9009,Claudia Macedo Ribeiro,claudia.macedo.ribeiro9009@email.com,Feminino,BR
9010,Gabriel Lopes Vasconcelos,gabriel.lopes.vasconcelos9010@email.com,Masculino,BR
9011,Daniela Brito Coelho,daniela.brito.coelho9011@email.com,Feminino,BR
9012,Pedro Azevedo Teixeira,pedro.azevedo.teixeira9012@email.com,Masculino,BR
9013,Eliane Moura Castro,eliane.moura.castro9013@email.com,Feminino,BR
9014,Cesar Machado Vasconcelos,cesar.machado.vasconcelos9014@email.com,Masculino,BR
9015,Gisele Cunha Freitas,gisele.cunha.freitas9015@email.com,Feminino,BR
9016,Gustavo Reis Morais,gustavo.reis.morais9016@email.com,Masculino,BR
9017,Tatiana Morais Brito,tatiana.morais.brito9017@email.com,Feminino,BR
9018,Sergio Nascimento Nascimento,sergio.nascimento.nascimento9018@email.com,Masculino,BR
9019,Raquel Gomes Lima,raquel.gomes.lima9019@email.com,Feminino,BR
9020,Wagner Ferreira Morais,wagner.ferreira.morais9020@email.com,Masculino,BR
9021,Daniela Teixeira Monteiro,daniela.teixeira.monteiro9021@email.com,Feminino,BR
9022,André Santos Barros,andré.santos.barros9022@email.com,Masculino,BR
9023,Rosana Morais Teixeira,rosana.morais.teixeira9023@email.com,Feminino,BR
9024,Daniel Carvalho Lima,daniel.carvalho.lima9024@email.com,Masculino,BR
9025,Isabela Oliveira Martins,isabela.oliveira.martins9025@email.com,Feminino,BR
9026,Felipe Fonseca Pereira,felipe.fonseca.pereira9026@email.com,Masculino,BR
9027,Sandra Reis Santos,sandra.reis.santos9027@email.com,Feminino,BR
9028,Paulo Rezende Fernandes,paulo.rezende.fernandes9028@email.com,Masculino,BR
9029,Daniela Nunes Barbosa,daniela.nunes.barbosa9029@email.com,Feminino,BR
9030,Sergio Morais Azevedo,sergio.morais.azevedo9030@email.com,Masculino,BR
9031,Leticia Machado Silva,leticia.machado.silva9031@email.com,Feminino,BR
9032,Roberto Silva Souza,roberto.silva.souza9032@email.com,Masculino,BR
9033,Bianca Pires Azevedo,bianca.pires.azevedo9033@email.com,Feminino,BR
9034,Leonardo Monteiro Monteiro,leonardo.monteiro.monteiro9034@email.com,Masculino,BR
9035,Gisele Siqueira Coelho,gisele.siqueira.coelho9035@email.com,Feminino,BR
9036,Guilherme Rezende Moreira,guilherme.rezende.moreira9036@email.com,Masculino,BR
9037,Raquel Duarte Lopes,raquel.duarte.lopes9037@email.com,Feminino,BR
9038,Mauricio Lopes Monteiro,mauricio.lopes.monteiro9038@email.com,Masculino,BR
9039,Camila Cunha Torres,camila.cunha.torres9039@email.com,Feminino,BR
9040,André Rodrigues Freitas,andré.rodrigues.freitas9040@email.com,Masculino,BR
9041,Luciana Nascimento Oliveira,luciana.nascimento.oliveira9041@email.com,Feminino,BR
9042,Henrique Melo Teixeira,henrique.melo.teixeira9042@email.com,Masculino,BR
9043,Juliana Santos Cunha,juliana.santos.cunha9043@email.com,Feminino,BR
9044,Gustavo Freitas Cardoso,gustavo.freitas.cardoso9044@email.com,Masculino,BR
9045,Cristina Machado Gomes,cristina.machado.gomes9045@email.com,Feminino,BR
9046,Carlos Fonseca Pinheiro,carlos.fonseca.pinheiro9046@email.com,Masculino,BR
9047,Daniela Nunes Duarte,daniela.nunes.duarte9047@email.com,Feminino,BR
9048,Guilherme Guimaraes Ribeiro,guilherme.guimaraes.ribeiro9048@email.com,Masculino,BR
9049,Bruna Lopes Ferreira,bruna.lopes.ferreira9049@email.com,Feminino,BR
9050,Felipe Morais Duarte,felipe.morais.duarte9050@email.com,Masculino,BR
9051,Sandra Souza Duarte,sandra.souza.duarte9051@email.com,Feminino,BR
9052,Alexandre Carvalho Cardoso,alexandre.carvalho.cardoso9052@email.com,Masculino,BR
9053,Tatiana Costa Nascimento,tatiana.costa.nascimento9053@email.com,Feminino,BR
9054,Fabio Fonseca Azevedo,fabio.fonseca.azevedo9054@email.com,Masculino,BR
9055,Maria Ribeiro Campos,maria.ribeiro.campos9055@email.com,Feminino,BR
9056,Paulo Lima Martins,paulo.lima.martins9056@email.com,Masculino,BR
9057,Fabiana Martins Azevedo,fabiana.martins.azevedo9057@email.com,Feminino,BR
9058,Matheus Brito Dias,matheus.brito.dias9058@email.com,Masculino,BR
9059,Luciana Monteiro Araujo,luciana.monteiro.araujo9059@email.com,Feminino,BR
9060,Bruno Melo Cardoso,bruno.melo.cardoso9060@email.com,Masculino,BR
9061,Andrea Barbosa Moura,andrea.barbosa.moura9061@email.com,Feminino,BR
9062,Cesar Melo Pires,cesar.melo.pires9062@email.com,Masculino,BR
9063,Eliane Coelho Teixeira,eliane.coelho.teixeira9063@email.com,Feminino,BR
9064,Cesar Moreira Freitas,cesar.moreira.freitas9064@email.com,Masculino,BR
9065,Leticia Cunha Siqueira,leticia.cunha.siqueira9065@email.com,Feminino,BR
9066,Guilherme Araujo Monteiro,guilherme.araujo.monteiro9066@email.com,Masculino,BR
9067,Monica Coelho Mendes,monica.coelho.mendes9067@email.com,Feminino,BR
9068,Rodrigo Pinheiro Carvalho,rodrigo.pinheiro.carvalho9068@email.com,Masculino,BR
9069,Raquel Correia Mendes,raquel.correia.mendes9069@email.com,Feminino,BR
9070,Ricardo Xavier Monteiro,ricardo.xavier.monteiro9070@email.com,Masculino,BR
9071,Andrea Lima Moreira,andrea.lima.moreira9071@email.com,Feminino,BR
9072,Sergio Tavares Fonseca,sergio.tavares.fonseca9072@email.com,Masculino,BR
9073,Priscila Coelho Tavares,priscila.coelho.tavares9073@email.com,Feminino,BR
9074,Gustavo Reis Correia,gustavo.reis.correia9074@email.com,Masculino,BR
9075,Adriana Nunes Fonseca,adriana.nunes.fonseca9075@email.com,Feminino,BR
9076,Renato Barbosa Carvalho,renato.barbosa.carvalho9076@email.com,Masculino,BR
9077,Eliane Nunes Cunha,eliane.nunes.cunha9077@email.com,Feminino,BR
9078,Henrique Santos Moura,henrique.santos.moura9078@email.com,Masculino,BR
9079,Tatiane Martins Rocha,tatiane.martins.rocha9079@email.com,Feminino,BR
9080,Eduardo Costa Fonseca,eduardo.costa.fonseca9080@email.com,Masculino,BR
9081,Monica Barros Cunha,monica.barros.cunha9081@email.com,Feminino,BR
9082,Gabriel Tavares Matos,gabriel.tavares.matos9082@email.com,Masculino,BR
9083,Thais Matos Dias,thais.matos.dias9083@email.com,Feminino,BR
9084,Sergio Siqueira Torres,sergio.siqueira.torres9084@email.com,Masculino,BR
9085,Gisele Vasconcelos Macedo,gisele.vasconcelos.macedo9085@email.com,Feminino,BR
9086,Francisco Fonseca Melo,francisco.fonseca.melo9086@email.com,Masculino,BR
9087,Sabrina Alves Araujo,sabrina.alves.araujo9087@email.com,Feminino,BR
9088,Thiago Alves Silva,thiago.alves.silva9088@email.com,Masculino,BR
9089,Eliane Lopes Souza,eliane.lopes.souza9089@email.com,Feminino,BR
9090,Roberto Nascimento Ribeiro,roberto.nascimento.ribeiro9090@email.com,Masculino,BR
9091,Larissa Machado Coelho,larissa.machado.coelho9091@email.com,Feminino,BR
9092,Carlos Machado Cardoso,carlos.machado.cardoso9092@email.com,Masculino,BR
9093,Raquel Melo Moura,raquel.melo.moura9093@email.com,Feminino,BR
9094,Paulo Gomes Barbosa,paulo.gomes.barbosa9094@email.com,Masculino,BR
9095,Bianca Campos Teixeira,bianca.campos.teixeira9095@email.com,Feminino,BR
9096,Fernando Fernandes Fonseca,fernando.fernandes.fonseca9096@email.com,Masculino,BR
9097,Beatriz Melo Macedo,beatriz.melo.macedo9097@email.com,Feminino,BR
9098,Gabriel Oliveira Araujo,gabriel.oliveira.araujo9098@email.com,Masculino,BR
9099,Maria Oliveira Monteiro,maria.oliveira.monteiro9099@email.com,Feminino,BR
9100,Vinicius Duarte Ramos,vinicius.duarte.ramos9100@email.com,Masculino,BR
9101,Raquel Rodrigues Pereira,raquel.rodrigues.pereira9101@email.com,Feminino,BR
9102,Rafael Matos Guimaraes,rafael.matos.guimaraes9102@email.com,Masculino,BR
9103,Cristina Duarte Costa,cristina.duarte.costa9103@email.com,Feminino,BR
9104,Pedro Rocha Pinheiro,pedro.rocha.pinheiro9104@email.com,Masculino,BR
9105,Sandra Alves Souza,sandra.alves.souza9105@email.com,Feminino,BR
9106,Felipe Dias Matos,felipe.dias.matos9106@email.com,Masculino,BR
9107,Bruna Teixeira Melo,bruna.teixeira.melo9107@email.com,Feminino,BR
9108,Leonardo Freitas Moura,leonardo.freitas.moura9108@email.com,Masculino,BR
9109,Claudia Moreira Gomes,claudia.moreira.gomes9109@email.com,Feminino,BR
9110,Igor Fonseca Teixeira,igor.fonseca.teixeira9110@email.com,Masculino,BR
9111,Thais Silva Pires,thais.silva.pires9111@email.com,Feminino,BR
9112,Guilherme Fernandes Ferreira,guilherme.fernandes.ferreira9112@email.com,Masculino,BR
9113,Eliane Guimaraes Dias,eliane.guimaraes.dias9113@email.com,Feminino,BR
9114,Ricardo Mendes Correia,ricardo.mendes.correia9114@email.com,Masculino,BR
9115,Carla Pires Monteiro,carla.pires.monteiro9115@email.com,Feminino,BR
9116,André Mendes Nascimento,andré.mendes.nascimento9116@email.com,Masculino,BR
9117,Simone Moreira Rodrigues,simone.moreira.rodrigues9117@email.com,Feminino,BR
9118,Eduardo Ferreira Pereira,eduardo.ferreira.pereira9118@email.com,Masculino,BR
9119,Cristina Castro Pires,cristina.castro.pires9119@email.com,Feminino,BR
9120,Fabio Costa Dias,fabio.costa.dias9120@email.com,Masculino,BR
9121,Leticia Ribeiro Gomes,leticia.ribeiro.gomes9121@email.com,Feminino,BR
9122,Matheus Martins Siqueira,matheus.martins.siqueira9122@email.com,Masculino,BR
9123,Beatriz Oliveira Melo,beatriz.oliveira.melo9123@email.com,Feminino,BR
9124,Gustavo Gomes Monteiro,gustavo.gomes.monteiro9124@email.com,Masculino,BR
9125,Bruna Barbosa Ribeiro,bruna.barbosa.ribeiro9125@email.com,Feminino,BR
9126,Henrique Cunha Dias,henrique.cunha.dias9126@email.com,Masculino,BR
9127,Amanda Santos Monteiro,amanda.santos.monteiro9127@email.com,Feminino,BR
9128,Eduardo Siqueira Lopes,eduardo.siqueira.lopes9128@email.com,Masculino,BR
9129,Rosana Cunha Barros,rosana.cunha.barros9129@email.com,Feminino,BR
9130,Leonardo Xavier Torres,leonardo.xavier.torres9130@email.com,Masculino,BR
9131,Gisele Reis Santos,gisele.reis.santos9131@email.com,Feminino,BR
9132,Carlos Pires Xavier,carlos.pires.xavier9132@email.com,Masculino,BR
9133,Simone Correia Correia,simone.correia.correia9133@email.com,Feminino,BR
9134,Rafael Duarte Nunes,rafael.duarte.nunes9134@email.com,Masculino,BR
9135,Daniela Coelho Fonseca,daniela.coelho.fonseca9135@email.com,Feminino,BR
9136,Roberto Rocha Fernandes,roberto.rocha.fernandes9136@email.com,Masculino,BR
9137,Camila Vasconcelos Siqueira,camila.vasconcelos.siqueira9137@email.com,Feminino,BR
9138,Antonio Lopes Barbosa,antonio.lopes.barbosa9138@email.com,Masculino,BR
9139,Patricia Azevedo Mendes,patricia.azevedo.mendes9139@email.com,Feminino,BR
9140,André Oliveira Monteiro,andré.oliveira.monteiro9140@email.com,Masculino,BR
9141,Tatiana Reis Cardoso,tatiana.reis.cardoso9141@email.com,Feminino,BR
9142,Roberto Rocha Carvalho,roberto.rocha.carvalho9142@email.com,Masculino,BR
9143,Gisele Xavier Xavier,gisele.xavier.xavier9143@email.com,Feminino,BR
9144,Fabio Costa Martins,fabio.costa.martins9144@email.com,Masculino,BR
9145,Mariana Torres Pires,mariana.torres.pires9145@email.com,Feminino,BR
9146,Cesar Nunes Ramos,cesar.nunes.ramos9146@email.com,Masculino,BR
9147,Carolina Teixeira Ribeiro,carolina.teixeira.ribeiro9147@email.com,Feminino,BR
9148,Renato Coelho Teixeira,renato.coelho.teixeira9148@email.com,Masculino,BR
9149,Mariana Gomes Gomes,mariana.gomes.gomes9149@email.com,Feminino,BR
9150,Gabriel Moura Rocha,gabriel.moura.rocha9150@email.com,Masculino,BR
9151,Andrea Xavier Carvalho,andrea.xavier.carvalho9151@email.com,Feminino,BR
9152,João Souza Santos,joão.souza.santos9152@email.com,Masculino,BR
9153,Beatriz Teixeira Moreira,beatriz.teixeira.moreira9153@email.com,Feminino,BR
9154,Sergio Alves Dias,sergio.alves.dias9154@email.com,Masculino,BR
9155,Tatiana Silva Carvalho,tatiana.silva.carvalho9155@email.com,Feminino,BR
9156,Pedro Carvalho Gomes,pedro.carvalho.gomes9156@email.com,Masculino,BR
9157,Adriana Cunha Azevedo,adriana.cunha.azevedo9157@email.com,Feminino,BR
9158,Renato Pereira Matos,renato.pereira.matos9158@email.com,Masculino,BR
9159,Larissa Siqueira Ramos,larissa.siqueira.ramos9159@email.com,Feminino,BR
9160,Caio Campos Torres,caio.campos.torres9160@email.com,Masculino,BR
9161,Maria Lopes Melo,maria.lopes.melo9161@email.com,Feminino,BR
9162,Guilherme Rocha Macedo,guilherme.rocha.macedo9162@email.com,Masculino,BR
9163,Thais Guimaraes Guimaraes,thais.guimaraes.guimaraes9163@email.com,Feminino,BR
9164,Paulo Coelho Torres,paulo.coelho.torres9164@email.com,Masculino,BR
9165,Simone Araujo Pinheiro,simone.araujo.pinheiro9165@email.com,Feminino,BR
9166,Roberto Ribeiro Nunes,roberto.ribeiro.nunes9166@email.com,Masculino,BR
9167,Carla Dias Costa,carla.dias.costa9167@email.com,Feminino,BR
9168,Bruno Ribeiro Carvalho,bruno.ribeiro.carvalho9168@email.com,Masculino,BR
9169,Rosana Pires Macedo,rosana.pires.macedo9169@email.com,Feminino,BR
9170,Henrique Torres Rezende,henrique.torres.rezende9170@email.com,Masculino,BR
9171,Mariana Araujo Santos,mariana.araujo.santos9171@email.com,Feminino,BR
9172,Marcos Nunes Correia,marcos.nunes.correia9172@email.com,Masculino,BR
9173,Beatriz Oliveira Souza,beatriz.oliveira.souza9173@email.com,Feminino,BR
9174,Marcelo Barbosa Azevedo,marcelo.barbosa.azevedo9174@email.com,Masculino,BR
9175,Patricia Fernandes Fonseca,patricia.fernandes.fonseca9175@email.com,Feminino,BR
9176,Pedro Ferreira Azevedo,pedro.ferreira.azevedo9176@email.com,Masculino,BR
9177,Mariana Martins Siqueira,mariana.martins.siqueira9177@email.com,Feminino,BR
9178,Gabriel Barbosa Costa,gabriel.barbosa.costa9178@email.com,Masculino,BR
9179,Carla Costa Lopes,carla.costa.lopes9179@email.com,Feminino,BR
9180,Matheus Reis Mendes,matheus.reis.mendes9180@email.com,Masculino,BR
9181,Gisele Azevedo Matos,gisele.azevedo.matos9181@email.com,Feminino,BR
9182,Lucas Reis Machado,lucas.reis.machado9182@email.com,Masculino,BR
9183,Pamela Cardoso Torres,pamela.cardoso.torres9183@email.com,Feminino,BR
9184,Henrique Cunha Alves,henrique.cunha.alves9184@email.com,Masculino,BR
9185,Andrea Xavier Reis,andrea.xavier.reis9185@email.com,Feminino,BR
9186,Wagner Ribeiro Mendes,wagner.ribeiro.mendes9186@email.com,Masculino,BR
9187,Fernanda Rodrigues Campos,fernanda.rodrigues.campos9187@email.com,Feminino,BR
9188,Marcelo Carvalho Castro,marcelo.carvalho.castro9188@email.com,Masculino,BR
9189,Jessica Rocha Xavier,jessica.rocha.xavier9189@email.com,Feminino,BR
9190,Fernando Morais Rocha,fernando.morais.rocha9190@email.com,Masculino,BR
9191,Monica Barros Pereira,monica.barros.pereira9191@email.com,Feminino,BR
9192,Daniel Rocha Cardoso,daniel.rocha.cardoso9192@email.com,Masculino,BR
9193,Claudia Oliveira Fernandes,claudia.oliveira.fernandes9193@email.com,Feminino,BR
9194,Mauricio Xavier Nascimento,mauricio.xavier.nascimento9194@email.com,Masculino,BR
9195,Monica Rodrigues Moreira,monica.rodrigues.moreira9195@email.com,Feminino,BR
9196,Marcelo Barbosa Correia,marcelo.barbosa.correia9196@email.com,Masculino,BR
9197,Adriana Barros Matos,adriana.barros.matos9197@email.com,Feminino,BR
9198,Rafael Araujo Rezende,rafael.araujo.rezende9198@email.com,Masculino,BR
9199,Priscila Morais Gomes,priscila.morais.gomes9199@email.com,Feminino,BR
9200,Renato Duarte Macedo,renato.duarte.macedo9200@email.com,Masculino,BR
9201,Patricia Xavier Ribeiro,patricia.xavier.ribeiro9201@email.com,Feminino,BR
9202,Lucas Souza Ferreira,lucas.souza.ferreira9202@email.com,Masculino,BR
9203,Camila Costa Lima,camila.costa.lima9203@email.com,Feminino,BR
9204,Francisco Azevedo Barros,francisco.azevedo.barros9204@email.com,Masculino,BR
9205,Juliana Araujo Nascimento,juliana.araujo.nascimento9205@email.com,Feminino,BR
9206,Paulo Nascimento Pires,paulo.nascimento.pires9206@email.com,Masculino,BR
9207,Bianca Fernandes Pinheiro,bianca.fernandes.pinheiro9207@email.com,Feminino,BR
9208,Cesar Costa Siqueira,cesar.costa.siqueira9208@email.com,Masculino,BR
9209,Patricia Azevedo Melo,patricia.azevedo.melo9209@email.com,Feminino,BR
9210,Roberto Torres Rezende,roberto.torres.rezende9210@email.com,Masculino,BR
9211,Leticia Nascimento Oliveira,leticia.nascimento.oliveira9211@email.com,Feminino,BR
9212,Eduardo Tavares Rocha,eduardo.tavares.rocha9212@email.com,Masculino,BR
9213,Sandra Alves Fonseca,sandra.alves.fonseca9213@email.com,Feminino,BR
9214,Cesar Guimaraes Mendes,cesar.guimaraes.mendes9214@email.com,Masculino,BR
9215,Sandra Ribeiro Tavares,sandra.ribeiro.tavares9215@email.com,Feminino,BR
9216,Diego Pinheiro Coelho,diego.pinheiro.coelho9216@email.com,Masculino,BR
9217,Larissa Rezende Alves,larissa.rezende.alves9217@email.com,Feminino,BR
9218,Daniel Ribeiro Rocha,daniel.ribeiro.rocha9218@email.com,Masculino,BR
9219,Pamela Rodrigues Pinheiro,pamela.rodrigues.pinheiro9219@email.com,Feminino,BR
9220,Henrique Araujo Carvalho,henrique.araujo.carvalho9220@email.com,Masculino,BR
9221,Tatiane Azevedo Ribeiro,tatiane.azevedo.ribeiro9221@email.com,Feminino,BR
9222,Thiago Santos Campos,thiago.santos.campos9222@email.com,Masculino,BR
9223,Leticia Rocha Rocha,leticia.rocha.rocha9223@email.com,Feminino,BR
9224,Felipe Rodrigues Ribeiro,felipe.rodrigues.ribeiro9224@email.com,Masculino,BR
9225,Daniela Brito Cardoso,daniela.brito.cardoso9225@email.com,Feminino,BR
9226,Henrique Fonseca Vasconcelos,henrique.fonseca.vasconcelos9226@email.com,Masculino,BR
9227,Daniela Melo Gomes,daniela.melo.gomes9227@email.com,Feminino,BR
9228,André Pinheiro Pinheiro,andré.pinheiro.pinheiro9228@email.com,Masculino,BR
9229,Maria Nascimento Castro,maria.nascimento.castro9229@email.com,Feminino,BR
9230,André Gomes Barbosa,andré.gomes.barbosa9230@email.com,Masculino,BR
9231,Leticia Monteiro Lopes,leticia.monteiro.lopes9231@email.com,Feminino,BR
9232,Pedro Monteiro Barros,pedro.monteiro.barros9232@email.com,Masculino,BR
9233,Fabiana Rezende Barros,fabiana.rezende.barros9233@email.com,Feminino,BR
9234,Wagner Fonseca Teixeira,wagner.fonseca.teixeira9234@email.com,Masculino,BR
9235,Maria Nunes Azevedo,maria.nunes.azevedo9235@email.com,Feminino,BR
9236,Pedro Fernandes Martins,pedro.fernandes.martins9236@email.com,Masculino,BR
9237,Maria Campos Guimaraes,maria.campos.guimaraes9237@email.com,Feminino,BR
9238,Alexandre Macedo Barros,alexandre.macedo.barros9238@email.com,Masculino,BR
9239,Sandra Pereira Guimaraes,sandra.pereira.guimaraes9239@email.com,Feminino,BR
9240,Diego Gomes Xavier,diego.gomes.xavier9240@email.com,Masculino,BR
9241,Jessica Rezende Mendes,jessica.rezende.mendes9241@email.com,Feminino,BR
9242,Cesar Nascimento Ribeiro,cesar.nascimento.ribeiro9242@email.com,Masculino,BR
9243,Carolina Ramos Morais,carolina.ramos.morais9243@email.com,Feminino,BR
9244,Marcos Martins Tavares,marcos.martins.tavares9244@email.com,Masculino,BR
9245,Simone Cunha Carvalho,simone.cunha.carvalho9245@email.com,Feminino,BR
9246,Vinicius Ribeiro Lopes,vinicius.ribeiro.lopes9246@email.com,Masculino,BR
9247,Pamela Machado Cardoso,pamela.machado.cardoso9247@email.com,Feminino,BR
9248,Thiago Martins Freitas,thiago.martins.freitas9248@email.com,Masculino,BR
9249,Eliane Rocha Santos,eliane.rocha.santos9249@email.com,Feminino,BR
9250,Matheus Ferreira Moreira,matheus.ferreira.moreira9250@email.com,Masculino,BR
9251,Sandra Castro Ferreira,sandra.castro.ferreira9251@email.com,Feminino,BR
9252,Rafael Fernandes Tavares,rafael.fernandes.tavares9252@email.com,Masculino,BR
9253,Beatriz Santos Vasconcelos,beatriz.santos.vasconcelos9253@email.com,Feminino,BR
9254,Fabio Duarte Matos,fabio.duarte.matos9254@email.com,Masculino,BR
9255,Mariana Rocha Fonseca,mariana.rocha.fonseca9255@email.com,Feminino,BR
9256,Rodrigo Lima Pereira,rodrigo.lima.pereira9256@email.com,Masculino,BR
9257,Simone Macedo Cunha,simone.macedo.cunha9257@email.com,Feminino,BR
9258,Marcos Oliveira Rocha,marcos.oliveira.rocha9258@email.com,Masculino,BR
9259,Rosana Cardoso Cardoso,rosana.cardoso.cardoso9259@email.com,Feminino,BR
9260,Mauricio Moreira Carvalho,mauricio.moreira.carvalho9260@email.com,Masculino,BR
9261,Luciana Araujo Azevedo,luciana.araujo.azevedo9261@email.com,Feminino,BR
9262,Rafael Vasconcelos Cunha,rafael.vasconcelos.cunha9262@email.com,Masculino,BR
9263,Vanessa Torres Guimaraes,vanessa.torres.guimaraes9263@email.com,Feminino,BR
9264,Rodrigo Siqueira Coelho,rodrigo.siqueira.coelho9264@email.com,Masculino,BR
9265,Vanessa Oliveira Ramos,vanessa.oliveira.ramos9265@email.com,Feminino,BR
9266,Alexandre Pereira Teixeira,alexandre.pereira.teixeira9266@email.com,Masculino,BR
9267,Adriana Guimaraes Barros,adriana.guimaraes.barros9267@email.com,Feminino,BR
9268,Pedro Vasconcelos Siqueira,pedro.vasconcelos.siqueira9268@email.com,Masculino,BR
9269,Tatiane Teixeira Alves,tatiane.teixeira.alves9269@email.com,Feminino,BR
9270,André Dias Matos,andré.dias.matos9270@email.com,Masculino,BR
9271,Amanda Carvalho Vasconcelos,amanda.carvalho.vasconcelos9271@email.com,Feminino,BR
9272,Marcelo Coelho Melo,marcelo.coelho.melo9272@email.com,Masculino,BR
9273,Juliana Oliveira Nunes,juliana.oliveira.nunes9273@email.com,Feminino,BR
9274,Sergio Castro Melo,sergio.castro.melo9274@email.com,Masculino,BR
9275,Cristina Correia Melo,cristina.correia.melo9275@email.com,Feminino,BR
9276,Thiago Pereira Torres,thiago.pereira.torres9276@email.com,Masculino,BR
9277,Camila Ribeiro Melo,camila.ribeiro.melo9277@email.com,Feminino,BR
9278,Rafael Alves Reis,rafael.alves.reis9278@email.com,Masculino,BR
9279,Vanessa Xavier Pereira,vanessa.xavier.pereira9279@email.com,Feminino,BR
9280,Fabio Pinheiro Barbosa,fabio.pinheiro.barbosa9280@email.com,Masculino,BR
9281,Aline Siqueira Lima,aline.siqueira.lima9281@email.com,Feminino,BR
9282,Fabio Castro Rocha,fabio.castro.rocha9282@email.com,Masculino,BR
9283,Luciana Castro Cunha,luciana.castro.cunha9283@email.com,Feminino,BR
9284,Marcelo Rezende Moreira,marcelo.rezende.moreira9284@email.com,Masculino,BR
9285,Raquel Silva Alves,raquel.silva.alves9285@email.com,Feminino,BR
9286,Mauricio Lima Moura,mauricio.lima.moura9286@email.com,Masculino,BR
9287,Simone Mendes Pires,simone.mendes.pires9287@email.com,Feminino,BR
9288,Marcelo Costa Rodrigues,marcelo.costa.rodrigues9288@email.com,Masculino,BR
9289,Raquel Monteiro Coelho,raquel.monteiro.coelho9289@email.com,Feminino,BR
9290,Gabriel Reis Reis,gabriel.reis.reis9290@email.com,Masculino,BR
9291,Maria Oliveira Xavier,maria.oliveira.xavier9291@email.com,Feminino,BR
9292,Alexandre Ribeiro Duarte,alexandre.ribeiro.duarte9292@email.com,Masculino,BR
9293,Aline Rezende Lopes,aline.rezende.lopes9293@email.com,Feminino,BR
9294,Francisco Machado Araujo,francisco.machado.araujo9294@email.com,Masculino,BR
9295,Simone Moura Cardoso,simone.moura.cardoso9295@email.com,Feminino,BR
9296,Alexandre Morais Moreira,alexandre.morais.moreira9296@email.com,Masculino,BR
9297,Leticia Moreira Pinheiro,leticia.moreira.pinheiro9297@email.com,Feminino,BR
9298,Leandro Macedo Pinheiro,leandro.macedo.pinheiro9298@email.com,Masculino,BR
9299,Larissa Tavares Ramos,larissa.tavares.ramos9299@email.com,Feminino,BR
9300,Gabriel Dias Barbosa,gabriel.dias.barbosa9300@email.com,Masculino,BR
9301,Vanessa Lima Guimaraes,vanessa.lima.guimaraes9301@email.com,Feminino,BR
9302,Rafael Correia Ramos,rafael.correia.ramos9302@email.com,Masculino,BR
9303,Isabela Ribeiro Pereira,isabela.ribeiro.pereira9303@email.com,Feminino,BR
9304,André Ribeiro Santos,andré.ribeiro.santos9304@email.com,Masculino,BR
9305,Raquel Nascimento Pereira,raquel.nascimento.pereira9305@email.com,Feminino,BR
9306,Carlos Barbosa Martins,carlos.barbosa.martins9306@email.com,Masculino,BR
9307,Andrea Mendes Castro,andrea.mendes.castro9307@email.com,Feminino,BR
9308,Marcos Xavier Lima,marcos.xavier.lima9308@email.com,Masculino,BR
9309,Leticia Matos Rezende,leticia.matos.rezende9309@email.com,Feminino,BR
9310,Jose Duarte Macedo,jose.duarte.macedo9310@email.com,Masculino,BR
9311,Larissa Ferreira Machado,larissa.ferreira.machado9311@email.com,Feminino,BR
9312,Cesar Lopes Rocha,cesar.lopes.rocha9312@email.com,Masculino,BR
9313,Bianca Fonseca Guimaraes,bianca.fonseca.guimaraes9313@email.com,Feminino,BR
9314,Wagner Guimaraes Nunes,wagner.guimaraes.nunes9314@email.com,Masculino,BR
9315,Eliane Nascimento Moura,eliane.nascimento.moura9315@email.com,Feminino,BR
9316,Lucas Vasconcelos Martins,lucas.vasconcelos.martins9316@email.com,Masculino,BR
9317,Aline Nascimento Gomes,aline.nascimento.gomes9317@email.com,Feminino,BR
9318,Felipe Pinheiro Pires,felipe.pinheiro.pires9318@email.com,Masculino,BR
9319,Ana Costa Carvalho,ana.costa.carvalho9319@email.com,Feminino,BR
9320,Guilherme Ramos Cunha,guilherme.ramos.cunha9320@email.com,Masculino,BR
9321,Ana Pinheiro Nascimento,ana.pinheiro.nascimento9321@email.com,Feminino,BR
9322,Thiago Correia Silva,thiago.correia.silva9322@email.com,Masculino,BR
9323,Fernanda Silva Freitas,fernanda.silva.freitas9323@email.com,Feminino,BR
9324,André Pinheiro Martins,andré.pinheiro.martins9324@email.com,Masculino,BR
9325,Gisele Teixeira Gomes,gisele.teixeira.gomes9325@email.com,Feminino,BR
9326,Marcelo Moreira Gomes,marcelo.moreira.gomes9326@email.com,Masculino,BR
9327,Amanda Silva Cardoso,amanda.silva.cardoso9327@email.com,Feminino,BR
9328,Carlos Cardoso Fernandes,carlos.cardoso.fernandes9328@email.com,Masculino,BR
9329,Vanessa Nunes Araujo,vanessa.nunes.araujo9329@email.com,Feminino,BR
9330,Francisco Araujo Pires,francisco.araujo.pires9330@email.com,Masculino,BR
9331,Maria Freitas Pires,maria.freitas.pires9331@email.com,Feminino,BR
9332,Thiago Cunha Reis,thiago.cunha.reis9332@email.com,Masculino,BR
9333,Andrea Martins Siqueira,andrea.martins.siqueira9333@email.com,Feminino,BR
9334,Sergio Macedo Guimaraes,sergio.macedo.guimaraes9334@email.com,Masculino,BR
9335,Fernanda Costa Lopes,fernanda.costa.lopes9335@email.com,Feminino,BR
9336,Leonardo Castro Nascimento,leonardo.castro.nascimento9336@email.com,Masculino,BR
9337,Luciana Martins Torres,luciana.martins.torres9337@email.com,Feminino,BR
9338,Caio Coelho Ramos,caio.coelho.ramos9338@email.com,Masculino,BR
9339,Priscila Melo Carvalho,priscila.melo.carvalho9339@email.com,Feminino,BR
9340,Daniel Melo Pires,daniel.melo.pires9340@email.com,Masculino,BR
9341,Tatiana Barros Guimaraes,tatiana.barros.guimaraes9341@email.com,Feminino,BR
9342,Alexandre Brito Xavier,alexandre.brito.xavier9342@email.com,Masculino,BR
9343,Tatiana Dias Torres,tatiana.dias.torres9343@email.com,Feminino,BR
9344,Fernando Cunha Pinheiro,fernando.cunha.pinheiro9344@email.com,Masculino,BR
9345,Camila Barros Teixeira,camila.barros.teixeira9345@email.com,Feminino,BR
9346,Felipe Morais Castro,felipe.morais.castro9346@email.com,Masculino,BR
9347,Carolina Ribeiro Moreira,carolina.ribeiro.moreira9347@email.com,Feminino,BR
9348,Caio Alves Araujo,caio.alves.araujo9348@email.com,Masculino,BR
9349,Luciana Pires Monteiro,luciana.pires.monteiro9349@email.com,Feminino,BR
9350,Lucas Silva Pereira,lucas.silva.pereira9350@email.com,Masculino,BR
9351,Renata Rocha Siqueira,renata.rocha.siqueira9351@email.com,Feminino,BR
9352,Jose Xavier Martins,jose.xavier.martins9352@email.com,Masculino,BR
9353,Renata Carvalho Correia,renata.carvalho.correia9353@email.com,Feminino,BR
9354,Wagner Rocha Alves,wagner.rocha.alves9354@email.com,Masculino,BR
9355,Gisele Melo Barros,gisele.melo.barros9355@email.com,Feminino,BR
9356,Eduardo Freitas Ribeiro,eduardo.freitas.ribeiro9356@email.com,Masculino,BR
9357,Bruna Pinheiro Tavares,bruna.pinheiro.tavares9357@email.com,Feminino,BR
9358,Ricardo Moura Machado,ricardo.moura.machado9358@email.com,Masculino,BR
9359,Simone Correia Coelho,simone.correia.coelho9359@email.com,Feminino,BR
9360,Pedro Moreira Machado,pedro.moreira.machado9360@email.com,Masculino,BR
9361,Pamela Rodrigues Alves,pamela.rodrigues.alves9361@email.com,Feminino,BR
9362,Carlos Ramos Coelho,carlos.ramos.coelho9362@email.com,Masculino,BR
9363,Carla Torres Fonseca,carla.torres.fonseca9363@email.com,Feminino,BR
9364,Thiago Silva Morais,thiago.silva.morais9364@email.com,Masculino,BR
9365,Gisele Moura Alves,gisele.moura.alves9365@email.com,Feminino,BR
9366,Vinicius Araujo Macedo,vinicius.araujo.macedo9366@email.com,Masculino,BR
9367,Patricia Guimaraes Souza,patricia.guimaraes.souza9367@email.com,Feminino,BR
9368,Caio Tavares Lopes,caio.tavares.lopes9368@email.com,Masculino,BR
9369,Bianca Lima Azevedo,bianca.lima.azevedo9369@email.com,Feminino,BR
9370,Jose Nascimento Lima,jose.nascimento.lima9370@email.com,Masculino,BR
9371,Sandra Fonseca Cunha,sandra.fonseca.cunha9371@email.com,Feminino,BR
9372,Mauricio Melo Castro,mauricio.melo.castro9372@email.com,Masculino,BR
9373,Priscila Castro Nascimento,priscila.castro.nascimento9373@email.com,Feminino,BR
9374,Leandro Freitas Siqueira,leandro.freitas.siqueira9374@email.com,Masculino,BR
9375,Pamela Ribeiro Pinheiro,pamela.ribeiro.pinheiro9375@email.com,Feminino,BR
9376,Pedro Correia Torres,pedro.correia.torres9376@email.com,Masculino,BR
9377,Isabela Nascimento Moreira,isabela.nascimento.moreira9377@email.com,Feminino,BR
9378,Alexandre Campos Nascimento,alexandre.campos.nascimento9378@email.com,Masculino,BR
9379,Carolina Castro Rodrigues,carolina.castro.rodrigues9379@email.com,Feminino,BR
9380,Thiago Guimaraes Freitas,thiago.guimaraes.freitas9380@email.com,Masculino,BR
9381,Eliane Reis Alves,eliane.reis.alves9381@email.com,Feminino,BR
9382,Gabriel Cardoso Lopes,gabriel.cardoso.lopes9382@email.com,Masculino,BR
9383,Tatiana Monteiro Guimaraes,tatiana.monteiro.guimaraes9383@email.com,Feminino,BR
9384,Jose Fonseca Duarte,jose.fonseca.duarte9384@email.com,Masculino,BR
9385,Mariana Teixeira Cardoso,mariana.teixeira.cardoso9385@email.com,Feminino,BR
9386,Eduardo Tavares Nunes,eduardo.tavares.nunes9386@email.com,Masculino,BR
9387,Luciana Morais Morais,luciana.morais.morais9387@email.com,Feminino,BR
9388,João Coelho Lopes,joão.coelho.lopes9388@email.com,Masculino,BR
9389,Raquel Souza Fonseca,raquel.souza.fonseca9389@email.com,Feminino,BR
9390,Wagner Santos Lopes,wagner.santos.lopes9390@email.com,Masculino,BR
9391,Sabrina Morais Machado,sabrina.morais.machado9391@email.com,Feminino,BR
9392,Rafael Coelho Guimaraes,rafael.coelho.guimaraes9392@email.com,Masculino,BR
9393,Bianca Ramos Fonseca,bianca.ramos.fonseca9393@email.com,Feminino,BR
9394,Leandro Pereira Coelho,leandro.pereira.coelho9394@email.com,Masculino,BR
9395,Jessica Duarte Guimaraes,jessica.duarte.guimaraes9395@email.com,Feminino,BR
9396,Leonardo Rezende Santos,leonardo.rezende.santos9396@email.com,Masculino,BR
9397,Tatiane Silva Pires,tatiane.silva.pires9397@email.com,Feminino,BR
9398,Wagner Azevedo Monteiro,wagner.azevedo.monteiro9398@email.com,Masculino,BR
9399,Pamela Mendes Pires,pamela.mendes.pires9399@email.com,Feminino,BR
9400,Paulo Brito Guimaraes,paulo.brito.guimaraes9400@email.com,Masculino,BR
9401,Eliane Barbosa Moreira,eliane.barbosa.moreira9401@email.com,Feminino,BR
9402,Vinicius Pereira Barros,vinicius.pereira.barros9402@email.com,Masculino,BR
9403,Renata Fernandes Tavares,renata.fernandes.tavares9403@email.com,Feminino,BR
9404,Jose Melo Monteiro,jose.melo.monteiro9404@email.com,Masculino,BR
9405,Larissa Cunha Azevedo,larissa.cunha.azevedo9405@email.com,Feminino,BR
9406,Gustavo Barbosa Reis,gustavo.barbosa.reis9406@email.com,Masculino,BR
9407,Bruna Moura Morais,bruna.moura.morais9407@email.com,Feminino,BR
9408,Igor Dias Moreira,igor.dias.moreira9408@email.com,Masculino,BR
9409,Rosana Castro Fernandes,rosana.castro.fernandes9409@email.com,Feminino,BR
9410,Marcelo Alves Rodrigues,marcelo.alves.rodrigues9410@email.com,Masculino,BR
9411,Leticia Macedo Fonseca,leticia.macedo.fonseca9411@email.com,Feminino,BR
9412,Marcelo Santos Mendes,marcelo.santos.mendes9412@email.com,Masculino,BR
9413,Leticia Cardoso Silva,leticia.cardoso.silva9413@email.com,Feminino,BR
9414,Wagner Martins Siqueira,wagner.martins.siqueira9414@email.com,Masculino,BR
9415,Aline Fernandes Moreira,aline.fernandes.moreira9415@email.com,Feminino,BR
9416,João Cardoso Martins,joão.cardoso.martins9416@email.com,Masculino,BR
9417,Larissa Reis Oliveira,larissa.reis.oliveira9417@email.com,Feminino,BR
9418,Thiago Moreira Souza,thiago.moreira.souza9418@email.com,Masculino,BR
9419,Bruna Oliveira Moreira,bruna.oliveira.moreira9419@email.com,Feminino,BR
9420,Leonardo Barbosa Pires,leonardo.barbosa.pires9420@email.com,Masculino,BR
9421,Claudia Costa Santos,claudia.costa.santos9421@email.com,Feminino,BR
9422,Marcelo Ribeiro Nunes,marcelo.ribeiro.nunes9422@email.com,Masculino,BR
9423,Gisele Reis Mendes,gisele.reis.mendes9423@email.com,Feminino,BR
9424,Paulo Moura Alves,paulo.moura.alves9424@email.com,Masculino,BR
9425,Cristina Silva Pires,cristina.silva.pires9425@email.com,Feminino,BR
9426,Marcelo Duarte Pires,marcelo.duarte.pires9426@email.com,Masculino,BR
9427,Renata Siqueira Fernandes,renata.siqueira.fernandes9427@email.com,Feminino,BR
9428,Carlos Teixeira Machado,carlos.teixeira.machado9428@email.com,Masculino,BR
9429,Raquel Siqueira Torres,raquel.siqueira.torres9429@email.com,Feminino,BR
9430,Marcelo Pires Araujo,marcelo.pires.araujo9430@email.com,Masculino,BR
9431,Andrea Tavares Pinheiro,andrea.tavares.pinheiro9431@email.com,Feminino,BR
9432,Fernando Mendes Reis,fernando.mendes.reis9432@email.com,Masculino,BR
9433,Amanda Pires Freitas,amanda.pires.freitas9433@email.com,Feminino,BR
9434,Matheus Araujo Silva,matheus.araujo.silva9434@email.com,Masculino,BR
9435,Isabela Lopes Xavier,isabela.lopes.xavier9435@email.com,Feminino,BR
9436,Fabio Silva Costa,fabio.silva.costa9436@email.com,Masculino,BR
9437,Maria Dias Oliveira,maria.dias.oliveira9437@email.com,Feminino,BR
9438,Paulo Matos Rodrigues,paulo.matos.rodrigues9438@email.com,Masculino,BR
9439,Carolina Alves Fonseca,carolina.alves.fonseca9439@email.com,Feminino,BR
9440,Wagner Freitas Vasconcelos,wagner.freitas.vasconcelos9440@email.com,Masculino,BR
9441,Tatiana Santos Freitas,tatiana.santos.freitas9441@email.com,Feminino,BR
9442,Alexandre Barbosa Alves,alexandre.barbosa.alves9442@email.com,Masculino,BR
9443,Tatiane Mendes Macedo,tatiane.mendes.macedo9443@email.com,Feminino,BR
9444,Sergio Gomes Torres,sergio.gomes.torres9444@email.com,Masculino,BR
9445,Jessica Castro Siqueira,jessica.castro.siqueira9445@email.com,Feminino,BR
9446,Rodrigo Ramos Lopes,rodrigo.ramos.lopes9446@email.com,Masculino,BR
9447,Eliane Costa Barros,eliane.costa.barros9447@email.com,Feminino,BR
9448,Fernando Matos Santos,fernando.matos.santos9448@email.com,Masculino,BR
9449,Larissa Moura Machado,larissa.moura.machado9449@email.com,Feminino,BR
9450,Thiago Cunha Vasconcelos,thiago.cunha.vasconcelos9450@email.com,Masculino,BR
9451,Juliana Santos Lima,juliana.santos.lima9451@email.com,Feminino,BR
9452,Marcos Ramos Campos,marcos.ramos.campos9452@email.com,Masculino,BR
9453,Larissa Costa Carvalho,larissa.costa.carvalho9453@email.com,Feminino,BR
9454,Vinicius Barbosa Monteiro,vinicius.barbosa.monteiro9454@email.com,Masculino,BR
9455,Adriana Souza Tavares,adriana.souza.tavares9455@email.com,Feminino,BR
9456,Wagner Oliveira Moreira,wagner.oliveira.moreira9456@email.com,Masculino,BR
9457,Thais Nunes Siqueira,thais.nunes.siqueira9457@email.com,Feminino,BR
9458,Igor Ramos Pires,igor.ramos.pires9458@email.com,Masculino,BR
9459,Carolina Torres Campos,carolina.torres.campos9459@email.com,Feminino,BR
9460,Thiago Monteiro Oliveira,thiago.monteiro.oliveira9460@email.com,Masculino,BR
9461,Daniela Rocha Xavier,daniela.rocha.xavier9461@email.com,Feminino,BR
9462,Gabriel Lima Cardoso,gabriel.lima.cardoso9462@email.com,Masculino,BR
9463,Sandra Guimaraes Tavares,sandra.guimaraes.tavares9463@email.com,Feminino,BR
9464,Guilherme Machado Souza,guilherme.machado.souza9464@email.com,Masculino,BR
9465,Simone Ramos Macedo,simone.ramos.macedo9465@email.com,Feminino,BR
9466,Daniel Ribeiro Melo,daniel.ribeiro.melo9466@email.com,Masculino,BR
9467,Vanessa Lima Tavares,vanessa.lima.tavares9467@email.com,Feminino,BR
9468,João Teixeira Araujo,joão.teixeira.araujo9468@email.com,Masculino,BR
9469,Tatiana Morais Vasconcelos,tatiana.morais.vasconcelos9469@email.com,Feminino,BR
9470,Rodrigo Lopes Xavier,rodrigo.lopes.xavier9470@email.com,Masculino,BR
9471,Ana Mendes Rezende,ana.mendes.rezende9471@email.com,Feminino,BR
9472,Leandro Machado Rodrigues,leandro.machado.rodrigues9472@email.com,Masculino,BR
9473,Raquel Castro Barbosa,raquel.castro.barbosa9473@email.com,Feminino,BR
9474,Diego Campos Tavares,diego.campos.tavares9474@email.com,Masculino,BR
9475,Cristina Tavares Ramos,cristina.tavares.ramos9475@email.com,Feminino,BR
9476,Diego Martins Alves,diego.martins.alves9476@email.com,Masculino,BR
9477,Cristina Castro Carvalho,cristina.castro.carvalho9477@email.com,Feminino,BR
9478,Diego Silva Rezende,diego.silva.rezende9478@email.com,Masculino,BR
9479,Camila Souza Barbosa,camila.souza.barbosa9479@email.com,Feminino,BR
9480,Igor Matos Freitas,igor.matos.freitas9480@email.com,Masculino,BR
9481,Tatiana Alves Martins,tatiana.alves.martins9481@email.com,Feminino,BR
9482,Wagner Costa Silva,wagner.costa.silva9482@email.com,Masculino,BR
9483,Priscila Moreira Souza,priscila.moreira.souza9483@email.com,Feminino,BR
9484,Daniel Ferreira Pereira,daniel.ferreira.pereira9484@email.com,Masculino,BR
9485,Thais Araujo Macedo,thais.araujo.macedo9485@email.com,Feminino,BR
9486,Rafael Morais Azevedo,rafael.morais.azevedo9486@email.com,Masculino,BR
9487,Pamela Martins Ramos,pamela.martins.ramos9487@email.com,Feminino,BR
9488,Vinicius Castro Vasconcelos,vinicius.castro.vasconcelos9488@email.com,Masculino,BR
9489,Gisele Matos Araujo,gisele.matos.araujo9489@email.com,Feminino,BR
9490,Cesar Freitas Pires,cesar.freitas.pires9490@email.com,Masculino,BR
9491,Simone Correia Brito,simone.correia.brito9491@email.com,Feminino,BR
9492,Diego Pires Cardoso,diego.pires.cardoso9492@email.com,Masculino,BR
9493,Mariana Ribeiro Fonseca,mariana.ribeiro.fonseca9493@email.com,Feminino,BR
9494,Leandro Martins Brito,leandro.martins.brito9494@email.com,Masculino,BR
9495,Sandra Souza Correia,sandra.souza.correia9495@email.com,Feminino,BR
9496,Diego Alves Moreira,diego.alves.moreira9496@email.com,Masculino,BR
9497,Larissa Barros Cardoso,larissa.barros.cardoso9497@email.com,Feminino,BR
9498,Antonio Campos Guimaraes,antonio.campos.guimaraes9498@email.com,Masculino,BR
9499,Camila Lopes Pereira,camila.lopes.pereira9499@email.com,Feminino,BR
9500,Roberto Teixeira Costa,roberto.teixeira.costa9500@email.com,Masculino,BR
9501,Fabiana Melo Morais,fabiana.melo.morais9501@email.com,Feminino,BR
9502,Roberto Campos Monteiro,roberto.campos.monteiro9502@email.com,Masculino,BR
9503,Claudia Ferreira Mendes,claudia.ferreira.mendes9503@email.com,Feminino,BR
9504,Renato Azevedo Monteiro,renato.azevedo.monteiro9504@email.com,Masculino,BR
9505,Sabrina Machado Carvalho,sabrina.machado.carvalho9505@email.com,Feminino,BR
9506,Fabio Morais Dias,fabio.morais.dias9506@email.com,Masculino,BR
9507,Sandra Macedo Rocha,sandra.macedo.rocha9507@email.com,Feminino,BR
9508,Leandro Lopes Moura,leandro.lopes.moura9508@email.com,Masculino,BR
9509,Leticia Lima Reis,leticia.lima.reis9509@email.com,Feminino,BR
9510,Caio Lima Freitas,caio.lima.freitas9510@email.com,Masculino,BR
9511,Rosana Monteiro Nascimento,rosana.monteiro.nascimento9511@email.com,Feminino,BR
9512,Sergio Azevedo Gomes,sergio.azevedo.gomes9512@email.com,Masculino,BR
9513,Adriana Barbosa Melo,adriana.barbosa.melo9513@email.com,Feminino,BR
9514,Wagner Dias Oliveira,wagner.dias.oliveira9514@email.com,Masculino,BR
9515,Monica Carvalho Rezende,monica.carvalho.rezende9515@email.com,Feminino,BR
9516,Jose Castro Santos,jose.castro.santos9516@email.com,Masculino,BR
9517,Cristina Gomes Lima,cristina.gomes.lima9517@email.com,Feminino,BR
9518,Francisco Dias Cunha,francisco.dias.cunha9518@email.com,Masculino,BR
9519,Camila Xavier Pereira,camila.xavier.pereira9519@email.com,Feminino,BR
9520,André Araujo Torres,andré.araujo.torres9520@email.com,Masculino,BR
9521,Fabiana Tavares Ribeiro,fabiana.tavares.ribeiro9521@email.com,Feminino,BR
9522,Guilherme Oliveira Barros,guilherme.oliveira.barros9522@email.com,Masculino,BR
9523,Thais Barros Castro,thais.barros.castro9523@email.com,Feminino,BR
9524,Daniel Fernandes Pires,daniel.fernandes.pires9524@email.com,Masculino,BR
9525,Patricia Freitas Xavier,patricia.freitas.xavier9525@email.com,Feminino,BR
9526,Daniel Machado Castro,daniel.machado.castro9526@email.com,Masculino,BR
9527,Thais Gomes Silva,thais.gomes.silva9527@email.com,Feminino,BR
9528,Rodrigo Torres Pires,rodrigo.torres.pires9528@email.com,Masculino,BR
9529,Luciana Ribeiro Cardoso,luciana.ribeiro.cardoso9529@email.com,Feminino,BR
9530,Ricardo Cardoso Ribeiro,ricardo.cardoso.ribeiro9530@email.com,Masculino,BR
9531,Larissa Lopes Nascimento,larissa.lopes.nascimento9531@email.com,Feminino,BR
9532,Leandro Cunha Cardoso,leandro.cunha.cardoso9532@email.com,Masculino,BR
9533,Tatiana Cardoso Matos,tatiana.cardoso.matos9533@email.com,Feminino,BR
9534,Eduardo Machado Fernandes,eduardo.machado.fernandes9534@email.com,Masculino,BR
9535,Aline Costa Alves,aline.costa.alves9535@email.com,Feminino,BR
9536,Jose Duarte Alves,jose.duarte.alves9536@email.com,Masculino,BR
9537,Sandra Ramos Brito,sandra.ramos.brito9537@email.com,Feminino,BR
9538,Fernando Gomes Barbosa,fernando.gomes.barbosa9538@email.com,Masculino,BR
9539,Sabrina Rodrigues Rezende,sabrina.rodrigues.rezende9539@email.com,Feminino,BR
9540,Bruno Pinheiro Machado,bruno.pinheiro.machado9540@email.com,Masculino,BR
9541,Jessica Pinheiro Rodrigues,jessica.pinheiro.rodrigues9541@email.com,Feminino,BR
9542,Thiago Fonseca Fernandes,thiago.fonseca.fernandes9542@email.com,Masculino,BR
9543,Carolina Fonseca Pereira,carolina.fonseca.pereira9543@email.com,Feminino,BR
9544,Leandro Carvalho Dias,leandro.carvalho.dias9544@email.com,Masculino,BR
9545,Carolina Souza Fonseca,carolina.souza.fonseca9545@email.com,Feminino,BR
9546,Wagner Duarte Mendes,wagner.duarte.mendes9546@email.com,Masculino,BR
9547,Daniela Morais Xavier,daniela.morais.xavier9547@email.com,Feminino,BR
9548,Guilherme Mendes Teixeira,guilherme.mendes.teixeira9548@email.com,Masculino,BR
9549,Fernanda Guimaraes Fonseca,fernanda.guimaraes.fonseca9549@email.com,Feminino,BR
9550,Sergio Fonseca Xavier,sergio.fonseca.xavier9550@email.com,Masculino,BR
9551,Ana Nascimento Oliveira,ana.nascimento.oliveira9551@email.com,Feminino,BR
9552,Felipe Costa Castro,felipe.costa.castro9552@email.com,Masculino,BR
9553,Claudia Pires Teixeira,claudia.pires.teixeira9553@email.com,Feminino,BR
9554,Fernando Carvalho Duarte,fernando.carvalho.duarte9554@email.com,Masculino,BR
9555,Ana Castro Carvalho,ana.castro.carvalho9555@email.com,Feminino,BR
9556,Igor Martins Alves,igor.martins.alves9556@email.com,Masculino,BR
9557,Camila Castro Tavares,camila.castro.tavares9557@email.com,Feminino,BR
9558,Matheus Siqueira Moura,matheus.siqueira.moura9558@email.com,Masculino,BR
9559,Leticia Barbosa Martins,leticia.barbosa.martins9559@email.com,Feminino,BR
9560,Rodrigo Rodrigues Nunes,rodrigo.rodrigues.nunes9560@email.com,Masculino,BR
9561,Aline Macedo Moura,aline.macedo.moura9561@email.com,Feminino,BR
9562,Leandro Guimaraes Coelho,leandro.guimaraes.coelho9562@email.com,Masculino,BR
9563,Andrea Matos Azevedo,andrea.matos.azevedo9563@email.com,Feminino,BR
9564,Mauricio Campos Lopes,mauricio.campos.lopes9564@email.com,Masculino,BR
9565,Mariana Pires Campos,mariana.pires.campos9565@email.com,Feminino,BR
9566,Antonio Teixeira Morais,antonio.teixeira.morais9566@email.com,Masculino,BR
9567,Eliane Freitas Coelho,eliane.freitas.coelho9567@email.com,Feminino,BR
9568,Francisco Souza Moura,francisco.souza.moura9568@email.com,Masculino,BR
9569,Larissa Reis Fonseca,larissa.reis.fonseca9569@email.com,Feminino,BR
9570,Roberto Ribeiro Rocha,roberto.ribeiro.rocha9570@email.com,Masculino,BR
9571,Patricia Lopes Pinheiro,patricia.lopes.pinheiro9571@email.com,Feminino,BR
9572,Mauricio Azevedo Matos,mauricio.azevedo.matos9572@email.com,Masculino,BR
9573,Gisele Tavares Siqueira,gisele.tavares.siqueira9573@email.com,Feminino,BR
9574,Ricardo Torres Souza,ricardo.torres.souza9574@email.com,Masculino,BR
9575,Raquel Moura Castro,raquel.moura.castro9575@email.com,Feminino,BR
9576,André Morais Tavares,andré.morais.tavares9576@email.com,Masculino,BR
9577,Jessica Ferreira Azevedo,jessica.ferreira.azevedo9577@email.com,Feminino,BR
9578,João Teixeira Coelho,joão.teixeira.coelho9578@email.com,Masculino,BR
9579,Rosana Moura Monteiro,rosana.moura.monteiro9579@email.com,Feminino,BR
9580,Henrique Teixeira Fernandes,henrique.teixeira.fernandes9580@email.com,Masculino,BR
9581,Amanda Xavier Nunes,amanda.xavier.nunes9581@email.com,Feminino,BR
9582,Marcos Ramos Rezende,marcos.ramos.rezende9582@email.com,Masculino,BR
9583,Mariana Moura Moreira,mariana.moura.moreira9583@email.com,Feminino,BR
9584,Francisco Alves Ferreira,francisco.alves.ferreira9584@email.com,Masculino,BR
9585,Vanessa Matos Dias,vanessa.matos.dias9585@email.com,Feminino,BR
9586,Pedro Dias Moura,pedro.dias.moura9586@email.com,Masculino,BR
9587,Aline Teixeira Coelho,aline.teixeira.coelho9587@email.com,Feminino,BR
9588,Guilherme Melo Castro,guilherme.melo.castro9588@email.com,Masculino,BR
9589,Larissa Macedo Ferreira,larissa.macedo.ferreira9589@email.com,Feminino,BR
9590,Sergio Araujo Guimaraes,sergio.araujo.guimaraes9590@email.com,Masculino,BR
9591,Pamela Reis Castro,pamela.reis.castro9591@email.com,Feminino,BR
9592,Bruno Nunes Teixeira,bruno.nunes.teixeira9592@email.com,Masculino,BR
9593,Eliane Silva Torres,eliane.silva.torres9593@email.com,Feminino,BR
9594,Pedro Pinheiro Xavier,pedro.pinheiro.xavier9594@email.com,Masculino,BR
9595,Andrea Siqueira Reis,andrea.siqueira.reis9595@email.com,Feminino,BR
9596,Sergio Morais Melo,sergio.morais.melo9596@email.com,Masculino,BR
9597,Mariana Reis Alves,mariana.reis.alves9597@email.com,Feminino,BR
9598,Renato Azevedo Duarte,renato.azevedo.duarte9598@email.com,Masculino,BR
9599,Fernanda Campos Cardoso,fernanda.campos.cardoso9599@email.com,Feminino,BR
9600,Rafael Pires Ramos,rafael.pires.ramos9600@email.com,Masculino,BR
9601,Luciana Fonseca Dias,luciana.fonseca.dias9601@email.com,Feminino,BR
9602,Eduardo Torres Xavier,eduardo.torres.xavier9602@email.com,Masculino,BR
9603,Carla Ferreira Morais,carla.ferreira.morais9603@email.com,Feminino,BR
9604,Diego Pinheiro Barros,diego.pinheiro.barros9604@email.com,Masculino,BR
9605,Gisele Coelho Santos,gisele.coelho.santos9605@email.com,Feminino,BR
9606,Caio Pinheiro Silva,caio.pinheiro.silva9606@email.com,Masculino,BR
9607,Simone Gomes Souza,simone.gomes.souza9607@email.com,Feminino,BR
9608,Leonardo Santos Pinheiro,leonardo.santos.pinheiro9608@email.com,Masculino,BR
9609,Larissa Lima Duarte,larissa.lima.duarte9609@email.com,Feminino,BR
9610,Gustavo Xavier Fonseca,gustavo.xavier.fonseca9610@email.com,Masculino,BR
9611,Camila Silva Araujo,camila.silva.araujo9611@email.com,Feminino,BR
9612,Marcelo Souza Melo,marcelo.souza.melo9612@email.com,Masculino,BR
9613,Eliane Machado Monteiro,eliane.machado.monteiro9613@email.com,Feminino,BR
9614,Gabriel Vasconcelos Cardoso,gabriel.vasconcelos.cardoso9614@email.com,Masculino,BR
9615,Sandra Lima Araujo,sandra.lima.araujo9615@email.com,Feminino,BR
9616,Guilherme Oliveira Duarte,guilherme.oliveira.duarte9616@email.com,Masculino,BR
9617,Fernanda Nascimento Moura,fernanda.nascimento.moura9617@email.com,Feminino,BR
9618,Diego Torres Castro,diego.torres.castro9618@email.com,Masculino,BR
9619,Amanda Melo Barros,amanda.melo.barros9619@email.com,Feminino,BR
9620,Felipe Oliveira Barbosa,felipe.oliveira.barbosa9620@email.com,Masculino,BR
9621,Simone Costa Souza,simone.costa.souza9621@email.com,Feminino,BR
9622,Leandro Dias Correia,leandro.dias.correia9622@email.com,Masculino,BR
9623,Bruna Dias Moreira,bruna.dias.moreira9623@email.com,Feminino,BR
9624,Ricardo Teixeira Nascimento,ricardo.teixeira.nascimento9624@email.com,Masculino,BR
9625,Fabiana Rezende Dias,fabiana.rezende.dias9625@email.com,Feminino,BR
9626,Alexandre Coelho Moreira,alexandre.coelho.moreira9626@email.com,Masculino,BR
9627,Beatriz Lopes Ferreira,beatriz.lopes.ferreira9627@email.com,Feminino,BR
9628,Marcos Nascimento Freitas,marcos.nascimento.freitas9628@email.com,Masculino,BR
9629,Aline Matos Tavares,aline.matos.tavares9629@email.com,Feminino,BR
9630,Leonardo Duarte Araujo,leonardo.duarte.araujo9630@email.com,Masculino,BR
9631,Tatiana Freitas Araujo,tatiana.freitas.araujo9631@email.com,Feminino,BR
9632,Cesar Costa Correia,cesar.costa.correia9632@email.com,Masculino,BR
9633,Maria Morais Teixeira,maria.morais.teixeira9633@email.com,Feminino,BR
9634,Marcelo Cardoso Coelho,marcelo.cardoso.coelho9634@email.com,Masculino,BR
9635,Luciana Ferreira Campos,luciana.ferreira.campos9635@email.com,Feminino,BR
9636,Rodrigo Lopes Siqueira,rodrigo.lopes.siqueira9636@email.com,Masculino,BR
9637,Priscila Ferreira Vasconcelos,priscila.ferreira.vasconcelos9637@email.com,Feminino,BR
9638,Igor Rodrigues Torres,igor.rodrigues.torres9638@email.com,Masculino,BR
9639,Daniela Araujo Fonseca,daniela.araujo.fonseca9639@email.com,Feminino,BR
9640,Antonio Duarte Ribeiro,antonio.duarte.ribeiro9640@email.com,Masculino,BR
9641,Sandra Freitas Xavier,sandra.freitas.xavier9641@email.com,Feminino,BR
9642,Felipe Alves Rodrigues,felipe.alves.rodrigues9642@email.com,Masculino,BR
9643,Leticia Araujo Moreira,leticia.araujo.moreira9643@email.com,Feminino,BR
9644,Cesar Oliveira Siqueira,cesar.oliveira.siqueira9644@email.com,Masculino,BR
9645,Beatriz Reis Barros,beatriz.reis.barros9645@email.com,Feminino,BR
9646,Gustavo Machado Rezende,gustavo.machado.rezende9646@email.com,Masculino,BR
9647,Vanessa Azevedo Santos,vanessa.azevedo.santos9647@email.com,Feminino,BR
9648,Thiago Castro Tavares,thiago.castro.tavares9648@email.com,Masculino,BR
9649,Bianca Macedo Vasconcelos,bianca.macedo.vasconcelos9649@email.com,Feminino,BR
9650,Alexandre Cunha Silva,alexandre.cunha.silva9650@email.com,Masculino,BR
9651,Monica Araujo Barbosa,monica.araujo.barbosa9651@email.com,Feminino,BR
9652,Daniel Moura Ferreira,daniel.moura.ferreira9652@email.com,Masculino,BR
9653,Daniela Fernandes Mendes,daniela.fernandes.mendes9653@email.com,Feminino,BR
9654,Henrique Pereira Torres,henrique.pereira.torres9654@email.com,Masculino,BR
9655,Bianca Pereira Oliveira,bianca.pereira.oliveira9655@email.com,Feminino,BR
9656,Lucas Guimaraes Nascimento,lucas.guimaraes.nascimento9656@email.com,Masculino,BR
9657,Bruna Cardoso Morais,bruna.cardoso.morais9657@email.com,Feminino,BR
9658,Marcos Teixeira Castro,marcos.teixeira.castro9658@email.com,Masculino,BR
9659,Raquel Cunha Reis,raquel.cunha.reis9659@email.com,Feminino,BR
9660,Henrique Oliveira Campos,henrique.oliveira.campos9660@email.com,Masculino,BR
9661,Larissa Oliveira Gomes,larissa.oliveira.gomes9661@email.com,Feminino,BR
9662,Rafael Castro Silva,rafael.castro.silva9662@email.com,Masculino,BR
9663,Beatriz Rezende Dias,beatriz.rezende.dias9663@email.com,Feminino,BR
9664,João Mendes Rocha,joão.mendes.rocha9664@email.com,Masculino,BR
9665,Pamela Cunha Dias,pamela.cunha.dias9665@email.com,Feminino,BR
9666,Guilherme Souza Melo,guilherme.souza.melo9666@email.com,Masculino,BR
9667,Aline Alves Mendes,aline.alves.mendes9667@email.com,Feminino,BR
9668,Henrique Brito Nunes,henrique.brito.nunes9668@email.com,Masculino,BR
9669,Bruna Lima Moura,bruna.lima.moura9669@email.com,Feminino,BR
9670,Mauricio Carvalho Fonseca,mauricio.carvalho.fonseca9670@email.com,Masculino,BR
9671,Simone Xavier Dias,simone.xavier.dias9671@email.com,Feminino,BR
9672,Pedro Duarte Cunha,pedro.duarte.cunha9672@email.com,Masculino,BR
9673,Eliane Fernandes Oliveira,eliane.fernandes.oliveira9673@email.com,Feminino,BR
9674,Matheus Rezende Moreira,matheus.rezende.moreira9674@email.com,Masculino,BR
9675,Adriana Nascimento Coelho,adriana.nascimento.coelho9675@email.com,Feminino,BR
9676,Wagner Morais Nascimento,wagner.morais.nascimento9676@email.com,Masculino,BR
9677,Maria Duarte Ribeiro,maria.duarte.ribeiro9677@email.com,Feminino,BR
9678,Daniel Barros Castro,daniel.barros.castro9678@email.com,Masculino,BR
9679,Sabrina Guimaraes Barros,sabrina.guimaraes.barros9679@email.com,Feminino,BR
9680,Caio Coelho Nunes,caio.coelho.nunes9680@email.com,Masculino,BR
9681,Simone Coelho Freitas,simone.coelho.freitas9681@email.com,Feminino,BR
9682,Felipe Melo Correia,felipe.melo.correia9682@email.com,Masculino,BR
9683,Priscila Reis Reis,priscila.reis.reis9683@email.com,Feminino,BR
9684,Igor Castro Pinheiro,igor.castro.pinheiro9684@email.com,Masculino,BR
9685,Bruna Souza Melo,bruna.souza.melo9685@email.com,Feminino,BR
9686,Antonio Lima Azevedo,antonio.lima.azevedo9686@email.com,Masculino,BR
9687,Sabrina Gomes Santos,sabrina.gomes.santos9687@email.com,Feminino,BR
9688,Guilherme Fernandes Pires,guilherme.fernandes.pires9688@email.com,Masculino,BR
9689,Tatiane Lima Xavier,tatiane.lima.xavier9689@email.com,Feminino,BR
9690,Lucas Coelho Rodrigues,lucas.coelho.rodrigues9690@email.com,Masculino,BR
9691,Sabrina Macedo Matos,sabrina.macedo.matos9691@email.com,Feminino,BR
9692,Carlos Gomes Monteiro,carlos.gomes.monteiro9692@email.com,Masculino,BR
9693,Tatiana Fonseca Barros,tatiana.fonseca.barros9693@email.com,Feminino,BR
9694,Francisco Pereira Barros,francisco.pereira.barros9694@email.com,Masculino,BR
9695,Pamela Dias Pires,pamela.dias.pires9695@email.com,Feminino,BR
9696,Fernando Lopes Vasconcelos,fernando.lopes.vasconcelos9696@email.com,Masculino,BR
9697,Sandra Barros Carvalho,sandra.barros.carvalho9697@email.com,Feminino,BR
9698,Eduardo Dias Moreira,eduardo.dias.moreira9698@email.com,Masculino,BR
9699,Leticia Coelho Machado,leticia.coelho.machado9699@email.com,Feminino,BR
9700,Renato Silva Reis,renato.silva.reis9700@email.com,Masculino,BR
9701,Adriana Alves Carvalho,adriana.alves.carvalho9701@email.com,Feminino,BR
9702,João Tavares Silva,joão.tavares.silva9702@email.com,Masculino,BR
9703,Andrea Lima Freitas,andrea.lima.freitas9703@email.com,Feminino,BR
9704,André Barros Torres,andré.barros.torres9704@email.com,Masculino,BR
9705,Bianca Santos Ribeiro,bianca.santos.ribeiro9705@email.com,Feminino,BR
9706,Marcelo Souza Moreira,marcelo.souza.moreira9706@email.com,Masculino,BR
9707,Beatriz Freitas Mendes,beatriz.freitas.mendes9707@email.com,Feminino,BR
9708,Thiago Oliveira Mendes,thiago.oliveira.mendes9708@email.com,Masculino,BR
9709,Patricia Vasconcelos Melo,patricia.vasconcelos.melo9709@email.com,Feminino,BR
9710,Thiago Carvalho Ferreira,thiago.carvalho.ferreira9710@email.com,Masculino,BR
9711,Andrea Oliveira Matos,andrea.oliveira.matos9711@email.com,Feminino,BR
9712,Paulo Lopes Azevedo,paulo.lopes.azevedo9712@email.com,Masculino,BR
9713,Beatriz Silva Nunes,beatriz.silva.nunes9713@email.com,Feminino,BR
9714,Vinicius Pereira Santos,vinicius.pereira.santos9714@email.com,Masculino,BR
9715,Fernanda Correia Nascimento,fernanda.correia.nascimento9715@email.com,Feminino,BR
9716,Antonio Nascimento Fonseca,antonio.nascimento.fonseca9716@email.com,Masculino,BR
9717,Sabrina Alves Duarte,sabrina.alves.duarte9717@email.com,Feminino,BR
9718,Marcos Martins Nunes,marcos.martins.nunes9718@email.com,Masculino,BR
9719,Carla Macedo Araujo,carla.macedo.araujo9719@email.com,Feminino,BR
9720,Rafael Vasconcelos Pereira,rafael.vasconcelos.pereira9720@email.com,Masculino,BR
9721,Fernanda Guimaraes Machado,fernanda.guimaraes.machado9721@email.com,Feminino,BR
9722,Cesar Monteiro Alves,cesar.monteiro.alves9722@email.com,Masculino,BR
9723,Isabela Rocha Coelho,isabela.rocha.coelho9723@email.com,Feminino,BR
9724,Vinicius Castro Azevedo,vinicius.castro.azevedo9724@email.com,Masculino,BR
9725,Ana Fonseca Matos,ana.fonseca.matos9725@email.com,Feminino,BR
9726,Rafael Machado Rocha,rafael.machado.rocha9726@email.com,Masculino,BR
9727,Daniela Mendes Duarte,daniela.mendes.duarte9727@email.com,Feminino,BR
9728,Matheus Dias Ribeiro,matheus.dias.ribeiro9728@email.com,Masculino,BR
9729,Vanessa Campos Ferreira,vanessa.campos.ferreira9729@email.com,Feminino,BR
9730,Antonio Reis Monteiro,antonio.reis.monteiro9730@email.com,Masculino,BR
9731,Isabela Ribeiro Barbosa,isabela.ribeiro.barbosa9731@email.com,Feminino,BR
9732,João Mendes Reis,joão.mendes.reis9732@email.com,Masculino,BR
9733,Tatiana Ribeiro Cunha,tatiana.ribeiro.cunha9733@email.com,Feminino,BR
9734,Lucas Alves Castro,lucas.alves.castro9734@email.com,Masculino,BR
9735,Andrea Costa Oliveira,andrea.costa.oliveira9735@email.com,Feminino,BR
9736,André Monteiro Rodrigues,andré.monteiro.rodrigues9736@email.com,Masculino,BR
9737,Fabiana Ramos Alves,fabiana.ramos.alves9737@email.com,Feminino,BR
9738,Alexandre Dias Costa,alexandre.dias.costa9738@email.com,Masculino,BR
9739,Thais Silva Rocha,thais.silva.rocha9739@email.com,Feminino,BR
9740,Marcelo Moreira Lopes,marcelo.moreira.lopes9740@email.com,Masculino,BR
9741,Mariana Costa Rocha,mariana.costa.rocha9741@email.com,Feminino,BR
9742,Carlos Oliveira Tavares,carlos.oliveira.tavares9742@email.com,Masculino,BR
9743,Monica Macedo Xavier,monica.macedo.xavier9743@email.com,Feminino,BR
9744,Gustavo Moreira Fernandes,gustavo.moreira.fernandes9744@email.com,Masculino,BR
9745,Bianca Matos Souza,bianca.matos.souza9745@email.com,Feminino,BR
9746,Ricardo Duarte Campos,ricardo.duarte.campos9746@email.com,Masculino,BR
9747,Renata Cunha Castro,renata.cunha.castro9747@email.com,Feminino,BR
9748,Mauricio Santos Silva,mauricio.santos.silva9748@email.com,Masculino,BR
9749,Monica Azevedo Machado,monica.azevedo.machado9749@email.com,Feminino,BR
9750,Wagner Cardoso Santos,wagner.cardoso.santos9750@email.com,Masculino,BR
9751,Fernanda Alves Rezende,fernanda.alves.rezende9751@email.com,Feminino,BR
9752,Gustavo Souza Teixeira,gustavo.souza.teixeira9752@email.com,Masculino,BR
9753,Eliane Silva Santos,eliane.silva.santos9753@email.com,Feminino,BR
9754,Caio Dias Guimaraes,caio.dias.guimaraes9754@email.com,Masculino,BR
9755,Bruna Ferreira Gomes,bruna.ferreira.gomes9755@email.com,Feminino,BR
9756,Carlos Vasconcelos Lopes,carlos.vasconcelos.lopes9756@email.com,Masculino,BR
9757,Mariana Martins Ferreira,mariana.martins.ferreira9757@email.com,Feminino,BR
9758,Lucas Dias Castro,lucas.dias.castro9758@email.com,Masculino,BR
9759,Daniela Duarte Oliveira,daniela.duarte.oliveira9759@email.com,Feminino,BR
9760,Jose Machado Pereira,jose.machado.pereira9760@email.com,Masculino,BR
9761,Daniela Rezende Rocha,daniela.rezende.rocha9761@email.com,Feminino,BR
9762,Daniel Lima Santos,daniel.lima.santos9762@email.com,Masculino,BR
9763,Adriana Cardoso Correia,adriana.cardoso.correia9763@email.com,Feminino,BR
9764,Vinicius Pinheiro Cunha,vinicius.pinheiro.cunha9764@email.com,Masculino,BR
9765,Larissa Rezende Lima,larissa.rezende.lima9765@email.com,Feminino,BR
9766,Sergio Martins Pires,sergio.martins.pires9766@email.com,Masculino,BR
9767,Patricia Machado Reis,patricia.machado.reis9767@email.com,Feminino,BR
9768,João Azevedo Mendes,joão.azevedo.mendes9768@email.com,Masculino,BR
9769,Raquel Araujo Cunha,raquel.araujo.cunha9769@email.com,Feminino,BR
9770,Roberto Rocha Torres,roberto.rocha.torres9770@email.com,Masculino,BR
9771,Cristina Coelho Monteiro,cristina.coelho.monteiro9771@email.com,Feminino,BR
9772,Rodrigo Melo Xavier,rodrigo.melo.xavier9772@email.com,Masculino,BR
9773,Beatriz Ribeiro Campos,beatriz.ribeiro.campos9773@email.com,Feminino,BR
9774,Rafael Ferreira Vasconcelos,rafael.ferreira.vasconcelos9774@email.com,Masculino,BR
9775,Carolina Silva Rocha,carolina.silva.rocha9775@email.com,Feminino,BR
9776,Igor Ribeiro Dias,igor.ribeiro.dias9776@email.com,Masculino,BR
9777,Rosana Nunes Coelho,rosana.nunes.coelho9777@email.com,Feminino,BR
9778,Bruno Rocha Matos,bruno.rocha.matos9778@email.com,Masculino,BR
9779,Ana Fonseca Nunes,ana.fonseca.nunes9779@email.com,Feminino,BR
9780,Leandro Pinheiro Torres,leandro.pinheiro.torres9780@email.com,Masculino,BR
9781,Jessica Fernandes Reis,jessica.fernandes.reis9781@email.com,Feminino,BR
9782,Fernando Ribeiro Rodrigues,fernando.ribeiro.rodrigues9782@email.com,Masculino,BR
9783,Andrea Santos Dias,andrea.santos.dias9783@email.com,Feminino,BR
9784,Daniel Cunha Vasconcelos,daniel.cunha.vasconcelos9784@email.com,Masculino,BR
9785,Sandra Cardoso Alves,sandra.cardoso.alves9785@email.com,Feminino,BR
9786,Eduardo Souza Machado,eduardo.souza.machado9786@email.com,Masculino,BR
9787,Bianca Ferreira Vasconcelos,bianca.ferreira.vasconcelos9787@email.com,Feminino,BR
9788,Caio Tavares Torres,caio.tavares.torres9788@email.com,Masculino,BR
9789,Raquel Matos Pires,raquel.matos.pires9789@email.com,Feminino,BR
9790,Pedro Brito Souza,pedro.brito.souza9790@email.com,Masculino,BR
9791,Sabrina Freitas Torres,sabrina.freitas.torres9791@email.com,Feminino,BR
9792,Paulo Fonseca Castro,paulo.fonseca.castro9792@email.com,Masculino,BR
9793,Sandra Lima Rodrigues,sandra.lima.rodrigues9793@email.com,Feminino,BR
9794,Carlos Souza Alves,carlos.souza.alves9794@email.com,Masculino,BR
9795,Amanda Duarte Siqueira,amanda.duarte.siqueira9795@email.com,Feminino,BR
9796,Felipe Cardoso Castro,felipe.cardoso.castro9796@email.com,Masculino,BR
9797,Rosana Reis Ferreira,rosana.reis.ferreira9797@email.com,Feminino,BR
9798,Thiago Fernandes Ramos,thiago.fernandes.ramos9798@email.com,Masculino,BR
9799,Gisele Moreira Coelho,gisele.moreira.coelho9799@email.com,Feminino,BR
9800,Rodrigo Matos Tavares,rodrigo.matos.tavares9800@email.com,Masculino,BR
9801,Gisele Cunha Mendes,gisele.cunha.mendes9801@email.com,Feminino,BR
9802,Fernando Pires Ramos,fernando.pires.ramos9802@email.com,Masculino,BR
9803,Aline Brito Cunha,aline.brito.cunha9803@email.com,Feminino,BR
9804,Gabriel Dias Azevedo,gabriel.dias.azevedo9804@email.com,Masculino,BR
9805,Daniela Costa Silva,daniela.costa.silva9805@email.com,Feminino,BR
9806,Jose Moura Nunes,jose.moura.nunes9806@email.com,Masculino,BR
9807,Raquel Azevedo Mendes,raquel.azevedo.mendes9807@email.com,Feminino,BR
9808,Pedro Barros Pinheiro,pedro.barros.pinheiro9808@email.com,Masculino,BR
9809,Cristina Lopes Torres,cristina.lopes.torres9809@email.com,Feminino,BR
9810,Rafael Ferreira Duarte,rafael.ferreira.duarte9810@email.com,Masculino,BR
9811,Larissa Duarte Oliveira,larissa.duarte.oliveira9811@email.com,Feminino,BR
9812,Antonio Barbosa Guimaraes,antonio.barbosa.guimaraes9812@email.com,Masculino,BR
9813,Eliane Souza Ferreira,eliane.souza.ferreira9813@email.com,Feminino,BR
9814,Guilherme Monteiro Oliveira,guilherme.monteiro.oliveira9814@email.com,Masculino,BR
9815,Fernanda Moreira Duarte,fernanda.moreira.duarte9815@email.com,Feminino,BR
9816,Francisco Torres Macedo,francisco.torres.macedo9816@email.com,Masculino,BR
9817,Renata Moreira Tavares,renata.moreira.tavares9817@email.com,Feminino,BR
9818,Gabriel Reis Gomes,gabriel.reis.gomes9818@email.com,Masculino,BR
9819,Simone Carvalho Nunes,simone.carvalho.nunes9819@email.com,Feminino,BR
9820,Marcelo Nunes Barros,marcelo.nunes.barros9820@email.com,Masculino,BR
9821,Luciana Nunes Lopes,luciana.nunes.lopes9821@email.com,Feminino,BR
9822,Carlos Barros Martins,carlos.barros.martins9822@email.com,Masculino,BR
9823,Larissa Carvalho Duarte,larissa.carvalho.duarte9823@email.com,Feminino,BR
9824,Francisco Cunha Cardoso,francisco.cunha.cardoso9824@email.com,Masculino,BR
9825,Sabrina Ramos Ribeiro,sabrina.ramos.ribeiro9825@email.com,Feminino,BR
9826,Rafael Correia Melo,rafael.correia.melo9826@email.com,Masculino,BR
9827,Maria Martins Pereira,maria.martins.pereira9827@email.com,Feminino,BR
9828,Thiago Gomes Pinheiro,thiago.gomes.pinheiro9828@email.com,Masculino,BR
9829,Pamela Brito Pinheiro,pamela.brito.pinheiro9829@email.com,Feminino,BR
9830,Rafael Silva Freitas,rafael.silva.freitas9830@email.com,Masculino,BR
9831,Monica Silva Dias,monica.silva.dias9831@email.com,Feminino,BR
9832,Marcos Silva Costa,marcos.silva.costa9832@email.com,Masculino,BR
9833,Ana Santos Pires,ana.santos.pires9833@email.com,Feminino,BR
9834,Francisco Rodrigues Araujo,francisco.rodrigues.araujo9834@email.com,Masculino,BR
9835,Leticia Pinheiro Correia,leticia.pinheiro.correia9835@email.com,Feminino,BR
9836,Leonardo Azevedo Araujo,leonardo.azevedo.araujo9836@email.com,Masculino,BR
9837,Rosana Lima Guimaraes,rosana.lima.guimaraes9837@email.com,Feminino,BR
9838,João Silva Moura,joão.silva.moura9838@email.com,Masculino,BR
9839,Fabiana Duarte Macedo,fabiana.duarte.macedo9839@email.com,Feminino,BR
9840,Sergio Ferreira Lima,sergio.ferreira.lima9840@email.com,Masculino,BR
9841,Adriana Lima Moreira,adriana.lima.moreira9841@email.com,Feminino,BR
9842,João Santos Fonseca,joão.santos.fonseca9842@email.com,Masculino,BR
9843,Camila Rodrigues Duarte,camila.rodrigues.duarte9843@email.com,Feminino,BR
9844,Rafael Torres Araujo,rafael.torres.araujo9844@email.com,Masculino,BR
9845,Beatriz Brito Rezende,beatriz.brito.rezende9845@email.com,Feminino,BR
9846,André Azevedo Pinheiro,andré.azevedo.pinheiro9846@email.com,Masculino,BR
9847,Rosana Brito Castro,rosana.brito.castro9847@email.com,Feminino,BR
9848,Sergio Matos Azevedo,sergio.matos.azevedo9848@email.com,Masculino,BR
9849,Andrea Oliveira Rodrigues,andrea.oliveira.rodrigues9849@email.com,Feminino,BR
9850,João Castro Xavier,joão.castro.xavier9850@email.com,Masculino,BR
9851,Monica Monteiro Castro,monica.monteiro.castro9851@email.com,Feminino,BR
9852,Bruno Melo Pires,bruno.melo.pires9852@email.com,Masculino,BR
9853,Luciana Machado Mendes,luciana.machado.mendes9853@email.com,Feminino,BR
9854,Alexandre Araujo Oliveira,alexandre.araujo.oliveira9854@email.com,Masculino,BR
9855,Fernanda Santos Tavares,fernanda.santos.tavares9855@email.com,Feminino,BR
9856,Mauricio Barros Nunes,mauricio.barros.nunes9856@email.com,Masculino,BR
9857,Cristina Araujo Ramos,cristina.araujo.ramos9857@email.com,Feminino,BR
9858,Felipe Alves Matos,felipe.alves.matos9858@email.com,Masculino,BR
9859,Priscila Lopes Ferreira,priscila.lopes.ferreira9859@email.com,Feminino,BR
9860,Lucas Moura Ferreira,lucas.moura.ferreira9860@email.com,Masculino,BR
9861,Simone Ferreira Siqueira,simone.ferreira.siqueira9861@email.com,Feminino,BR
9862,Wagner Pires Vasconcelos,wagner.pires.vasconcelos9862@email.com,Masculino,BR
9863,Carla Nascimento Mendes,carla.nascimento.mendes9863@email.com,Feminino,BR
9864,Igor Barros Rocha,igor.barros.rocha9864@email.com,Masculino,BR
9865,Eliane Fernandes Monteiro,eliane.fernandes.monteiro9865@email.com,Feminino,BR
9866,Rafael Santos Gomes,rafael.santos.gomes9866@email.com,Masculino,BR
9867,Adriana Fernandes Melo,adriana.fernandes.melo9867@email.com,Feminino,BR
9868,João Pereira Campos,joão.pereira.campos9868@email.com,Masculino,BR
9869,Tatiana Cardoso Coelho,tatiana.cardoso.coelho9869@email.com,Feminino,BR
9870,Gustavo Nunes Cunha,gustavo.nunes.cunha9870@email.com,Masculino,BR
9871,Bianca Santos Lopes,bianca.santos.lopes9871@email.com,Feminino,BR
9872,Diego Rodrigues Duarte,diego.rodrigues.duarte9872@email.com,Masculino,BR
9873,Claudia Tavares Mendes,claudia.tavares.mendes9873@email.com,Feminino,BR
9874,Rodrigo Fonseca Correia,rodrigo.fonseca.correia9874@email.com,Masculino,BR
9875,Sabrina Moreira Ramos,sabrina.moreira.ramos9875@email.com,Feminino,BR
9876,Renato Rocha Correia,renato.rocha.correia9876@email.com,Masculino,BR
9877,Fernanda Alves Costa,fernanda.alves.costa9877@email.com,Feminino,BR
9878,Rafael Souza Nunes,rafael.souza.nunes9878@email.com,Masculino,BR
9879,Ana Fernandes Souza,ana.fernandes.souza9879@email.com,Feminino,BR
9880,Marcelo Ferreira Nascimento,marcelo.ferreira.nascimento9880@email.com,Masculino,BR
9881,Aline Rocha Souza,aline.rocha.souza9881@email.com,Feminino,BR
9882,Eduardo Barros Lopes,eduardo.barros.lopes9882@email.com,Masculino,BR
9883,Claudia Macedo Barbosa,claudia.macedo.barbosa9883@email.com,Feminino,BR
9884,João Rocha Moreira,joão.rocha.moreira9884@email.com,Masculino,BR
9885,Isabela Oliveira Moura,isabela.oliveira.moura9885@email.com,Feminino,BR
9886,Paulo Barros Pereira,paulo.barros.pereira9886@email.com,Masculino,BR
9887,Pamela Mendes Nascimento,pamela.mendes.nascimento9887@email.com,Feminino,BR
9888,Diego Souza Azevedo,diego.souza.azevedo9888@email.com,Masculino,BR
9889,Cristina Xavier Freitas,cristina.xavier.freitas9889@email.com,Feminino,BR
9890,André Cunha Monteiro,andré.cunha.monteiro9890@email.com,Masculino,BR
9891,Mariana Carvalho Freitas,mariana.carvalho.freitas9891@email.com,Feminino,BR
9892,Caio Santos Silva,caio.santos.silva9892@email.com,Masculino,BR
9893,Leticia Ferreira Martins,leticia.ferreira.martins9893@email.com,Feminino,BR
9894,Cesar Alves Macedo,cesar.alves.macedo9894@email.com,Masculino,BR
9895,Tatiane Souza Pires,tatiane.souza.pires9895@email.com,Feminino,BR
9896,Igor Alves Pires,igor.alves.pires9896@email.com,Masculino,BR
9897,Larissa Brito Cunha,larissa.brito.cunha9897@email.com,Feminino,BR
9898,Ricardo Morais Ribeiro,ricardo.morais.ribeiro9898@email.com,Masculino,BR
9899,Simone Freitas Duarte,simone.freitas.duarte9899@email.com,Feminino,BR
9900,Pedro Barbosa Siqueira,pedro.barbosa.siqueira9900@email.com,Masculino,BR
9901,Carolina Lima Oliveira,carolina.lima.oliveira9901@email.com,Feminino,BR
9902,Roberto Azevedo Tavares,roberto.azevedo.tavares9902@email.com,Masculino,BR
9903,Vanessa Carvalho Costa,vanessa.carvalho.costa9903@email.com,Feminino,BR
9904,Henrique Ramos Cunha,henrique.ramos.cunha9904@email.com,Masculino,BR
9905,Ana Costa Ferreira,ana.costa.ferreira9905@email.com,Feminino,BR
9906,Gabriel Pires Araujo,gabriel.pires.araujo9906@email.com,Masculino,BR
9907,Fabiana Rocha Azevedo,fabiana.rocha.azevedo9907@email.com,Feminino,BR
9908,Bruno Santos Ferreira,bruno.santos.ferreira9908@email.com,Masculino,BR
9909,Vanessa Gomes Souza,vanessa.gomes.souza9909@email.com,Feminino,BR
9910,Sergio Pinheiro Morais,sergio.pinheiro.morais9910@email.com,Masculino,BR
9911,Luciana Pereira Freitas,luciana.pereira.freitas9911@email.com,Feminino,BR
9912,Bruno Souza Santos,bruno.souza.santos9912@email.com,Masculino,BR
9913,Adriana Castro Correia,adriana.castro.correia9913@email.com,Feminino,BR
9914,Fabio Silva Rezende,fabio.silva.rezende9914@email.com,Masculino,BR
9915,Luciana Ramos Coelho,luciana.ramos.coelho9915@email.com,Feminino,BR
9916,Diego Carvalho Torres,diego.carvalho.torres9916@email.com,Masculino,BR
9917,Adriana Monteiro Rodrigues,adriana.monteiro.rodrigues9917@email.com,Feminino,BR
9918,Carlos Monteiro Vasconcelos,carlos.monteiro.vasconcelos9918@email.com,Masculino,BR
9919,Vanessa Rocha Lopes,vanessa.rocha.lopes9919@email.com,Feminino,BR
9920,Matheus Carvalho Melo,matheus.carvalho.melo9920@email.com,Masculino,BR
9921,Raquel Rodrigues Torres,raquel.rodrigues.torres9921@email.com,Feminino,BR
9922,Pedro Alves Guimaraes,pedro.alves.guimaraes9922@email.com,Masculino,BR
9923,Camila Teixeira Araujo,camila.teixeira.araujo9923@email.com,Feminino,BR
9924,João Campos Rezende,joão.campos.rezende9924@email.com,Masculino,BR
9925,Tatiana Matos Monteiro,tatiana.matos.monteiro9925@email.com,Feminino,BR
9926,Antonio Melo Rocha,antonio.melo.rocha9926@email.com,Masculino,BR
9927,Adriana Araujo Freitas,adriana.araujo.freitas9927@email.com,Feminino,BR
9928,Rafael Cunha Ferreira,rafael.cunha.ferreira9928@email.com,Masculino,BR
9929,Pamela Cunha Castro,pamela.cunha.castro9929@email.com,Feminino,BR
9930,Thiago Martins Cardoso,thiago.martins.cardoso9930@email.com,Masculino,BR
9931,Amanda Pinheiro Brito,amanda.pinheiro.brito9931@email.com,Feminino,BR
9932,Gabriel Torres Azevedo,gabriel.torres.azevedo9932@email.com,Masculino,BR
9933,Vanessa Moreira Lopes,vanessa.moreira.lopes9933@email.com,Feminino,BR
9934,João Barros Moreira,joão.barros.moreira9934@email.com,Masculino,BR
9935,Bianca Correia Fernandes,bianca.correia.fernandes9935@email.com,Feminino,BR
9936,Alexandre Freitas Nascimento,alexandre.freitas.nascimento9936@email.com,Masculino,BR
9937,Carolina Rocha Melo,carolina.rocha.melo9937@email.com,Feminino,BR
9938,Gabriel Nunes Pereira,gabriel.nunes.pereira9938@email.com,Masculino,BR
9939,Andrea Lopes Cunha,andrea.lopes.cunha9939@email.com,Feminino,BR
9940,Marcelo Lopes Barros,marcelo.lopes.barros9940@email.com,Masculino,BR
9941,Sabrina Xavier Guimaraes,sabrina.xavier.guimaraes9941@email.com,Feminino,BR
9942,Rodrigo Machado Azevedo,rodrigo.machado.azevedo9942@email.com,Masculino,BR
9943,Camila Siqueira Martins,camila.siqueira.martins9943@email.com,Feminino,BR
9944,Mauricio Costa Morais,mauricio.costa.morais9944@email.com,Masculino,BR
9945,Tatiana Campos Silva,tatiana.campos.silva9945@email.com,Feminino,BR
9946,Carlos Cunha Alves,carlos.cunha.alves9946@email.com,Masculino,BR
9947,Aline Monteiro Barros,aline.monteiro.barros9947@email.com,Feminino,BR
9948,Sergio Machado Monteiro,sergio.machado.monteiro9948@email.com,Masculino,BR
9949,Isabela Souza Araujo,isabela.souza.araujo9949@email.com,Feminino,BR
9950,Diego Nunes Fernandes,diego.nunes.fernandes9950@email.com,Masculino,BR
9951,Tatiana Monteiro Costa,tatiana.monteiro.costa9951@email.com,Feminino,BR
9952,Leandro Matos Cunha,leandro.matos.cunha9952@email.com,Masculino,BR
9953,Daniela Pires Rocha,daniela.pires.rocha9953@email.com,Feminino,BR
9954,Felipe Rocha Ferreira,felipe.rocha.ferreira9954@email.com,Masculino,BR
9955,Monica Xavier Morais,monica.xavier.morais9955@email.com,Feminino,BR
9956,Guilherme Reis Mendes,guilherme.reis.mendes9956@email.com,Masculino,BR
9957,Claudia Pinheiro Coelho,claudia.pinheiro.coelho9957@email.com,Feminino,BR
9958,Paulo Martins Freitas,paulo.martins.freitas9958@email.com,Masculino,BR
9959,Adriana Duarte Xavier,adriana.duarte.xavier9959@email.com,Feminino,BR
9960,Daniel Santos Moreira,daniel.santos.moreira9960@email.com,Masculino,BR
9961,Sabrina Fernandes Barbosa,sabrina.fernandes.barbosa9961@email.com,Feminino,BR
9962,Bruno Macedo Lima,bruno.macedo.lima9962@email.com,Masculino,BR
9963,Amanda Siqueira Correia,amanda.siqueira.correia9963@email.com,Feminino,BR
9964,Cesar Rezende Macedo,cesar.rezende.macedo9964@email.com,Masculino,BR
9965,Renata Castro Pires,renata.castro.pires9965@email.com,Feminino,BR
9966,Bruno Moura Rocha,bruno.moura.rocha9966@email.com,Masculino,BR
9967,Bruna Araujo Silva,bruna.araujo.silva9967@email.com,Feminino,BR
9968,Guilherme Carvalho Monteiro,guilherme.carvalho.monteiro9968@email.com,Masculino,BR
9969,Cristina Teixeira Brito,cristina.teixeira.brito9969@email.com,Feminino,BR
9970,Mauricio Xavier Barbosa,mauricio.xavier.barbosa9970@email.com,Masculino,BR
9971,Aline Barros Fernandes,aline.barros.fernandes9971@email.com,Feminino,BR
9972,Daniel Matos Pereira,daniel.matos.pereira9972@email.com,Masculino,BR
9973,Fabiana Moura Nunes,fabiana.moura.nunes9973@email.com,Feminino,BR
9974,Mauricio Fernandes Cunha,mauricio.fernandes.cunha9974@email.com,Masculino,BR
9975,Gisele Santos Moreira,gisele.santos.moreira9975@email.com,Feminino,BR
9976,Leonardo Mendes Macedo,leonardo.mendes.macedo9976@email.com,Masculino,BR
9977,Ana Freitas Melo,ana.freitas.melo9977@email.com,Feminino,BR
9978,Lucas Torres Alves,lucas.torres.alves9978@email.com,Masculino,BR
9979,Juliana Ribeiro Ferreira,juliana.ribeiro.ferreira9979@email.com,Feminino,BR
9980,Thiago Torres Campos,thiago.torres.campos9980@email.com,Masculino,BR
9981,Raquel Gomes Siqueira,raquel.gomes.siqueira9981@email.com,Feminino,BR
9982,Vinicius Ferreira Fernandes,vinicius.ferreira.fernandes9982@email.com,Masculino,BR
9983,Vanessa Araujo Santos,vanessa.araujo.santos9983@email.com,Feminino,BR
9984,Felipe Correia Moreira,felipe.correia.moreira9984@email.com,Masculino,BR
9985,Fernanda Monteiro Guimaraes,fernanda.monteiro.guimaraes9985@email.com,Feminino,BR
9986,Francisco Ramos Silva,francisco.ramos.silva9986@email.com,Masculino,BR
9987,Priscila Rezende Rocha,priscila.rezende.rocha9987@email.com,Feminino,BR
9988,Lucas Correia Matos,lucas.correia.matos9988@email.com,Masculino,BR
9989,Aline Rodrigues Costa,aline.rodrigues.costa9989@email.com,Feminino,BR
9990,Roberto Gomes Martins,roberto.gomes.martins9990@email.com,Masculino,BR
9991,Fernanda Nascimento Gomes,fernanda.nascimento.gomes9991@email.com,Feminino,BR
9992,Lucas Tavares Lopes,lucas.tavares.lopes9992@email.com,Masculino,BR
9993,Tatiane Torres Fonseca,tatiane.torres.fonseca9993@email.com,Feminino,BR
9994,Cesar Tavares Costa,cesar.tavares.costa9994@email.com,Masculino,BR
9995,Camila Ferreira Fernandes,camila.ferreira.fernandes9995@email.com,Feminino,BR
9996,Vinicius Oliveira Silva,vinicius.oliveira.silva9996@email.com,Masculino,BR
9997,Tatiana Monteiro Machado,tatiana.monteiro.machado9997@email.com,Feminino,BR
9998,Felipe Araujo Alves,felipe.araujo.alves9998@email.com,Masculino,BR
9999,Pamela Pinheiro Alves,pamela.pinheiro.alves9999@email.com,Feminino,BR
10000,Mauricio Torres Azevedo,mauricio.torres.azevedo10000@email.com,Masculino,BR
